resident_id,community_id,month,activities_attended,unique_activity_types,service_requests,satisfaction_score,engagement_level
R00001,C001,2026-01-01,6,4,0,4.0,Medium
R00001,C001,2026-02-01,4,3,1,3.3,Medium
R00001,C001,2026-03-01,5,2,0,3.6,Medium
R00001,C001,2026-04-01,3,4,0,3.6,Low
R00001,C001,2026-05-01,7,4,0,3.8,High
R00001,C001,2026-06-01,5,3,1,3.8,Medium
R00002,C001,2026-01-01,1,1,1,4.8,Low
R00002,C001,2026-02-01,3,3,1,4.1,Low
R00002,C001,2026-03-01,0,0,0,2.9,Low
R00002,C001,2026-04-01,3,3,0,2.8,Low
R00002,C001,2026-05-01,2,2,2,2.9,Low
R00002,C001,2026-06-01,1,1,1,3.8,Low
R00003,C001,2026-01-01,6,4,2,2.6,Medium
R00003,C001,2026-02-01,6,4,1,4.0,Medium
R00003,C001,2026-03-01,5,4,2,3.8,Medium
R00003,C001,2026-04-01,5,4,2,4.5,Medium
R00003,C001,2026-05-01,6,4,2,3.9,Medium
R00003,C001,2026-06-01,5,5,1,3.8,Medium
R00004,C001,2026-01-01,3,2,1,3.1,Low
R00004,C001,2026-02-01,4,3,0,3.0,Medium
R00004,C001,2026-03-01,3,5,0,4.0,Low
R00004,C001,2026-04-01,2,1,2,3.1,Low
R00004,C001,2026-05-01,4,4,0,3.5,Medium
R00004,C001,2026-06-01,4,5,1,4.6,Medium
R00005,C001,2026-01-01,4,4,0,3.1,Medium
R00005,C001,2026-02-01,3,1,1,3.9,Low
R00005,C001,2026-03-01,2,1,2,3.9,Low
R00005,C001,2026-04-01,3,4,0,5.0,Low
R00005,C001,2026-05-01,3,3,1,3.9,Low
R00005,C001,2026-06-01,3,3,1,3.8,Low
R00006,C001,2026-01-01,3,2,0,3.8,Low
R00006,C001,2026-02-01,1,2,0,4.1,Low
R00006,C001,2026-03-01,2,2,1,4.0,Low
R00006,C001,2026-04-01,3,3,0,4.8,Low
R00006,C001,2026-05-01,1,0,0,3.3,Low
R00006,C001,2026-06-01,3,3,2,4.0,Low
R00007,C001,2026-01-01,2,2,4,3.1,Low
R00007,C001,2026-02-01,4,3,2,4.1,Medium
R00007,C001,2026-03-01,4,2,3,3.7,Medium
R00007,C001,2026-04-01,2,2,2,3.7,Low
R00007,C001,2026-05-01,4,3,4,3.8,Medium
R00007,C001,2026-06-01,5,4,1,4.4,Medium
R00008,C001,2026-01-01,5,2,0,3.9,Medium
R00008,C001,2026-02-01,3,2,2,3.4,Low
R00008,C001,2026-03-01,2,2,0,4.9,Low
R00008,C001,2026-04-01,4,5,2,4.2,Medium
R00008,C001,2026-05-01,2,2,1,3.7,Low
R00008,C001,2026-06-01,3,1,0,3.6,Low
R00009,C001,2026-01-01,6,5,1,4.9,Medium
R00009,C001,2026-02-01,3,3,1,4.1,Low
R00009,C001,2026-03-01,0,0,0,2.1,Low
R00009,C001,2026-04-01,2,3,0,4.3,Low
R00009,C001,2026-05-01,5,2,2,3.8,Medium
R00009,C001,2026-06-01,4,4,1,3.9,Medium
R00010,C001,2026-01-01,6,4,1,3.8,Medium
R00010,C001,2026-02-01,6,4,3,4.8,Medium
R00010,C001,2026-03-01,7,3,3,3.8,High
R00010,C001,2026-04-01,8,5,1,4.3,High
R00010,C001,2026-05-01,7,4,1,4.2,High
R00010,C001,2026-06-01,7,3,4,3.7,High
R00011,C001,2026-01-01,5,3,1,3.8,Medium
R00011,C001,2026-02-01,6,4,0,5.0,Medium
R00011,C001,2026-03-01,6,3,0,4.6,Medium
R00011,C001,2026-04-01,6,5,3,3.7,Medium
R00011,C001,2026-05-01,3,4,1,3.5,Low
R00011,C001,2026-06-01,5,3,0,4.1,Medium
R00012,C001,2026-01-01,5,3,0,4.1,Medium
R00012,C001,2026-02-01,5,4,2,3.9,Medium
R00012,C001,2026-03-01,7,3,2,4.2,High
R00012,C001,2026-04-01,5,2,0,4.5,Medium
R00012,C001,2026-05-01,2,1,1,3.6,Low
R00012,C001,2026-06-01,6,4,1,3.9,Medium
R00013,C001,2026-01-01,7,3,2,3.3,High
R00013,C001,2026-02-01,9,3,1,5.0,High
R00013,C001,2026-03-01,8,4,3,3.8,High
R00013,C001,2026-04-01,7,4,0,4.7,High
R00013,C001,2026-05-01,9,5,1,4.9,High
R00013,C001,2026-06-01,10,4,2,5.0,High
R00014,C001,2026-01-01,3,4,1,4.2,Low
R00014,C001,2026-02-01,1,0,2,2.1,Low
R00014,C001,2026-03-01,2,3,3,3.3,Low
R00014,C001,2026-04-01,3,2,2,2.6,Low
R00014,C001,2026-05-01,1,1,0,2.8,Low
R00014,C001,2026-06-01,3,3,2,3.4,Low
R00015,C001,2026-01-01,0,0,0,2.4,Low
R00015,C001,2026-02-01,0,0,1,1.8,Low
R00015,C001,2026-03-01,1,2,0,3.3,Low
R00015,C001,2026-04-01,0,0,0,3.6,Low
R00015,C001,2026-05-01,0,0,1,2.8,Low
R00015,C001,2026-06-01,0,0,2,2.5,Low
R00016,C001,2026-01-01,2,0,0,3.0,Low
R00016,C001,2026-02-01,2,1,3,3.1,Low
R00016,C001,2026-03-01,2,1,2,2.8,Low
R00016,C001,2026-04-01,2,1,2,2.6,Low
R00016,C001,2026-05-01,3,3,0,3.4,Low
R00016,C001,2026-06-01,2,1,0,3.1,Low
R00017,C001,2026-01-01,3,2,2,3.8,Low
R00017,C001,2026-02-01,2,2,1,3.9,Low
R00017,C001,2026-03-01,2,2,1,2.6,Low
R00017,C001,2026-04-01,3,3,0,3.2,Low
R00017,C001,2026-05-01,1,1,1,3.2,Low
R00017,C001,2026-06-01,2,1,3,3.7,Low
R00018,C001,2026-01-01,5,4,0,4.1,Medium
R00018,C001,2026-02-01,4,5,0,4.1,Medium
R00018,C001,2026-03-01,4,4,0,4.1,Medium
R00018,C001,2026-04-01,4,4,2,4.9,Medium
R00018,C001,2026-05-01,4,5,1,4.4,Medium
R00018,C001,2026-06-01,4,2,2,3.7,Medium
R00019,C001,2026-01-01,5,3,2,3.6,Medium
R00019,C001,2026-02-01,5,2,1,3.6,Medium
R00019,C001,2026-03-01,6,4,1,4.9,Medium
R00019,C001,2026-04-01,4,3,3,3.3,Medium
R00019,C001,2026-05-01,3,3,1,3.7,Low
R00019,C001,2026-06-01,5,3,1,2.7,Medium
R00020,C001,2026-01-01,4,4,2,4.8,Medium
R00020,C001,2026-02-01,4,5,3,3.3,Medium
R00020,C001,2026-03-01,3,4,1,3.6,Low
R00020,C001,2026-04-01,2,0,2,2.4,Low
R00020,C001,2026-05-01,4,3,1,3.2,Medium
R00020,C001,2026-06-01,2,1,2,2.6,Low
R00021,C001,2026-01-01,0,0,1,2.7,Low
R00021,C001,2026-02-01,1,1,1,3.4,Low
R00021,C001,2026-03-01,1,1,1,4.7,Low
R00021,C001,2026-04-01,0,1,1,1.6,Low
R00021,C001,2026-05-01,0,0,0,2.4,Low
R00021,C001,2026-06-01,1,0,0,4.3,Low
R00022,C001,2026-01-01,2,1,1,3.5,Low
R00022,C001,2026-02-01,2,2,0,3.0,Low
R00022,C001,2026-03-01,2,1,3,2.7,Low
R00022,C001,2026-04-01,3,3,0,3.6,Low
R00022,C001,2026-05-01,1,2,2,2.8,Low
R00022,C001,2026-06-01,1,0,1,3.6,Low
R00023,C001,2026-01-01,4,5,3,3.8,Medium
R00023,C001,2026-02-01,3,1,0,4.1,Low
R00023,C001,2026-03-01,3,3,0,3.8,Low
R00023,C001,2026-04-01,4,4,2,2.8,Medium
R00023,C001,2026-05-01,6,5,1,4.1,Medium
R00023,C001,2026-06-01,5,4,0,2.8,Medium
R00024,C001,2026-01-01,0,0,1,3.8,Low
R00024,C001,2026-02-01,1,1,2,2.2,Low
R00024,C001,2026-03-01,1,1,0,3.7,Low
R00024,C001,2026-04-01,0,0,1,2.7,Low
R00024,C001,2026-05-01,1,1,0,3.4,Low
R00024,C001,2026-06-01,3,2,0,4.7,Low
R00025,C001,2026-01-01,5,4,0,4.7,Medium
R00025,C001,2026-02-01,6,4,3,4.3,Medium
R00025,C001,2026-03-01,4,3,2,4.0,Medium
R00025,C001,2026-04-01,6,4,1,3.5,Medium
R00025,C001,2026-05-01,4,5,5,3.9,Medium
R00025,C001,2026-06-01,5,4,0,3.8,Medium
R00026,C001,2026-01-01,0,1,1,3.3,Low
R00026,C001,2026-02-01,0,0,3,3.5,Low
R00026,C001,2026-03-01,1,1,2,2.9,Low
R00026,C001,2026-04-01,2,4,3,3.1,Low
R00026,C001,2026-05-01,2,1,0,3.4,Low
R00026,C001,2026-06-01,0,0,0,2.6,Low
R00027,C001,2026-01-01,0,0,1,3.6,Low
R00027,C001,2026-02-01,0,0,1,3.5,Low
R00027,C001,2026-03-01,1,1,2,2.9,Low
R00027,C001,2026-04-01,0,0,1,2.8,Low
R00027,C001,2026-05-01,0,0,2,2.7,Low
R00027,C001,2026-06-01,1,1,2,2.3,Low
R00028,C001,2026-01-01,6,5,0,3.3,Medium
R00028,C001,2026-02-01,4,4,1,3.3,Medium
R00028,C001,2026-03-01,6,2,0,4.3,Medium
R00028,C001,2026-04-01,7,5,1,4.1,High
R00028,C001,2026-05-01,6,5,0,4.4,Medium
R00028,C001,2026-06-01,6,4,4,4.1,Medium
R00029,C001,2026-01-01,4,4,1,4.0,Medium
R00029,C001,2026-02-01,4,4,0,4.6,Medium
R00029,C001,2026-03-01,5,2,2,4.3,Medium
R00029,C001,2026-04-01,7,3,3,4.3,High
R00029,C001,2026-05-01,5,4,0,4.2,Medium
R00029,C001,2026-06-01,5,3,1,3.8,Medium
R00030,C001,2026-01-01,3,2,0,4.6,Low
R00030,C001,2026-02-01,2,1,0,4.6,Low
R00030,C001,2026-03-01,1,0,2,3.3,Low
R00030,C001,2026-04-01,2,0,1,3.9,Low
R00030,C001,2026-05-01,3,2,1,2.8,Low
R00030,C001,2026-06-01,2,1,1,3.6,Low
R00031,C001,2026-01-01,0,1,3,3.1,Low
R00031,C001,2026-02-01,1,1,2,3.4,Low
R00031,C001,2026-03-01,2,2,1,3.7,Low
R00031,C001,2026-04-01,0,0,1,2.9,Low
R00031,C001,2026-05-01,0,0,1,2.9,Low
R00031,C001,2026-06-01,0,0,1,2.7,Low
R00032,C001,2026-01-01,3,2,0,5.0,Low
R00032,C001,2026-02-01,3,3,0,4.7,Low
R00032,C001,2026-03-01,4,1,0,3.8,Medium
R00032,C001,2026-04-01,3,2,0,3.3,Low
R00032,C001,2026-05-01,5,4,1,4.8,Medium
R00032,C001,2026-06-01,4,4,4,3.2,Medium
R00033,C001,2026-01-01,5,5,1,3.4,Medium
R00033,C001,2026-02-01,4,4,1,4.4,Medium
R00033,C001,2026-03-01,4,4,3,3.3,Medium
R00033,C001,2026-04-01,5,5,2,3.8,Medium
R00033,C001,2026-05-01,3,1,1,3.8,Low
R00033,C001,2026-06-01,6,5,3,3.7,Medium
R00034,C001,2026-01-01,4,4,2,3.9,Medium
R00034,C001,2026-02-01,4,2,2,3.7,Medium
R00034,C001,2026-03-01,6,2,0,4.5,Medium
R00034,C001,2026-04-01,4,4,1,3.1,Medium
R00034,C001,2026-05-01,3,2,0,3.8,Low
R00034,C001,2026-06-01,3,3,1,3.4,Low
R00035,C001,2026-01-01,2,4,4,3.0,Low
R00035,C001,2026-02-01,2,2,1,3.1,Low
R00035,C001,2026-03-01,2,0,1,3.1,Low
R00035,C001,2026-04-01,3,3,2,3.8,Low
R00035,C001,2026-05-01,5,3,0,3.6,Medium
R00035,C001,2026-06-01,3,3,2,3.2,Low
R00036,C001,2026-01-01,8,4,1,3.9,High
R00036,C001,2026-02-01,9,3,2,4.8,High
R00036,C001,2026-03-01,7,4,3,4.0,High
R00036,C001,2026-04-01,8,5,3,3.7,High
R00036,C001,2026-05-01,7,4,1,3.8,High
R00036,C001,2026-06-01,6,5,1,3.7,Medium
R00037,C001,2026-01-01,4,5,1,4.4,Medium
R00037,C001,2026-02-01,2,0,0,4.8,Low
R00037,C001,2026-03-01,1,0,1,4.6,Low
R00037,C001,2026-04-01,3,3,2,3.9,Low
R00037,C001,2026-05-01,3,3,0,3.6,Low
R00037,C001,2026-06-01,3,2,0,3.2,Low
R00038,C001,2026-01-01,5,4,0,3.6,Medium
R00038,C001,2026-02-01,3,3,0,3.2,Low
R00038,C001,2026-03-01,5,4,0,3.2,Medium
R00038,C001,2026-04-01,4,3,2,4.0,Medium
R00038,C001,2026-05-01,4,4,3,3.9,Medium
R00038,C001,2026-06-01,2,3,2,3.2,Low
R00039,C001,2026-01-01,4,5,1,4.2,Medium
R00039,C001,2026-02-01,5,3,0,4.0,Medium
R00039,C001,2026-03-01,6,5,1,5.0,Medium
R00039,C001,2026-04-01,3,3,0,3.7,Low
R00039,C001,2026-05-01,4,5,2,3.9,Medium
R00039,C001,2026-06-01,4,2,0,4.2,Medium
R00040,C001,2026-01-01,0,0,1,2.7,Low
R00040,C001,2026-02-01,2,1,3,3.6,Low
R00040,C001,2026-03-01,0,0,3,2.8,Low
R00040,C001,2026-04-01,3,3,1,3.3,Low
R00040,C001,2026-05-01,1,1,1,4.2,Low
R00040,C001,2026-06-01,1,2,2,2.5,Low
R00041,C001,2026-01-01,5,4,1,4.3,Medium
R00041,C001,2026-02-01,6,2,1,3.7,Medium
R00041,C001,2026-03-01,6,4,1,5.0,Medium
R00041,C001,2026-04-01,4,4,3,3.6,Medium
R00041,C001,2026-05-01,5,5,4,3.6,Medium
R00041,C001,2026-06-01,5,4,2,3.4,Medium
R00042,C001,2026-01-01,4,4,0,3.6,Medium
R00042,C001,2026-02-01,6,4,2,4.4,Medium
R00042,C001,2026-03-01,4,4,0,3.3,Medium
R00042,C001,2026-04-01,7,5,0,5.0,High
R00042,C001,2026-05-01,6,3,1,3.9,Medium
R00042,C001,2026-06-01,6,3,0,3.9,Medium
R00043,C001,2026-01-01,2,2,2,2.6,Low
R00043,C001,2026-02-01,3,1,3,2.4,Low
R00043,C001,2026-03-01,3,0,0,4.2,Low
R00043,C001,2026-04-01,3,3,0,3.1,Low
R00043,C001,2026-05-01,3,3,0,2.7,Low
R00043,C001,2026-06-01,6,2,1,4.2,Medium
R00044,C001,2026-01-01,8,2,1,4.5,High
R00044,C001,2026-02-01,7,5,3,4.8,High
R00044,C001,2026-03-01,5,4,2,3.7,Medium
R00044,C001,2026-04-01,7,2,1,3.8,High
R00044,C001,2026-05-01,5,4,0,4.3,Medium
R00044,C001,2026-06-01,6,3,0,4.8,Medium
R00045,C001,2026-01-01,1,2,0,3.5,Low
R00045,C001,2026-02-01,2,2,1,4.1,Low
R00045,C001,2026-03-01,4,5,3,3.9,Medium
R00045,C001,2026-04-01,2,1,1,2.8,Low
R00045,C001,2026-05-01,3,3,0,3.6,Low
R00045,C001,2026-06-01,2,2,0,4.0,Low
R00046,C001,2026-01-01,10,2,2,4.7,High
R00046,C001,2026-02-01,9,4,0,5.0,High
R00046,C001,2026-03-01,11,4,2,3.9,High
R00046,C001,2026-04-01,10,5,3,5.0,High
R00046,C001,2026-05-01,9,3,0,4.7,High
R00046,C001,2026-06-01,9,3,2,4.9,High
R00047,C001,2026-01-01,3,3,2,3.3,Low
R00047,C001,2026-02-01,3,2,3,2.3,Low
R00047,C001,2026-03-01,5,3,0,3.3,Medium
R00047,C001,2026-04-01,5,3,1,5.0,Medium
R00047,C001,2026-05-01,5,5,2,3.6,Medium
R00047,C001,2026-06-01,4,3,0,4.6,Medium
R00048,C001,2026-01-01,2,2,1,3.2,Low
R00048,C001,2026-02-01,1,0,0,3.3,Low
R00048,C001,2026-03-01,3,3,3,4.1,Low
R00048,C001,2026-04-01,2,1,2,2.8,Low
R00048,C001,2026-05-01,0,0,1,2.8,Low
R00048,C001,2026-06-01,2,0,1,3.6,Low
R00049,C001,2026-01-01,5,5,2,4.1,Medium
R00049,C001,2026-02-01,4,4,2,3.4,Medium
R00049,C001,2026-03-01,5,3,0,4.3,Medium
R00049,C001,2026-04-01,5,3,2,3.4,Medium
R00049,C001,2026-05-01,5,3,0,4.2,Medium
R00049,C001,2026-06-01,4,2,1,3.3,Medium
R00050,C001,2026-01-01,2,1,2,2.7,Low
R00050,C001,2026-02-01,4,2,2,5.0,Medium
R00050,C001,2026-03-01,3,2,2,3.4,Low
R00050,C001,2026-04-01,4,4,0,4.9,Medium
R00050,C001,2026-05-01,2,0,0,3.3,Low
R00050,C001,2026-06-01,6,5,1,3.6,Medium
R00051,C001,2026-01-01,2,2,0,3.3,Low
R00051,C001,2026-02-01,2,2,0,4.5,Low
R00051,C001,2026-03-01,2,2,3,3.2,Low
R00051,C001,2026-04-01,2,2,1,3.9,Low
R00051,C001,2026-05-01,4,4,1,2.8,Medium
R00051,C001,2026-06-01,3,3,2,4.3,Low
R00052,C001,2026-01-01,4,3,0,4.1,Medium
R00052,C001,2026-02-01,5,3,1,3.4,Medium
R00052,C001,2026-03-01,5,4,2,3.3,Medium
R00052,C001,2026-04-01,5,3,0,4.6,Medium
R00052,C001,2026-05-01,5,3,3,3.4,Medium
R00052,C001,2026-06-01,5,4,2,4.1,Medium
R00053,C001,2026-01-01,6,3,1,3.9,Medium
R00053,C001,2026-02-01,5,3,3,2.7,Medium
R00053,C001,2026-03-01,5,5,2,3.3,Medium
R00053,C001,2026-04-01,7,3,0,4.6,High
R00053,C001,2026-05-01,5,4,1,4.8,Medium
R00053,C001,2026-06-01,7,2,0,4.5,High
R00054,C001,2026-01-01,1,1,4,3.1,Low
R00054,C001,2026-02-01,1,0,1,3.4,Low
R00054,C001,2026-03-01,1,2,2,2.9,Low
R00054,C001,2026-04-01,0,0,0,3.3,Low
R00054,C001,2026-05-01,0,0,3,3.4,Low
R00054,C001,2026-06-01,0,0,0,3.0,Low
R00055,C001,2026-01-01,2,1,1,2.9,Low
R00055,C001,2026-02-01,1,1,1,4.2,Low
R00055,C001,2026-03-01,2,1,1,3.5,Low
R00055,C001,2026-04-01,4,3,0,4.1,Medium
R00055,C001,2026-05-01,3,3,3,2.4,Low
R00055,C001,2026-06-01,2,3,2,3.2,Low
R00056,C001,2026-01-01,5,1,3,5.0,Medium
R00056,C001,2026-02-01,6,3,1,4.1,Medium
R00056,C001,2026-03-01,5,1,0,3.3,Medium
R00056,C001,2026-04-01,6,4,0,3.5,Medium
R00056,C001,2026-05-01,7,3,1,4.6,High
R00056,C001,2026-06-01,5,3,1,3.9,Medium
R00057,C001,2026-01-01,5,2,1,4.1,Medium
R00057,C001,2026-02-01,6,2,3,4.5,Medium
R00057,C001,2026-03-01,5,4,0,4.2,Medium
R00057,C001,2026-04-01,5,3,1,4.2,Medium
R00057,C001,2026-05-01,5,3,2,3.8,Medium
R00057,C001,2026-06-01,5,4,1,4.2,Medium
R00058,C001,2026-01-01,1,1,3,2.5,Low
R00058,C001,2026-02-01,1,0,0,3.3,Low
R00058,C001,2026-03-01,3,2,0,3.8,Low
R00058,C001,2026-04-01,0,1,3,2.4,Low
R00058,C001,2026-05-01,0,0,1,3.9,Low
R00058,C001,2026-06-01,0,0,2,3.1,Low
R00059,C001,2026-01-01,4,3,2,3.7,Medium
R00059,C001,2026-02-01,5,2,0,4.8,Medium
R00059,C001,2026-03-01,4,3,2,4.8,Medium
R00059,C001,2026-04-01,5,3,0,3.5,Medium
R00059,C001,2026-05-01,6,4,1,4.1,Medium
R00059,C001,2026-06-01,5,3,0,5.0,Medium
R00060,C001,2026-01-01,3,1,1,3.7,Low
R00060,C001,2026-02-01,3,4,2,3.7,Low
R00060,C001,2026-03-01,4,3,0,3.2,Medium
R00060,C001,2026-04-01,4,4,1,4.1,Medium
R00060,C001,2026-05-01,4,2,2,4.3,Medium
R00060,C001,2026-06-01,6,2,1,4.5,Medium
R00061,C001,2026-01-01,7,3,0,4.1,High
R00061,C001,2026-02-01,7,3,3,3.5,High
R00061,C001,2026-03-01,5,3,0,3.8,Medium
R00061,C001,2026-04-01,8,1,3,5.0,High
R00061,C001,2026-05-01,7,4,2,4.9,High
R00061,C001,2026-06-01,6,3,2,4.6,Medium
R00062,C001,2026-01-01,2,2,1,2.9,Low
R00062,C001,2026-02-01,0,0,0,3.7,Low
R00062,C001,2026-03-01,0,0,0,3.6,Low
R00062,C001,2026-04-01,1,0,3,3.3,Low
R00062,C001,2026-05-01,1,2,0,2.9,Low
R00062,C001,2026-06-01,0,0,0,2.3,Low
R00063,C001,2026-01-01,4,4,0,3.9,Medium
R00063,C001,2026-02-01,3,3,0,4.3,Low
R00063,C001,2026-03-01,3,2,0,3.3,Low
R00063,C001,2026-04-01,3,3,1,3.5,Low
R00063,C001,2026-05-01,4,2,2,3.2,Medium
R00063,C001,2026-06-01,4,4,1,4.4,Medium
R00064,C001,2026-01-01,3,3,2,3.8,Low
R00064,C001,2026-02-01,2,1,0,2.6,Low
R00064,C001,2026-03-01,3,2,0,3.3,Low
R00064,C001,2026-04-01,4,4,0,3.9,Medium
R00064,C001,2026-05-01,3,1,0,4.2,Low
R00064,C001,2026-06-01,2,1,1,3.3,Low
R00065,C001,2026-01-01,7,5,1,4.6,High
R00065,C001,2026-02-01,7,4,3,4.2,High
R00065,C001,2026-03-01,8,3,1,4.8,High
R00065,C001,2026-04-01,7,1,1,4.4,High
R00065,C001,2026-05-01,6,2,0,4.0,Medium
R00065,C001,2026-06-01,9,4,0,5.0,High
R00066,C001,2026-01-01,6,3,1,3.5,Medium
R00066,C001,2026-02-01,7,3,1,4.7,High
R00066,C001,2026-03-01,5,3,0,3.1,Medium
R00066,C001,2026-04-01,6,2,0,3.7,Medium
R00066,C001,2026-05-01,5,3,1,5.0,Medium
R00066,C001,2026-06-01,6,3,3,3.8,Medium
R00067,C001,2026-01-01,5,4,0,4.6,Medium
R00067,C001,2026-02-01,4,1,1,4.0,Medium
R00067,C001,2026-03-01,5,2,2,4.0,Medium
R00067,C001,2026-04-01,5,3,1,4.8,Medium
R00067,C001,2026-05-01,4,2,2,4.0,Medium
R00067,C001,2026-06-01,5,3,0,3.7,Medium
R00068,C001,2026-01-01,2,3,0,3.8,Low
R00068,C001,2026-02-01,3,4,0,3.2,Low
R00068,C001,2026-03-01,2,1,0,4.1,Low
R00068,C001,2026-04-01,1,0,0,3.5,Low
R00068,C001,2026-05-01,0,0,2,4.1,Low
R00068,C001,2026-06-01,2,1,2,3.2,Low
R00069,C001,2026-01-01,0,0,0,3.4,Low
R00069,C001,2026-02-01,2,2,0,3.7,Low
R00069,C001,2026-03-01,4,2,0,4.0,Medium
R00069,C001,2026-04-01,2,2,6,2.6,Low
R00069,C001,2026-05-01,3,2,0,4.5,Low
R00069,C001,2026-06-01,3,3,2,2.9,Low
R00070,C001,2026-01-01,0,0,0,2.5,Low
R00070,C001,2026-02-01,0,0,1,2.9,Low
R00070,C001,2026-03-01,0,0,2,2.6,Low
R00070,C001,2026-04-01,0,0,4,1.9,Low
R00070,C001,2026-05-01,0,0,1,2.4,Low
R00070,C001,2026-06-01,0,0,0,2.7,Low
R00071,C001,2026-01-01,1,0,0,3.4,Low
R00071,C001,2026-02-01,1,2,2,2.3,Low
R00071,C001,2026-03-01,1,0,3,2.9,Low
R00071,C001,2026-04-01,0,0,0,2.5,Low
R00071,C001,2026-05-01,1,0,0,3.4,Low
R00071,C001,2026-06-01,1,2,1,3.1,Low
R00072,C001,2026-01-01,5,3,0,4.5,Medium
R00072,C001,2026-02-01,3,2,1,3.1,Low
R00072,C001,2026-03-01,7,4,2,4.9,High
R00072,C001,2026-04-01,5,3,2,4.2,Medium
R00072,C001,2026-05-01,7,2,1,5.0,High
R00072,C001,2026-06-01,6,4,2,3.8,Medium
R00073,C001,2026-01-01,6,5,2,4.7,Medium
R00073,C001,2026-02-01,5,4,3,3.8,Medium
R00073,C001,2026-03-01,4,4,1,4.4,Medium
R00073,C001,2026-04-01,5,4,1,4.0,Medium
R00073,C001,2026-05-01,5,3,1,4.0,Medium
R00073,C001,2026-06-01,5,4,3,3.2,Medium
R00074,C001,2026-01-01,5,3,0,4.3,Medium
R00074,C001,2026-02-01,6,3,2,4.5,Medium
R00074,C001,2026-03-01,5,4,1,3.4,Medium
R00074,C001,2026-04-01,4,2,1,4.4,Medium
R00074,C001,2026-05-01,5,2,1,3.9,Medium
R00074,C001,2026-06-01,5,4,2,4.2,Medium
R00075,C001,2026-01-01,2,0,1,2.7,Low
R00075,C001,2026-02-01,3,4,1,3.3,Low
R00075,C001,2026-03-01,1,0,0,3.3,Low
R00075,C001,2026-04-01,1,0,3,2.5,Low
R00075,C001,2026-05-01,2,1,2,4.0,Low
R00075,C001,2026-06-01,4,2,0,4.4,Medium
R00076,C001,2026-01-01,3,3,2,3.4,Low
R00076,C001,2026-02-01,3,1,2,3.8,Low
R00076,C001,2026-03-01,3,3,2,3.5,Low
R00076,C001,2026-04-01,3,3,2,3.3,Low
R00076,C001,2026-05-01,5,3,0,5.0,Medium
R00076,C001,2026-06-01,5,2,1,4.4,Medium
R00077,C001,2026-01-01,2,1,0,4.5,Low
R00077,C001,2026-02-01,2,3,0,4.1,Low
R00077,C001,2026-03-01,3,3,2,4.3,Low
R00077,C001,2026-04-01,3,3,0,4.7,Low
R00077,C001,2026-05-01,3,2,2,4.0,Low
R00077,C001,2026-06-01,2,3,1,3.8,Low
R00078,C001,2026-01-01,5,4,1,4.0,Medium
R00078,C001,2026-02-01,4,3,1,3.4,Medium
R00078,C001,2026-03-01,5,5,1,3.8,Medium
R00078,C001,2026-04-01,5,4,2,4.1,Medium
R00078,C001,2026-05-01,4,2,0,5.0,Medium
R00078,C001,2026-06-01,7,2,2,3.5,High
R00079,C001,2026-01-01,8,1,1,4.8,High
R00079,C001,2026-02-01,7,4,2,4.4,High
R00079,C001,2026-03-01,7,3,0,3.9,High
R00079,C001,2026-04-01,7,4,0,5.0,High
R00079,C001,2026-05-01,6,2,0,4.3,Medium
R00079,C001,2026-06-01,5,2,0,4.4,Medium
R00080,C001,2026-01-01,1,2,1,3.9,Low
R00080,C001,2026-02-01,5,4,2,3.2,Medium
R00080,C001,2026-03-01,2,2,1,3.0,Low
R00080,C001,2026-04-01,3,2,2,3.9,Low
R00080,C001,2026-05-01,1,1,0,4.8,Low
R00080,C001,2026-06-01,2,3,0,4.1,Low
R00081,C001,2026-01-01,0,1,3,3.5,Low
R00081,C001,2026-02-01,0,0,3,2.8,Low
R00081,C001,2026-03-01,1,0,1,3.7,Low
R00081,C001,2026-04-01,0,0,2,3.1,Low
R00081,C001,2026-05-01,0,0,1,3.0,Low
R00081,C001,2026-06-01,0,1,2,2.8,Low
R00082,C001,2026-01-01,3,3,1,3.9,Low
R00082,C001,2026-02-01,4,4,2,4.2,Medium
R00082,C001,2026-03-01,4,5,1,3.9,Medium
R00082,C001,2026-04-01,2,2,2,3.5,Low
R00082,C001,2026-05-01,3,3,1,4.6,Low
R00082,C001,2026-06-01,2,1,1,3.1,Low
R00083,C001,2026-01-01,4,3,2,3.4,Medium
R00083,C001,2026-02-01,4,2,2,4.2,Medium
R00083,C001,2026-03-01,3,2,1,2.8,Low
R00083,C001,2026-04-01,4,5,2,4.0,Medium
R00083,C001,2026-05-01,4,3,1,4.0,Medium
R00083,C001,2026-06-01,2,2,1,3.3,Low
R00084,C001,2026-01-01,9,3,3,4.5,High
R00084,C001,2026-02-01,7,5,1,4.0,High
R00084,C001,2026-03-01,6,4,0,4.6,Medium
R00084,C001,2026-04-01,9,4,3,5.0,High
R00084,C001,2026-05-01,8,4,2,3.7,High
R00084,C001,2026-06-01,7,4,2,4.3,High
R00085,C001,2026-01-01,8,3,1,5.0,High
R00085,C001,2026-02-01,7,5,0,5.0,High
R00085,C001,2026-03-01,7,2,1,4.1,High
R00085,C001,2026-04-01,8,4,0,4.9,High
R00085,C001,2026-05-01,8,4,4,3.6,High
R00085,C001,2026-06-01,6,2,3,4.3,Medium
R00086,C001,2026-01-01,0,0,4,3.1,Low
R00086,C001,2026-02-01,0,0,1,2.8,Low
R00086,C001,2026-03-01,1,1,3,2.8,Low
R00086,C001,2026-04-01,0,0,0,2.8,Low
R00086,C001,2026-05-01,0,0,1,2.2,Low
R00086,C001,2026-06-01,0,0,0,3.8,Low
R00087,C001,2026-01-01,3,1,0,4.1,Low
R00087,C001,2026-02-01,1,0,1,2.8,Low
R00087,C001,2026-03-01,1,0,1,3.1,Low
R00087,C001,2026-04-01,2,2,0,5.0,Low
R00087,C001,2026-05-01,0,0,1,2.1,Low
R00087,C001,2026-06-01,1,0,2,1.9,Low
R00088,C001,2026-01-01,9,3,1,4.5,High
R00088,C001,2026-02-01,9,3,1,5.0,High
R00088,C001,2026-03-01,7,4,0,5.0,High
R00088,C001,2026-04-01,9,5,0,4.7,High
R00088,C001,2026-05-01,5,4,1,3.3,Medium
R00088,C001,2026-06-01,8,3,0,4.2,High
R00089,C001,2026-01-01,6,3,1,4.8,Medium
R00089,C001,2026-02-01,5,3,1,4.3,Medium
R00089,C001,2026-03-01,5,3,0,4.3,Medium
R00089,C001,2026-04-01,5,5,0,4.5,Medium
R00089,C001,2026-05-01,2,1,0,4.0,Low
R00089,C001,2026-06-01,4,3,2,3.3,Medium
R00090,C001,2026-01-01,5,3,0,4.2,Medium
R00090,C001,2026-02-01,1,1,1,3.4,Low
R00090,C001,2026-03-01,1,2,1,3.3,Low
R00090,C001,2026-04-01,3,2,1,3.8,Low
R00090,C001,2026-05-01,3,1,2,3.7,Low
R00090,C001,2026-06-01,3,3,2,2.9,Low
R00091,C001,2026-01-01,1,2,1,3.2,Low
R00091,C001,2026-02-01,0,0,1,3.2,Low
R00091,C001,2026-03-01,2,2,1,3.0,Low
R00091,C001,2026-04-01,1,1,2,4.0,Low
R00091,C001,2026-05-01,0,0,0,3.7,Low
R00091,C001,2026-06-01,0,0,0,3.1,Low
R00092,C001,2026-01-01,0,0,2,2.9,Low
R00092,C001,2026-02-01,0,1,4,3.2,Low
R00092,C001,2026-03-01,1,0,1,3.1,Low
R00092,C001,2026-04-01,1,0,0,3.9,Low
R00092,C001,2026-05-01,0,0,2,3.1,Low
R00092,C001,2026-06-01,2,1,0,2.5,Low
R00093,C001,2026-01-01,3,3,1,3.9,Low
R00093,C001,2026-02-01,3,3,2,4.2,Low
R00093,C001,2026-03-01,3,3,0,3.1,Low
R00093,C001,2026-04-01,5,5,0,4.4,Medium
R00093,C001,2026-05-01,3,5,0,3.9,Low
R00093,C001,2026-06-01,1,1,2,3.1,Low
R00094,C001,2026-01-01,3,2,1,2.9,Low
R00094,C001,2026-02-01,3,1,3,4.0,Low
R00094,C001,2026-03-01,4,3,1,3.8,Medium
R00094,C001,2026-04-01,2,3,0,3.5,Low
R00094,C001,2026-05-01,4,3,2,3.9,Medium
R00094,C001,2026-06-01,2,2,0,4.6,Low
R00095,C001,2026-01-01,4,4,1,4.2,Medium
R00095,C001,2026-02-01,5,3,1,4.1,Medium
R00095,C001,2026-03-01,6,3,2,3.8,Medium
R00095,C001,2026-04-01,4,2,2,2.7,Medium
R00095,C001,2026-05-01,3,2,0,3.1,Low
R00095,C001,2026-06-01,4,4,0,4.5,Medium
R00096,C001,2026-01-01,9,5,1,5.0,High
R00096,C001,2026-02-01,9,4,2,4.5,High
R00096,C001,2026-03-01,9,3,0,4.8,High
R00096,C001,2026-04-01,10,2,1,5.0,High
R00096,C001,2026-05-01,8,4,1,5.0,High
R00096,C001,2026-06-01,9,3,1,5.0,High
R00097,C001,2026-01-01,3,4,0,3.0,Low
R00097,C001,2026-02-01,2,2,1,2.4,Low
R00097,C001,2026-03-01,1,0,2,2.7,Low
R00097,C001,2026-04-01,1,0,0,3.6,Low
R00097,C001,2026-05-01,2,1,2,3.4,Low
R00097,C001,2026-06-01,1,0,1,3.2,Low
R00098,C001,2026-01-01,0,1,2,2.4,Low
R00098,C001,2026-02-01,2,1,1,3.9,Low
R00098,C001,2026-03-01,3,2,1,4.0,Low
R00098,C001,2026-04-01,1,0,1,2.9,Low
R00098,C001,2026-05-01,2,1,0,2.0,Low
R00098,C001,2026-06-01,1,0,1,2.4,Low
R00099,C001,2026-01-01,3,1,1,4.5,Low
R00099,C001,2026-02-01,3,3,0,3.1,Low
R00099,C001,2026-03-01,2,1,1,4.0,Low
R00099,C001,2026-04-01,4,4,1,4.1,Medium
R00099,C001,2026-05-01,3,4,1,4.1,Low
R00099,C001,2026-06-01,5,3,1,4.4,Medium
R00100,C001,2026-01-01,5,4,3,3.3,Medium
R00100,C001,2026-02-01,4,3,1,4.3,Medium
R00100,C001,2026-03-01,5,4,1,4.9,Medium
R00100,C001,2026-04-01,6,4,1,5.0,Medium
R00100,C001,2026-05-01,4,4,1,4.6,Medium
R00100,C001,2026-06-01,5,4,1,3.5,Medium
R00101,C001,2026-01-01,3,4,1,4.2,Low
R00101,C001,2026-02-01,3,3,1,4.2,Low
R00101,C001,2026-03-01,3,4,2,3.0,Low
R00101,C001,2026-04-01,6,5,5,3.9,Medium
R00101,C001,2026-05-01,5,2,2,3.4,Medium
R00101,C001,2026-06-01,6,4,1,5.0,Medium
R00102,C001,2026-01-01,5,3,1,3.3,Medium
R00102,C001,2026-02-01,3,3,3,3.3,Low
R00102,C001,2026-03-01,4,3,1,3.1,Medium
R00102,C001,2026-04-01,3,2,0,3.4,Low
R00102,C001,2026-05-01,5,1,4,3.3,Medium
R00102,C001,2026-06-01,2,3,1,4.1,Low
R00103,C001,2026-01-01,4,5,2,4.9,Medium
R00103,C001,2026-02-01,3,2,0,4.0,Low
R00103,C001,2026-03-01,7,3,1,5.0,High
R00103,C001,2026-04-01,7,4,1,3.7,High
R00103,C001,2026-05-01,6,3,0,4.8,Medium
R00103,C001,2026-06-01,3,4,1,4.0,Low
R00104,C001,2026-01-01,3,2,2,3.0,Low
R00104,C001,2026-02-01,5,3,2,4.8,Medium
R00104,C001,2026-03-01,4,3,2,3.8,Medium
R00104,C001,2026-04-01,1,1,2,2.6,Low
R00104,C001,2026-05-01,3,2,2,3.2,Low
R00104,C001,2026-06-01,5,3,4,3.8,Medium
R00105,C001,2026-01-01,3,2,1,3.7,Low
R00105,C001,2026-02-01,4,4,1,4.0,Medium
R00105,C001,2026-03-01,5,5,0,4.6,Medium
R00105,C001,2026-04-01,5,2,0,3.7,Medium
R00105,C001,2026-05-01,4,2,1,4.5,Medium
R00105,C001,2026-06-01,5,3,3,3.3,Medium
R00106,C001,2026-01-01,4,1,3,3.2,Medium
R00106,C001,2026-02-01,3,4,1,3.2,Low
R00106,C001,2026-03-01,4,4,1,3.5,Medium
R00106,C001,2026-04-01,3,3,1,3.9,Low
R00106,C001,2026-05-01,4,5,3,3.9,Medium
R00106,C001,2026-06-01,3,5,0,4.2,Low
R00107,C001,2026-01-01,4,4,1,3.5,Medium
R00107,C001,2026-02-01,3,1,0,3.6,Low
R00107,C001,2026-03-01,2,0,0,3.7,Low
R00107,C001,2026-04-01,0,0,1,2.9,Low
R00107,C001,2026-05-01,2,2,0,4.5,Low
R00107,C001,2026-06-01,4,4,1,4.4,Medium
R00108,C001,2026-01-01,1,0,1,3.0,Low
R00108,C001,2026-02-01,0,0,0,3.2,Low
R00108,C001,2026-03-01,0,0,2,3.5,Low
R00108,C001,2026-04-01,0,1,1,3.9,Low
R00108,C001,2026-05-01,0,0,1,3.9,Low
R00108,C001,2026-06-01,1,0,0,2.5,Low
R00109,C001,2026-01-01,1,2,1,2.8,Low
R00109,C001,2026-02-01,0,0,1,2.9,Low
R00109,C001,2026-03-01,0,0,1,2.8,Low
R00109,C001,2026-04-01,2,1,4,4.0,Low
R00109,C001,2026-05-01,0,0,1,3.4,Low
R00109,C001,2026-06-01,0,0,0,4.1,Low
R00110,C001,2026-01-01,5,5,1,4.8,Medium
R00110,C001,2026-02-01,7,3,2,3.6,High
R00110,C001,2026-03-01,7,3,1,4.7,High
R00110,C001,2026-04-01,7,4,1,4.8,High
R00110,C001,2026-05-01,5,3,1,3.0,Medium
R00110,C001,2026-06-01,6,3,0,4.2,Medium
R00111,C001,2026-01-01,1,1,0,2.9,Low
R00111,C001,2026-02-01,0,0,1,4.3,Low
R00111,C001,2026-03-01,0,0,0,3.3,Low
R00111,C001,2026-04-01,2,2,2,3.9,Low
R00111,C001,2026-05-01,1,1,0,2.9,Low
R00111,C001,2026-06-01,0,0,2,2.4,Low
R00112,C001,2026-01-01,2,0,0,3.2,Low
R00112,C001,2026-02-01,0,1,2,3.7,Low
R00112,C001,2026-03-01,4,2,4,3.9,Medium
R00112,C001,2026-04-01,1,0,0,3.6,Low
R00112,C001,2026-05-01,4,4,0,4.4,Medium
R00112,C001,2026-06-01,2,1,0,2.6,Low
R00113,C001,2026-01-01,10,4,1,3.8,High
R00113,C001,2026-02-01,9,5,1,4.2,High
R00113,C001,2026-03-01,7,3,0,4.5,High
R00113,C001,2026-04-01,9,5,2,4.2,High
R00113,C001,2026-05-01,8,4,1,4.0,High
R00113,C001,2026-06-01,8,3,2,3.8,High
R00114,C001,2026-01-01,9,4,1,5.0,High
R00114,C001,2026-02-01,6,3,4,4.1,Medium
R00114,C001,2026-03-01,8,4,1,4.5,High
R00114,C001,2026-04-01,7,4,2,4.2,High
R00114,C001,2026-05-01,7,3,1,4.4,High
R00114,C001,2026-06-01,8,3,3,5.0,High
R00115,C001,2026-01-01,6,3,0,4.3,Medium
R00115,C001,2026-02-01,6,2,0,4.7,Medium
R00115,C001,2026-03-01,5,4,2,3.9,Medium
R00115,C001,2026-04-01,5,3,1,4.1,Medium
R00115,C001,2026-05-01,3,3,2,3.4,Low
R00115,C001,2026-06-01,5,4,1,4.9,Medium
R00116,C001,2026-01-01,5,3,1,4.4,Medium
R00116,C001,2026-02-01,4,3,0,3.8,Medium
R00116,C001,2026-03-01,3,2,0,3.3,Low
R00116,C001,2026-04-01,5,4,1,4.1,Medium
R00116,C001,2026-05-01,2,2,1,3.1,Low
R00116,C001,2026-06-01,5,5,1,3.8,Medium
R00117,C001,2026-01-01,3,4,4,3.5,Low
R00117,C001,2026-02-01,4,3,0,4.6,Medium
R00117,C001,2026-03-01,2,1,1,2.9,Low
R00117,C001,2026-04-01,3,3,0,3.0,Low
R00117,C001,2026-05-01,2,0,3,3.2,Low
R00117,C001,2026-06-01,3,1,0,3.1,Low
R00118,C001,2026-01-01,3,2,1,3.5,Low
R00118,C001,2026-02-01,3,4,4,3.4,Low
R00118,C001,2026-03-01,2,0,1,2.8,Low
R00118,C001,2026-04-01,3,2,1,3.9,Low
R00118,C001,2026-05-01,3,3,1,3.2,Low
R00118,C001,2026-06-01,3,1,0,2.8,Low
R00119,C001,2026-01-01,3,1,1,3.4,Low
R00119,C001,2026-02-01,4,3,1,3.9,Medium
R00119,C001,2026-03-01,2,2,0,3.7,Low
R00119,C001,2026-04-01,4,2,1,3.2,Medium
R00119,C001,2026-05-01,4,2,2,3.4,Medium
R00119,C001,2026-06-01,3,3,2,2.8,Low
R00120,C001,2026-01-01,5,2,0,3.5,Medium
R00120,C001,2026-02-01,5,4,0,3.8,Medium
R00120,C001,2026-03-01,3,2,0,3.4,Low
R00120,C001,2026-04-01,3,1,1,3.6,Low
R00120,C001,2026-05-01,4,3,2,3.0,Medium
R00120,C001,2026-06-01,4,2,1,3.0,Medium
R00121,C001,2026-01-01,3,2,2,3.7,Low
R00121,C001,2026-02-01,4,3,2,2.1,Medium
R00121,C001,2026-03-01,5,4,1,3.8,Medium
R00121,C001,2026-04-01,6,5,2,4.5,Medium
R00121,C001,2026-05-01,4,3,2,4.4,Medium
R00121,C001,2026-06-01,3,3,1,3.2,Low
R00122,C001,2026-01-01,4,4,2,3.2,Medium
R00122,C001,2026-02-01,5,2,0,4.0,Medium
R00122,C001,2026-03-01,5,4,1,4.4,Medium
R00122,C001,2026-04-01,6,4,2,4.5,Medium
R00122,C001,2026-05-01,4,4,1,4.4,Medium
R00122,C001,2026-06-01,4,2,2,4.5,Medium
R00123,C001,2026-01-01,2,1,2,3.0,Low
R00123,C001,2026-02-01,3,2,3,3.3,Low
R00123,C001,2026-03-01,4,4,0,3.7,Medium
R00123,C001,2026-04-01,3,5,1,4.3,Low
R00123,C001,2026-05-01,5,2,4,4.0,Medium
R00123,C001,2026-06-01,2,3,1,4.4,Low
R00124,C001,2026-01-01,3,2,1,3.9,Low
R00124,C001,2026-02-01,2,2,2,3.3,Low
R00124,C001,2026-03-01,1,0,1,4.2,Low
R00124,C001,2026-04-01,4,3,3,3.6,Medium
R00124,C001,2026-05-01,1,0,0,3.0,Low
R00124,C001,2026-06-01,3,4,0,3.8,Low
R00125,C001,2026-01-01,3,2,0,3.5,Low
R00125,C001,2026-02-01,1,3,1,2.5,Low
R00125,C001,2026-03-01,1,0,1,4.2,Low
R00125,C001,2026-04-01,2,2,1,2.7,Low
R00125,C001,2026-05-01,1,1,1,3.3,Low
R00125,C001,2026-06-01,1,1,1,3.7,Low
R00126,C001,2026-01-01,5,2,0,4.4,Medium
R00126,C001,2026-02-01,4,2,2,3.8,Medium
R00126,C001,2026-03-01,4,4,2,3.2,Medium
R00126,C001,2026-04-01,3,3,1,3.8,Low
R00126,C001,2026-05-01,4,3,1,3.6,Medium
R00126,C001,2026-06-01,4,3,0,2.8,Medium
R00127,C001,2026-01-01,2,3,1,3.4,Low
R00127,C001,2026-02-01,2,2,0,3.6,Low
R00127,C001,2026-03-01,3,3,2,3.6,Low
R00127,C001,2026-04-01,3,3,0,3.6,Low
R00127,C001,2026-05-01,4,2,2,4.1,Medium
R00127,C001,2026-06-01,3,2,0,3.4,Low
R00128,C001,2026-01-01,6,4,1,4.8,Medium
R00128,C001,2026-02-01,6,5,2,3.2,Medium
R00128,C001,2026-03-01,6,3,1,3.5,Medium
R00128,C001,2026-04-01,5,4,1,3.7,Medium
R00128,C001,2026-05-01,8,5,1,4.6,High
R00128,C001,2026-06-01,4,3,2,3.8,Medium
R00129,C001,2026-01-01,7,3,1,4.2,High
R00129,C001,2026-02-01,8,4,0,5.0,High
R00129,C001,2026-03-01,8,4,0,5.0,High
R00129,C001,2026-04-01,7,3,0,4.1,High
R00129,C001,2026-05-01,8,3,1,4.3,High
R00129,C001,2026-06-01,7,3,2,4.5,High
R00130,C001,2026-01-01,4,3,0,3.9,Medium
R00130,C001,2026-02-01,2,0,0,4.6,Low
R00130,C001,2026-03-01,4,4,1,2.5,Medium
R00130,C001,2026-04-01,3,4,3,2.6,Low
R00130,C001,2026-05-01,4,2,0,3.5,Medium
R00130,C001,2026-06-01,2,1,0,3.6,Low
R00131,C001,2026-01-01,3,3,2,3.6,Low
R00131,C001,2026-02-01,4,5,2,3.5,Medium
R00131,C001,2026-03-01,5,5,1,5.0,Medium
R00131,C001,2026-04-01,3,3,3,2.6,Low
R00131,C001,2026-05-01,5,3,0,3.2,Medium
R00131,C001,2026-06-01,2,3,2,3.2,Low
R00132,C001,2026-01-01,1,1,0,3.5,Low
R00132,C001,2026-02-01,5,4,2,3.9,Medium
R00132,C001,2026-03-01,4,4,2,3.7,Medium
R00132,C001,2026-04-01,2,2,0,3.4,Low
R00132,C001,2026-05-01,2,0,3,4.3,Low
R00132,C001,2026-06-01,3,3,0,3.2,Low
R00133,C001,2026-01-01,1,0,1,2.6,Low
R00133,C001,2026-02-01,0,0,0,3.2,Low
R00133,C001,2026-03-01,3,3,1,3.4,Low
R00133,C001,2026-04-01,2,3,0,3.9,Low
R00133,C001,2026-05-01,1,2,0,4.0,Low
R00133,C001,2026-06-01,0,0,0,3.3,Low
R00134,C001,2026-01-01,2,0,3,2.6,Low
R00134,C001,2026-02-01,2,3,2,3.4,Low
R00134,C001,2026-03-01,1,2,0,2.4,Low
R00134,C001,2026-04-01,2,3,1,3.9,Low
R00134,C001,2026-05-01,2,0,3,3.9,Low
R00134,C001,2026-06-01,4,4,0,4.8,Medium
R00135,C001,2026-01-01,4,3,0,2.8,Medium
R00135,C001,2026-02-01,6,3,0,3.4,Medium
R00135,C001,2026-03-01,5,4,3,4.4,Medium
R00135,C001,2026-04-01,6,5,1,4.7,Medium
R00135,C001,2026-05-01,6,3,0,3.3,Medium
R00135,C001,2026-06-01,5,2,2,4.0,Medium
R00136,C001,2026-01-01,1,2,1,3.8,Low
R00136,C001,2026-02-01,1,1,0,4.0,Low
R00136,C001,2026-03-01,0,0,0,3.5,Low
R00136,C001,2026-04-01,0,1,1,3.3,Low
R00136,C001,2026-05-01,0,0,1,3.3,Low
R00136,C001,2026-06-01,0,0,2,3.3,Low
R00137,C001,2026-01-01,6,3,2,4.0,Medium
R00137,C001,2026-02-01,6,4,1,4.1,Medium
R00137,C001,2026-03-01,6,4,2,4.8,Medium
R00137,C001,2026-04-01,5,5,0,4.6,Medium
R00137,C001,2026-05-01,6,3,1,4.7,Medium
R00137,C001,2026-06-01,7,3,1,4.9,High
R00138,C001,2026-01-01,4,4,0,3.8,Medium
R00138,C001,2026-02-01,7,4,0,3.3,High
R00138,C001,2026-03-01,6,5,0,4.0,Medium
R00138,C001,2026-04-01,5,4,1,3.7,Medium
R00138,C001,2026-05-01,6,3,1,4.8,Medium
R00138,C001,2026-06-01,4,4,2,4.5,Medium
R00139,C001,2026-01-01,2,1,3,4.3,Low
R00139,C001,2026-02-01,3,3,1,4.2,Low
R00139,C001,2026-03-01,2,2,0,2.8,Low
R00139,C001,2026-04-01,3,1,1,3.8,Low
R00139,C001,2026-05-01,1,0,1,3.5,Low
R00139,C001,2026-06-01,1,1,0,3.4,Low
R00140,C001,2026-01-01,4,4,1,3.9,Medium
R00140,C001,2026-02-01,2,0,1,2.9,Low
R00140,C001,2026-03-01,3,2,0,4.1,Low
R00140,C001,2026-04-01,3,3,1,3.6,Low
R00140,C001,2026-05-01,2,1,0,4.3,Low
R00140,C001,2026-06-01,2,0,0,3.9,Low
R00141,C001,2026-01-01,6,5,1,4.2,Medium
R00141,C001,2026-02-01,4,4,2,4.2,Medium
R00141,C001,2026-03-01,6,5,3,3.9,Medium
R00141,C001,2026-04-01,5,4,1,4.0,Medium
R00141,C001,2026-05-01,3,1,1,3.7,Low
R00141,C001,2026-06-01,4,3,0,4.4,Medium
R00142,C001,2026-01-01,7,2,0,4.2,High
R00142,C001,2026-02-01,6,2,1,5.0,Medium
R00142,C001,2026-03-01,6,3,1,4.6,Medium
R00142,C001,2026-04-01,4,5,0,3.9,Medium
R00142,C001,2026-05-01,5,3,0,4.5,Medium
R00142,C001,2026-06-01,5,3,2,3.8,Medium
R00143,C001,2026-01-01,4,3,3,4.2,Medium
R00143,C001,2026-02-01,4,3,1,3.2,Medium
R00143,C001,2026-03-01,4,1,3,3.9,Medium
R00143,C001,2026-04-01,5,3,2,4.4,Medium
R00143,C001,2026-05-01,3,2,1,3.0,Low
R00143,C001,2026-06-01,4,3,1,4.4,Medium
R00144,C001,2026-01-01,0,0,1,3.1,Low
R00144,C001,2026-02-01,0,0,1,4.0,Low
R00144,C001,2026-03-01,0,1,0,3.6,Low
R00144,C001,2026-04-01,0,0,0,3.9,Low
R00144,C001,2026-05-01,0,0,1,3.4,Low
R00144,C001,2026-06-01,0,0,3,1.3,Low
R00145,C001,2026-01-01,4,4,3,3.4,Medium
R00145,C001,2026-02-01,4,4,2,3.3,Medium
R00145,C001,2026-03-01,4,2,2,3.2,Medium
R00145,C001,2026-04-01,5,4,0,3.2,Medium
R00145,C001,2026-05-01,3,3,3,2.8,Low
R00145,C001,2026-06-01,4,4,0,4.5,Medium
R00146,C001,2026-01-01,2,2,1,4.0,Low
R00146,C001,2026-02-01,3,2,2,3.4,Low
R00146,C001,2026-03-01,1,1,1,3.1,Low
R00146,C001,2026-04-01,4,3,4,3.8,Medium
R00146,C001,2026-05-01,2,2,2,3.4,Low
R00146,C001,2026-06-01,1,2,0,3.9,Low
R00147,C001,2026-01-01,2,1,3,2.1,Low
R00147,C001,2026-02-01,4,3,2,3.7,Medium
R00147,C001,2026-03-01,0,0,1,3.3,Low
R00147,C001,2026-04-01,2,1,1,3.5,Low
R00147,C001,2026-05-01,2,2,2,3.1,Low
R00147,C001,2026-06-01,2,3,0,4.7,Low
R00148,C001,2026-01-01,4,3,0,3.6,Medium
R00148,C001,2026-02-01,4,2,1,4.5,Medium
R00148,C001,2026-03-01,2,2,2,3.5,Low
R00148,C001,2026-04-01,5,3,0,3.5,Medium
R00148,C001,2026-05-01,5,4,0,4.8,Medium
R00148,C001,2026-06-01,4,4,2,4.1,Medium
R00149,C001,2026-01-01,9,3,0,4.8,High
R00149,C001,2026-02-01,8,3,0,4.5,High
R00149,C001,2026-03-01,6,4,0,3.2,Medium
R00149,C001,2026-04-01,6,3,1,4.1,Medium
R00149,C001,2026-05-01,6,1,2,3.9,Medium
R00149,C001,2026-06-01,5,3,1,4.4,Medium
R00150,C001,2026-01-01,3,3,2,3.9,Low
R00150,C001,2026-02-01,3,2,1,3.5,Low
R00150,C001,2026-03-01,3,3,2,4.1,Low
R00150,C001,2026-04-01,5,3,0,4.2,Medium
R00150,C001,2026-05-01,4,4,1,3.6,Medium
R00150,C001,2026-06-01,3,4,1,3.3,Low
R00151,C001,2026-01-01,0,0,3,2.5,Low
R00151,C001,2026-02-01,0,0,0,3.4,Low
R00151,C001,2026-03-01,0,2,3,3.4,Low
R00151,C001,2026-04-01,0,0,0,3.1,Low
R00151,C001,2026-05-01,0,0,1,1.7,Low
R00151,C001,2026-06-01,0,0,2,3.1,Low
R00152,C001,2026-01-01,1,1,0,3.7,Low
R00152,C001,2026-02-01,3,2,0,3.5,Low
R00152,C001,2026-03-01,3,4,3,3.8,Low
R00152,C001,2026-04-01,2,1,2,4.2,Low
R00152,C001,2026-05-01,1,0,0,2.8,Low
R00152,C001,2026-06-01,2,0,2,2.7,Low
R00153,C001,2026-01-01,2,2,1,3.0,Low
R00153,C001,2026-02-01,3,4,2,2.5,Low
R00153,C001,2026-03-01,4,3,4,3.6,Medium
R00153,C001,2026-04-01,2,2,1,3.9,Low
R00153,C001,2026-05-01,3,3,0,3.0,Low
R00153,C001,2026-06-01,2,3,3,2.1,Low
R00154,C001,2026-01-01,2,2,0,4.1,Low
R00154,C001,2026-02-01,0,0,0,3.1,Low
R00154,C001,2026-03-01,4,5,1,4.4,Medium
R00154,C001,2026-04-01,1,1,3,2.8,Low
R00154,C001,2026-05-01,3,3,2,3.4,Low
R00154,C001,2026-06-01,0,0,2,3.2,Low
R00155,C001,2026-01-01,2,0,1,2.3,Low
R00155,C001,2026-02-01,2,2,1,2.2,Low
R00155,C001,2026-03-01,5,4,0,4.3,Medium
R00155,C001,2026-04-01,2,2,1,4.4,Low
R00155,C001,2026-05-01,3,5,1,3.6,Low
R00155,C001,2026-06-01,3,2,0,3.7,Low
R00156,C001,2026-01-01,4,2,0,4.3,Medium
R00156,C001,2026-02-01,3,4,1,3.9,Low
R00156,C001,2026-03-01,6,4,0,4.0,Medium
R00156,C001,2026-04-01,5,4,2,4.0,Medium
R00156,C001,2026-05-01,5,4,0,3.2,Medium
R00156,C001,2026-06-01,4,1,1,2.9,Medium
R00157,C001,2026-01-01,4,4,3,4.8,Medium
R00157,C001,2026-02-01,3,4,0,4.0,Low
R00157,C001,2026-03-01,3,3,2,2.4,Low
R00157,C001,2026-04-01,3,4,2,3.4,Low
R00157,C001,2026-05-01,3,3,1,4.2,Low
R00157,C001,2026-06-01,3,1,1,3.4,Low
R00158,C001,2026-01-01,4,2,0,4.3,Medium
R00158,C001,2026-02-01,3,3,3,3.5,Low
R00158,C001,2026-03-01,4,4,0,3.0,Medium
R00158,C001,2026-04-01,5,4,2,3.7,Medium
R00158,C001,2026-05-01,5,3,3,3.0,Medium
R00158,C001,2026-06-01,6,3,0,4.1,Medium
R00159,C001,2026-01-01,3,3,4,3.4,Low
R00159,C001,2026-02-01,4,4,0,3.4,Medium
R00159,C001,2026-03-01,3,5,1,3.6,Low
R00159,C001,2026-04-01,2,1,2,3.6,Low
R00159,C001,2026-05-01,3,1,0,3.6,Low
R00159,C001,2026-06-01,3,3,0,3.4,Low
R00160,C001,2026-01-01,2,2,2,3.6,Low
R00160,C001,2026-02-01,2,2,0,4.3,Low
R00160,C001,2026-03-01,2,2,1,3.1,Low
R00160,C001,2026-04-01,1,0,0,3.7,Low
R00160,C001,2026-05-01,1,2,4,2.9,Low
R00160,C001,2026-06-01,1,1,1,3.5,Low
R00161,C001,2026-01-01,5,5,0,3.0,Medium
R00161,C001,2026-02-01,4,5,0,4.3,Medium
R00161,C001,2026-03-01,5,4,1,3.6,Medium
R00161,C001,2026-04-01,3,3,0,3.0,Low
R00161,C001,2026-05-01,6,3,1,5.0,Medium
R00161,C001,2026-06-01,3,3,0,3.9,Low
R00162,C001,2026-01-01,4,5,1,4.1,Medium
R00162,C001,2026-02-01,4,2,2,3.5,Medium
R00162,C001,2026-03-01,4,3,0,4.0,Medium
R00162,C001,2026-04-01,5,5,1,4.5,Medium
R00162,C001,2026-05-01,3,3,0,4.1,Low
R00162,C001,2026-06-01,5,4,1,3.8,Medium
R00163,C001,2026-01-01,0,0,1,2.8,Low
R00163,C001,2026-02-01,1,0,2,1.8,Low
R00163,C001,2026-03-01,1,1,2,3.4,Low
R00163,C001,2026-04-01,0,2,2,3.2,Low
R00163,C001,2026-05-01,0,0,2,2.8,Low
R00163,C001,2026-06-01,1,1,3,3.0,Low
R00164,C001,2026-01-01,1,0,1,3.6,Low
R00164,C001,2026-02-01,1,0,3,2.7,Low
R00164,C001,2026-03-01,2,2,0,4.2,Low
R00164,C001,2026-04-01,2,0,1,3.9,Low
R00164,C001,2026-05-01,1,1,1,2.5,Low
R00164,C001,2026-06-01,1,0,1,3.3,Low
R00165,C001,2026-01-01,8,4,1,5.0,High
R00165,C001,2026-02-01,6,4,2,4.5,Medium
R00165,C001,2026-03-01,7,3,2,4.2,High
R00165,C001,2026-04-01,6,3,1,3.6,Medium
R00165,C001,2026-05-01,6,5,1,3.8,Medium
R00165,C001,2026-06-01,6,2,2,4.0,Medium
R00166,C001,2026-01-01,3,3,3,3.7,Low
R00166,C001,2026-02-01,0,0,0,3.1,Low
R00166,C001,2026-03-01,3,2,2,3.1,Low
R00166,C001,2026-04-01,1,0,3,2.6,Low
R00166,C001,2026-05-01,1,1,0,3.6,Low
R00166,C001,2026-06-01,2,1,0,2.9,Low
R00167,C001,2026-01-01,2,0,1,3.8,Low
R00167,C001,2026-02-01,3,3,1,4.3,Low
R00167,C001,2026-03-01,1,0,1,3.3,Low
R00167,C001,2026-04-01,3,3,0,3.2,Low
R00167,C001,2026-05-01,2,1,1,3.8,Low
R00167,C001,2026-06-01,3,1,1,3.2,Low
R00168,C001,2026-01-01,0,1,0,3.4,Low
R00168,C001,2026-02-01,1,3,2,1.9,Low
R00168,C001,2026-03-01,0,0,0,2.7,Low
R00168,C001,2026-04-01,2,2,1,3.5,Low
R00168,C001,2026-05-01,2,0,0,3.4,Low
R00168,C001,2026-06-01,0,2,0,2.6,Low
R00169,C001,2026-01-01,5,2,0,4.2,Medium
R00169,C001,2026-02-01,4,2,1,4.0,Medium
R00169,C001,2026-03-01,4,4,1,3.0,Medium
R00169,C001,2026-04-01,5,3,0,4.7,Medium
R00169,C001,2026-05-01,4,3,0,3.5,Medium
R00169,C001,2026-06-01,4,3,2,2.6,Medium
R00170,C001,2026-01-01,2,0,2,2.9,Low
R00170,C001,2026-02-01,1,0,0,3.0,Low
R00170,C001,2026-03-01,1,1,0,3.8,Low
R00170,C001,2026-04-01,2,1,2,4.0,Low
R00170,C001,2026-05-01,2,1,0,4.0,Low
R00170,C001,2026-06-01,2,0,1,4.4,Low
R00171,C001,2026-01-01,4,2,2,3.6,Medium
R00171,C001,2026-02-01,2,0,2,3.2,Low
R00171,C001,2026-03-01,3,3,1,4.5,Low
R00171,C001,2026-04-01,3,2,1,3.4,Low
R00171,C001,2026-05-01,2,3,1,3.2,Low
R00171,C001,2026-06-01,4,5,3,3.9,Medium
R00172,C001,2026-01-01,4,5,0,3.6,Medium
R00172,C001,2026-02-01,5,5,2,2.7,Medium
R00172,C001,2026-03-01,5,2,3,3.2,Medium
R00172,C001,2026-04-01,2,1,4,3.1,Low
R00172,C001,2026-05-01,4,4,0,4.2,Medium
R00172,C001,2026-06-01,5,2,1,3.2,Medium
R00173,C001,2026-01-01,1,1,0,4.0,Low
R00173,C001,2026-02-01,2,1,1,3.4,Low
R00173,C001,2026-03-01,3,3,3,2.9,Low
R00173,C001,2026-04-01,1,0,2,3.7,Low
R00173,C001,2026-05-01,1,1,1,3.9,Low
R00173,C001,2026-06-01,2,3,0,2.9,Low
R00174,C001,2026-01-01,2,0,3,2.7,Low
R00174,C001,2026-02-01,2,1,4,3.6,Low
R00174,C001,2026-03-01,2,2,1,2.8,Low
R00174,C001,2026-04-01,2,1,1,2.8,Low
R00174,C001,2026-05-01,3,2,0,4.8,Low
R00174,C001,2026-06-01,4,5,1,4.0,Medium
R00175,C001,2026-01-01,4,5,1,3.4,Medium
R00175,C001,2026-02-01,3,4,1,2.7,Low
R00175,C001,2026-03-01,3,2,0,2.9,Low
R00175,C001,2026-04-01,3,3,1,3.5,Low
R00175,C001,2026-05-01,2,2,0,4.1,Low
R00175,C001,2026-06-01,3,3,1,4.6,Low
R00176,C001,2026-01-01,3,1,1,4.7,Low
R00176,C001,2026-02-01,3,2,3,2.8,Low
R00176,C001,2026-03-01,4,3,0,4.0,Medium
R00176,C001,2026-04-01,4,3,1,4.2,Medium
R00176,C001,2026-05-01,3,3,2,3.6,Low
R00176,C001,2026-06-01,5,2,2,3.7,Medium
R00177,C001,2026-01-01,2,3,0,3.5,Low
R00177,C001,2026-02-01,1,0,1,3.8,Low
R00177,C001,2026-03-01,3,2,1,2.8,Low
R00177,C001,2026-04-01,3,4,1,3.4,Low
R00177,C001,2026-05-01,3,3,1,4.3,Low
R00177,C001,2026-06-01,5,5,0,2.2,Medium
R00178,C001,2026-01-01,6,2,0,4.0,Medium
R00178,C001,2026-02-01,4,5,1,3.5,Medium
R00178,C001,2026-03-01,6,2,0,4.9,Medium
R00178,C001,2026-04-01,8,4,2,4.5,High
R00178,C001,2026-05-01,5,3,3,3.7,Medium
R00178,C001,2026-06-01,6,3,0,4.2,Medium
R00179,C001,2026-01-01,6,2,0,4.4,Medium
R00179,C001,2026-02-01,5,3,3,3.9,Medium
R00179,C001,2026-03-01,5,4,1,3.1,Medium
R00179,C001,2026-04-01,5,4,0,3.5,Medium
R00179,C001,2026-05-01,5,2,1,4.1,Medium
R00179,C001,2026-06-01,5,3,2,3.9,Medium
R00180,C001,2026-01-01,4,3,0,5.0,Medium
R00180,C001,2026-02-01,4,4,2,3.7,Medium
R00180,C001,2026-03-01,3,2,0,2.5,Low
R00180,C001,2026-04-01,3,2,1,3.8,Low
R00180,C001,2026-05-01,4,3,0,3.9,Medium
R00180,C001,2026-06-01,4,3,0,3.1,Medium
R00181,C001,2026-01-01,1,3,1,3.0,Low
R00181,C001,2026-02-01,2,1,1,3.8,Low
R00181,C001,2026-03-01,0,0,0,3.5,Low
R00181,C001,2026-04-01,5,3,2,4.2,Medium
R00181,C001,2026-05-01,2,0,3,3.3,Low
R00181,C001,2026-06-01,2,0,3,3.4,Low
R00182,C001,2026-01-01,5,4,3,3.3,Medium
R00182,C001,2026-02-01,7,4,1,3.9,High
R00182,C001,2026-03-01,6,3,0,4.3,Medium
R00182,C001,2026-04-01,7,2,0,5.0,High
R00182,C001,2026-05-01,8,3,0,4.7,High
R00182,C001,2026-06-01,8,3,0,4.6,High
R00183,C001,2026-01-01,3,4,1,4.0,Low
R00183,C001,2026-02-01,1,0,1,4.3,Low
R00183,C001,2026-03-01,2,3,1,3.0,Low
R00183,C001,2026-04-01,3,2,1,4.5,Low
R00183,C001,2026-05-01,2,1,1,2.8,Low
R00183,C001,2026-06-01,3,1,0,3.6,Low
R00184,C001,2026-01-01,1,0,0,3.0,Low
R00184,C001,2026-02-01,2,2,1,3.0,Low
R00184,C001,2026-03-01,0,0,1,1.8,Low
R00184,C001,2026-04-01,3,3,3,2.6,Low
R00184,C001,2026-05-01,1,0,1,3.2,Low
R00184,C001,2026-06-01,2,0,3,2.4,Low
R00185,C001,2026-01-01,2,0,1,3.4,Low
R00185,C001,2026-02-01,4,3,1,3.6,Medium
R00185,C001,2026-03-01,4,3,2,3.7,Medium
R00185,C001,2026-04-01,3,1,2,3.0,Low
R00185,C001,2026-05-01,3,1,2,3.6,Low
R00185,C001,2026-06-01,1,0,1,3.6,Low
R00186,C001,2026-01-01,3,2,1,4.1,Low
R00186,C001,2026-02-01,2,1,1,3.2,Low
R00186,C001,2026-03-01,2,3,2,2.6,Low
R00186,C001,2026-04-01,3,3,3,2.6,Low
R00186,C001,2026-05-01,1,0,0,3.5,Low
R00186,C001,2026-06-01,2,2,2,3.1,Low
R00187,C001,2026-01-01,7,4,3,4.2,High
R00187,C001,2026-02-01,5,3,1,3.8,Medium
R00187,C001,2026-03-01,4,2,4,4.6,Medium
R00187,C001,2026-04-01,4,5,1,3.5,Medium
R00187,C001,2026-05-01,4,3,2,4.2,Medium
R00187,C001,2026-06-01,2,2,1,2.8,Low
R00188,C001,2026-01-01,3,2,2,2.5,Low
R00188,C001,2026-02-01,3,4,1,3.5,Low
R00188,C001,2026-03-01,4,5,2,3.9,Medium
R00188,C001,2026-04-01,4,5,2,3.6,Medium
R00188,C001,2026-05-01,3,2,1,3.6,Low
R00188,C001,2026-06-01,3,2,0,2.7,Low
R00189,C001,2026-01-01,3,1,0,4.1,Low
R00189,C001,2026-02-01,3,3,2,4.1,Low
R00189,C001,2026-03-01,3,2,2,4.0,Low
R00189,C001,2026-04-01,1,1,1,3.5,Low
R00189,C001,2026-05-01,3,3,1,4.5,Low
R00189,C001,2026-06-01,3,5,1,4.0,Low
R00190,C001,2026-01-01,4,4,3,3.0,Medium
R00190,C001,2026-02-01,6,4,1,4.9,Medium
R00190,C001,2026-03-01,5,3,3,3.1,Medium
R00190,C001,2026-04-01,4,3,1,3.8,Medium
R00190,C001,2026-05-01,4,4,3,3.8,Medium
R00190,C001,2026-06-01,5,4,1,3.9,Medium
R00191,C001,2026-01-01,1,1,0,3.1,Low
R00191,C001,2026-02-01,1,0,1,3.5,Low
R00191,C001,2026-03-01,3,2,0,3.3,Low
R00191,C001,2026-04-01,2,1,1,3.7,Low
R00191,C001,2026-05-01,0,0,1,3.4,Low
R00191,C001,2026-06-01,0,0,2,2.6,Low
R00192,C001,2026-01-01,2,3,1,2.8,Low
R00192,C001,2026-02-01,0,0,1,3.1,Low
R00192,C001,2026-03-01,0,0,1,3.8,Low
R00192,C001,2026-04-01,4,3,2,2.9,Medium
R00192,C001,2026-05-01,1,0,0,3.0,Low
R00192,C001,2026-06-01,1,1,1,3.0,Low
R00193,C001,2026-01-01,0,0,1,2.0,Low
R00193,C001,2026-02-01,1,0,2,2.2,Low
R00193,C001,2026-03-01,0,0,1,2.9,Low
R00193,C001,2026-04-01,0,0,0,3.1,Low
R00193,C001,2026-05-01,3,2,1,3.7,Low
R00193,C001,2026-06-01,2,1,2,3.3,Low
R00194,C001,2026-01-01,4,2,1,2.3,Medium
R00194,C001,2026-02-01,2,0,0,3.3,Low
R00194,C001,2026-03-01,1,2,1,2.6,Low
R00194,C001,2026-04-01,1,1,2,3.7,Low
R00194,C001,2026-05-01,2,2,0,4.7,Low
R00194,C001,2026-06-01,1,0,1,3.6,Low
R00195,C001,2026-01-01,5,3,2,4.0,Medium
R00195,C001,2026-02-01,4,3,1,3.3,Medium
R00195,C001,2026-03-01,3,4,2,3.2,Low
R00195,C001,2026-04-01,4,3,0,4.1,Medium
R00195,C001,2026-05-01,5,2,1,4.4,Medium
R00195,C001,2026-06-01,3,3,0,4.0,Low
R00196,C001,2026-01-01,7,4,1,5.0,High
R00196,C001,2026-02-01,3,1,3,3.3,Low
R00196,C001,2026-03-01,4,4,3,3.4,Medium
R00196,C001,2026-04-01,5,3,1,3.4,Medium
R00196,C001,2026-05-01,5,3,2,3.9,Medium
R00196,C001,2026-06-01,5,4,1,4.5,Medium
R00197,C001,2026-01-01,3,3,2,2.9,Low
R00197,C001,2026-02-01,3,2,0,3.1,Low
R00197,C001,2026-03-01,2,1,2,3.9,Low
R00197,C001,2026-04-01,4,2,1,4.4,Medium
R00197,C001,2026-05-01,2,2,2,3.7,Low
R00197,C001,2026-06-01,1,0,1,4.1,Low
R00198,C001,2026-01-01,5,4,2,3.2,Medium
R00198,C001,2026-02-01,6,4,0,4.2,Medium
R00198,C001,2026-03-01,6,3,3,3.5,Medium
R00198,C001,2026-04-01,5,3,3,3.7,Medium
R00198,C001,2026-05-01,4,3,1,3.1,Medium
R00198,C001,2026-06-01,6,1,1,4.1,Medium
R00199,C001,2026-01-01,4,5,1,3.6,Medium
R00199,C001,2026-02-01,5,4,3,3.4,Medium
R00199,C001,2026-03-01,8,2,3,4.2,High
R00199,C001,2026-04-01,4,5,2,3.9,Medium
R00199,C001,2026-05-01,6,5,0,5.0,Medium
R00199,C001,2026-06-01,5,3,1,4.9,Medium
R00200,C001,2026-01-01,4,2,0,3.4,Medium
R00200,C001,2026-02-01,4,2,0,4.4,Medium
R00200,C001,2026-03-01,3,3,3,3.2,Low
R00200,C001,2026-04-01,4,4,1,3.8,Medium
R00200,C001,2026-05-01,4,3,1,4.1,Medium
R00200,C001,2026-06-01,3,1,2,3.1,Low
R00201,C001,2026-01-01,4,2,1,3.6,Medium
R00201,C001,2026-02-01,4,3,0,4.9,Medium
R00201,C001,2026-03-01,5,4,1,3.2,Medium
R00201,C001,2026-04-01,5,4,0,3.6,Medium
R00201,C001,2026-05-01,4,3,2,3.6,Medium
R00201,C001,2026-06-01,5,2,1,3.7,Medium
R00202,C001,2026-01-01,2,0,2,3.0,Low
R00202,C001,2026-02-01,2,1,0,3.4,Low
R00202,C001,2026-03-01,3,2,0,2.6,Low
R00202,C001,2026-04-01,3,5,1,3.8,Low
R00202,C001,2026-05-01,3,3,0,4.1,Low
R00202,C001,2026-06-01,0,0,2,2.8,Low
R00203,C001,2026-01-01,4,4,1,4.4,Medium
R00203,C001,2026-02-01,5,3,1,3.8,Medium
R00203,C001,2026-03-01,4,2,4,2.8,Medium
R00203,C001,2026-04-01,5,3,3,4.1,Medium
R00203,C001,2026-05-01,4,3,0,3.2,Medium
R00203,C001,2026-06-01,5,5,1,4.5,Medium
R00204,C001,2026-01-01,0,0,1,2.9,Low
R00204,C001,2026-02-01,3,4,1,3.8,Low
R00204,C001,2026-03-01,3,2,2,3.9,Low
R00204,C001,2026-04-01,2,2,1,4.1,Low
R00204,C001,2026-05-01,3,3,0,3.2,Low
R00204,C001,2026-06-01,3,2,1,3.1,Low
R00205,C001,2026-01-01,0,1,0,3.4,Low
R00205,C001,2026-02-01,2,1,0,4.2,Low
R00205,C001,2026-03-01,1,1,1,3.2,Low
R00205,C001,2026-04-01,2,3,2,3.2,Low
R00205,C001,2026-05-01,1,2,2,3.5,Low
R00205,C001,2026-06-01,2,0,3,3.4,Low
R00206,C001,2026-01-01,2,2,0,3.6,Low
R00206,C001,2026-02-01,2,1,0,3.0,Low
R00206,C001,2026-03-01,0,0,0,3.0,Low
R00206,C001,2026-04-01,1,0,2,2.3,Low
R00206,C001,2026-05-01,1,2,0,3.3,Low
R00206,C001,2026-06-01,0,1,1,2.8,Low
R00207,C001,2026-01-01,1,1,2,3.4,Low
R00207,C001,2026-02-01,2,2,0,2.6,Low
R00207,C001,2026-03-01,2,2,4,3.8,Low
R00207,C001,2026-04-01,2,1,2,3.7,Low
R00207,C001,2026-05-01,1,0,0,3.4,Low
R00207,C001,2026-06-01,1,0,2,2.0,Low
R00208,C001,2026-01-01,1,2,1,2.4,Low
R00208,C001,2026-02-01,1,0,0,3.0,Low
R00208,C001,2026-03-01,0,0,1,2.9,Low
R00208,C001,2026-04-01,0,0,1,3.0,Low
R00208,C001,2026-05-01,1,0,1,3.6,Low
R00208,C001,2026-06-01,2,2,0,4.2,Low
R00209,C001,2026-01-01,4,4,2,3.5,Medium
R00209,C001,2026-02-01,3,1,0,3.8,Low
R00209,C001,2026-03-01,4,3,1,4.0,Medium
R00209,C001,2026-04-01,5,4,2,3.5,Medium
R00209,C001,2026-05-01,5,3,3,2.9,Medium
R00209,C001,2026-06-01,5,4,0,3.8,Medium
R00210,C001,2026-01-01,5,2,1,4.4,Medium
R00210,C001,2026-02-01,6,3,3,3.7,Medium
R00210,C001,2026-03-01,5,4,2,3.8,Medium
R00210,C001,2026-04-01,4,3,2,3.7,Medium
R00210,C001,2026-05-01,6,4,0,5.0,Medium
R00210,C001,2026-06-01,6,2,0,4.5,Medium
R00211,C001,2026-01-01,7,5,1,3.8,High
R00211,C001,2026-02-01,9,5,0,4.3,High
R00211,C001,2026-03-01,9,4,1,4.9,High
R00211,C001,2026-04-01,8,3,3,4.9,High
R00211,C001,2026-05-01,7,2,1,4.7,High
R00211,C001,2026-06-01,7,4,0,4.2,High
R00212,C001,2026-01-01,2,2,0,2.5,Low
R00212,C001,2026-02-01,0,0,2,3.3,Low
R00212,C001,2026-03-01,1,0,3,3.2,Low
R00212,C001,2026-04-01,0,0,2,4.0,Low
R00212,C001,2026-05-01,0,0,1,3.6,Low
R00212,C001,2026-06-01,2,2,1,3.4,Low
R00213,C001,2026-01-01,4,2,1,3.0,Medium
R00213,C001,2026-02-01,4,3,2,4.1,Medium
R00213,C001,2026-03-01,3,2,0,4.0,Low
R00213,C001,2026-04-01,4,5,2,3.2,Medium
R00213,C001,2026-05-01,3,2,1,3.2,Low
R00213,C001,2026-06-01,3,2,0,4.1,Low
R00214,C001,2026-01-01,2,2,0,3.5,Low
R00214,C001,2026-02-01,5,3,1,4.0,Medium
R00214,C001,2026-03-01,5,4,0,4.5,Medium
R00214,C001,2026-04-01,3,1,0,3.7,Low
R00214,C001,2026-05-01,3,2,2,3.8,Low
R00214,C001,2026-06-01,2,2,1,2.5,Low
R00215,C001,2026-01-01,0,0,0,4.5,Low
R00215,C001,2026-02-01,2,2,1,3.7,Low
R00215,C001,2026-03-01,0,0,0,4.1,Low
R00215,C001,2026-04-01,2,1,2,3.4,Low
R00215,C001,2026-05-01,1,2,3,3.1,Low
R00215,C001,2026-06-01,3,4,0,3.3,Low
R00216,C001,2026-01-01,4,3,1,2.6,Medium
R00216,C001,2026-02-01,4,3,0,4.0,Medium
R00216,C001,2026-03-01,5,3,1,3.7,Medium
R00216,C001,2026-04-01,4,5,0,5.0,Medium
R00216,C001,2026-05-01,5,3,0,3.7,Medium
R00216,C001,2026-06-01,4,3,0,3.3,Medium
R00217,C001,2026-01-01,1,3,1,3.6,Low
R00217,C001,2026-02-01,1,0,0,2.8,Low
R00217,C001,2026-03-01,0,0,1,2.7,Low
R00217,C001,2026-04-01,2,3,1,2.8,Low
R00217,C001,2026-05-01,2,1,0,4.0,Low
R00217,C001,2026-06-01,1,0,1,4.2,Low
R00218,C001,2026-01-01,4,3,2,3.6,Medium
R00218,C001,2026-02-01,3,4,1,3.5,Low
R00218,C001,2026-03-01,4,5,1,3.5,Medium
R00218,C001,2026-04-01,3,4,1,2.9,Low
R00218,C001,2026-05-01,3,1,1,4.0,Low
R00218,C001,2026-06-01,4,4,2,3.4,Medium
R00219,C001,2026-01-01,4,4,1,3.6,Medium
R00219,C001,2026-02-01,3,2,0,4.8,Low
R00219,C001,2026-03-01,5,5,3,4.7,Medium
R00219,C001,2026-04-01,2,0,1,4.2,Low
R00219,C001,2026-05-01,3,2,1,2.9,Low
R00219,C001,2026-06-01,6,3,3,3.9,Medium
R00220,C001,2026-01-01,1,0,0,3.8,Low
R00220,C001,2026-02-01,0,0,3,2.8,Low
R00220,C001,2026-03-01,3,4,4,4.6,Low
R00220,C001,2026-04-01,0,0,1,3.8,Low
R00220,C001,2026-05-01,2,1,1,4.4,Low
R00220,C001,2026-06-01,3,2,0,3.9,Low
R00221,C001,2026-01-01,3,3,1,4.2,Low
R00221,C001,2026-02-01,3,2,3,3.7,Low
R00221,C001,2026-03-01,2,2,1,2.4,Low
R00221,C001,2026-04-01,4,5,3,2.9,Medium
R00221,C001,2026-05-01,1,2,0,4.5,Low
R00221,C001,2026-06-01,4,5,1,4.1,Medium
R00222,C001,2026-01-01,4,1,1,3.1,Medium
R00222,C001,2026-02-01,4,4,2,4.4,Medium
R00222,C001,2026-03-01,2,3,3,2.9,Low
R00222,C001,2026-04-01,1,0,1,3.2,Low
R00222,C001,2026-05-01,4,4,1,3.1,Medium
R00222,C001,2026-06-01,1,0,1,4.8,Low
R00223,C001,2026-01-01,1,0,0,2.7,Low
R00223,C001,2026-02-01,2,1,1,4.1,Low
R00223,C001,2026-03-01,3,0,0,4.5,Low
R00223,C001,2026-04-01,1,2,2,2.9,Low
R00223,C001,2026-05-01,2,2,0,3.3,Low
R00223,C001,2026-06-01,1,0,1,3.3,Low
R00224,C001,2026-01-01,4,2,2,3.4,Medium
R00224,C001,2026-02-01,3,2,1,4.4,Low
R00224,C001,2026-03-01,4,2,0,3.7,Medium
R00224,C001,2026-04-01,5,1,4,3.9,Medium
R00224,C001,2026-05-01,3,0,1,3.2,Low
R00224,C001,2026-06-01,3,3,0,3.7,Low
R00225,C001,2026-01-01,3,4,1,4.3,Low
R00225,C001,2026-02-01,1,0,1,3.9,Low
R00225,C001,2026-03-01,2,1,1,3.6,Low
R00225,C001,2026-04-01,3,5,1,4.6,Low
R00225,C001,2026-05-01,5,3,5,3.5,Medium
R00225,C001,2026-06-01,3,2,3,3.7,Low
R00226,C001,2026-01-01,8,3,1,4.5,High
R00226,C001,2026-02-01,6,3,1,5.0,Medium
R00226,C001,2026-03-01,7,1,1,4.4,High
R00226,C001,2026-04-01,4,3,3,3.6,Medium
R00226,C001,2026-05-01,6,4,1,4.0,Medium
R00226,C001,2026-06-01,6,3,0,3.7,Medium
R00227,C001,2026-01-01,1,0,0,3.5,Low
R00227,C001,2026-02-01,3,2,1,3.6,Low
R00227,C001,2026-03-01,3,4,2,3.9,Low
R00227,C001,2026-04-01,3,2,1,4.0,Low
R00227,C001,2026-05-01,3,3,4,3.2,Low
R00227,C001,2026-06-01,1,1,2,2.1,Low
R00228,C001,2026-01-01,3,2,1,3.1,Low
R00228,C001,2026-02-01,2,1,1,3.9,Low
R00228,C001,2026-03-01,4,3,1,4.4,Medium
R00228,C001,2026-04-01,4,4,1,3.8,Medium
R00228,C001,2026-05-01,2,1,0,2.8,Low
R00228,C001,2026-06-01,3,4,1,3.2,Low
R00229,C001,2026-01-01,2,0,3,2.7,Low
R00229,C001,2026-02-01,1,0,1,2.9,Low
R00229,C001,2026-03-01,0,1,1,3.3,Low
R00229,C001,2026-04-01,0,0,1,3.0,Low
R00229,C001,2026-05-01,2,2,2,3.4,Low
R00229,C001,2026-06-01,0,1,6,3.8,Low
R00230,C001,2026-01-01,5,3,0,3.4,Medium
R00230,C001,2026-02-01,4,5,1,3.3,Medium
R00230,C001,2026-03-01,6,2,1,4.3,Medium
R00230,C001,2026-04-01,5,2,2,3.7,Medium
R00230,C001,2026-05-01,6,3,2,3.6,Medium
R00230,C001,2026-06-01,6,4,2,3.4,Medium
R00231,C001,2026-01-01,4,4,1,4.3,Medium
R00231,C001,2026-02-01,3,3,0,4.0,Low
R00231,C001,2026-03-01,4,4,2,3.4,Medium
R00231,C001,2026-04-01,3,5,3,3.7,Low
R00231,C001,2026-05-01,4,2,2,2.7,Medium
R00231,C001,2026-06-01,5,5,1,4.1,Medium
R00232,C001,2026-01-01,5,0,0,3.5,Medium
R00232,C001,2026-02-01,7,2,0,4.8,High
R00232,C001,2026-03-01,4,3,1,3.1,Medium
R00232,C001,2026-04-01,6,5,0,4.7,Medium
R00232,C001,2026-05-01,5,3,1,5.0,Medium
R00232,C001,2026-06-01,8,4,1,5.0,High
R00233,C001,2026-01-01,5,5,0,4.7,Medium
R00233,C001,2026-02-01,6,3,0,4.6,Medium
R00233,C001,2026-03-01,6,2,1,3.5,Medium
R00233,C001,2026-04-01,5,5,0,3.6,Medium
R00233,C001,2026-05-01,7,3,0,5.0,High
R00233,C001,2026-06-01,6,2,1,4.9,Medium
R00234,C001,2026-01-01,8,4,4,4.7,High
R00234,C001,2026-02-01,7,4,0,3.2,High
R00234,C001,2026-03-01,7,3,1,2.8,High
R00234,C001,2026-04-01,8,5,2,4.5,High
R00234,C001,2026-05-01,8,3,1,4.6,High
R00234,C001,2026-06-01,7,3,2,4.3,High
R00235,C001,2026-01-01,5,4,0,4.6,Medium
R00235,C001,2026-02-01,4,3,2,4.0,Medium
R00235,C001,2026-03-01,6,4,0,3.6,Medium
R00235,C001,2026-04-01,5,2,1,3.3,Medium
R00235,C001,2026-05-01,4,3,1,4.6,Medium
R00235,C001,2026-06-01,6,5,2,4.1,Medium
R00236,C001,2026-01-01,5,5,0,3.3,Medium
R00236,C001,2026-02-01,4,4,0,4.4,Medium
R00236,C001,2026-03-01,5,3,1,3.7,Medium
R00236,C001,2026-04-01,6,2,2,3.5,Medium
R00236,C001,2026-05-01,5,5,0,4.1,Medium
R00236,C001,2026-06-01,3,1,1,3.2,Low
R00237,C001,2026-01-01,3,3,2,4.0,Low
R00237,C001,2026-02-01,3,3,0,3.6,Low
R00237,C001,2026-03-01,2,2,1,3.0,Low
R00237,C001,2026-04-01,1,2,1,2.9,Low
R00237,C001,2026-05-01,2,2,0,3.0,Low
R00237,C001,2026-06-01,1,0,1,3.5,Low
R00238,C001,2026-01-01,1,0,1,2.8,Low
R00238,C001,2026-02-01,1,2,2,2.6,Low
R00238,C001,2026-03-01,1,0,0,2.9,Low
R00238,C001,2026-04-01,1,3,1,3.7,Low
R00238,C001,2026-05-01,3,3,1,4.2,Low
R00238,C001,2026-06-01,1,1,2,3.6,Low
R00239,C001,2026-01-01,1,1,1,3.8,Low
R00239,C001,2026-02-01,3,1,0,4.9,Low
R00239,C001,2026-03-01,3,1,3,3.3,Low
R00239,C001,2026-04-01,5,2,3,4.0,Medium
R00239,C001,2026-05-01,4,3,1,2.7,Medium
R00239,C001,2026-06-01,3,1,1,3.8,Low
R00240,C001,2026-01-01,2,1,2,3.9,Low
R00240,C001,2026-02-01,3,2,0,4.0,Low
R00240,C001,2026-03-01,2,3,3,2.6,Low
R00240,C001,2026-04-01,3,4,1,4.0,Low
R00240,C001,2026-05-01,2,2,0,4.4,Low
R00240,C001,2026-06-01,2,1,0,3.1,Low
R00241,C001,2026-01-01,3,3,3,3.0,Low
R00241,C001,2026-02-01,5,3,2,3.2,Medium
R00241,C001,2026-03-01,2,3,1,3.5,Low
R00241,C001,2026-04-01,4,3,0,4.0,Medium
R00241,C001,2026-05-01,3,3,0,3.6,Low
R00241,C001,2026-06-01,4,4,3,2.7,Medium
R00242,C001,2026-01-01,5,4,3,4.2,Medium
R00242,C001,2026-02-01,3,3,1,3.7,Low
R00242,C001,2026-03-01,2,0,3,4.1,Low
R00242,C001,2026-04-01,3,5,2,2.6,Low
R00242,C001,2026-05-01,4,3,3,3.3,Medium
R00242,C001,2026-06-01,4,5,1,3.7,Medium
R00243,C001,2026-01-01,4,4,1,2.8,Medium
R00243,C001,2026-02-01,3,3,3,3.3,Low
R00243,C001,2026-03-01,2,1,1,3.7,Low
R00243,C001,2026-04-01,1,2,1,2.8,Low
R00243,C001,2026-05-01,1,1,1,3.7,Low
R00243,C001,2026-06-01,3,2,0,4.0,Low
R00244,C001,2026-01-01,5,5,1,4.0,Medium
R00244,C001,2026-02-01,4,4,3,3.0,Medium
R00244,C001,2026-03-01,5,3,0,3.6,Medium
R00244,C001,2026-04-01,7,2,3,3.9,High
R00244,C001,2026-05-01,4,3,4,3.2,Medium
R00244,C001,2026-06-01,4,5,3,3.5,Medium
R00245,C001,2026-01-01,0,0,0,2.5,Low
R00245,C001,2026-02-01,0,0,2,3.3,Low
R00245,C001,2026-03-01,0,0,1,3.5,Low
R00245,C001,2026-04-01,1,1,1,2.5,Low
R00245,C001,2026-05-01,0,2,2,2.7,Low
R00245,C001,2026-06-01,0,0,3,2.8,Low
R00246,C001,2026-01-01,5,5,1,3.9,Medium
R00246,C001,2026-02-01,6,3,0,4.6,Medium
R00246,C001,2026-03-01,4,2,0,3.6,Medium
R00246,C001,2026-04-01,8,5,4,4.6,High
R00246,C001,2026-05-01,5,4,0,3.9,Medium
R00246,C001,2026-06-01,5,3,0,3.8,Medium
R00247,C002,2026-01-01,0,0,4,3.0,Low
R00247,C002,2026-02-01,1,1,0,3.2,Low
R00247,C002,2026-03-01,0,0,1,3.3,Low
R00247,C002,2026-04-01,0,0,0,3.9,Low
R00247,C002,2026-05-01,1,0,1,1.8,Low
R00247,C002,2026-06-01,0,0,1,3.9,Low
R00248,C002,2026-01-01,2,1,2,3.6,Low
R00248,C002,2026-02-01,3,2,1,3.3,Low
R00248,C002,2026-03-01,2,2,2,3.4,Low
R00248,C002,2026-04-01,1,0,1,4.2,Low
R00248,C002,2026-05-01,1,0,2,3.9,Low
R00248,C002,2026-06-01,0,0,0,3.6,Low
R00249,C002,2026-01-01,3,3,0,3.7,Low
R00249,C002,2026-02-01,7,4,0,4.0,High
R00249,C002,2026-03-01,6,3,1,4.2,Medium
R00249,C002,2026-04-01,7,4,2,4.9,High
R00249,C002,2026-05-01,5,5,0,4.6,Medium
R00249,C002,2026-06-01,7,3,2,4.3,High
R00250,C002,2026-01-01,6,3,2,4.3,Medium
R00250,C002,2026-02-01,6,4,1,4.9,Medium
R00250,C002,2026-03-01,7,3,0,3.5,High
R00250,C002,2026-04-01,6,0,1,4.1,Medium
R00250,C002,2026-05-01,5,4,0,5.0,Medium
R00250,C002,2026-06-01,5,4,1,4.6,Medium
R00251,C002,2026-01-01,5,3,1,3.9,Medium
R00251,C002,2026-02-01,5,4,1,4.2,Medium
R00251,C002,2026-03-01,5,2,0,3.5,Medium
R00251,C002,2026-04-01,3,2,1,3.4,Low
R00251,C002,2026-05-01,5,3,2,4.4,Medium
R00251,C002,2026-06-01,5,4,1,4.7,Medium
R00252,C002,2026-01-01,4,3,2,3.8,Medium
R00252,C002,2026-02-01,2,2,2,3.1,Low
R00252,C002,2026-03-01,3,4,1,2.8,Low
R00252,C002,2026-04-01,4,2,0,3.8,Medium
R00252,C002,2026-05-01,4,3,0,3.9,Medium
R00252,C002,2026-06-01,6,5,3,4.6,Medium
R00253,C002,2026-01-01,4,3,0,3.9,Medium
R00253,C002,2026-02-01,4,5,1,4.0,Medium
R00253,C002,2026-03-01,2,0,2,3.3,Low
R00253,C002,2026-04-01,3,3,0,3.3,Low
R00253,C002,2026-05-01,3,3,1,3.9,Low
R00253,C002,2026-06-01,3,2,0,4.2,Low
R00254,C002,2026-01-01,5,4,1,4.2,Medium
R00254,C002,2026-02-01,7,2,1,4.3,High
R00254,C002,2026-03-01,4,4,1,3.5,Medium
R00254,C002,2026-04-01,5,2,3,3.5,Medium
R00254,C002,2026-05-01,6,3,0,3.9,Medium
R00254,C002,2026-06-01,6,2,1,3.6,Medium
R00255,C002,2026-01-01,5,4,1,3.6,Medium
R00255,C002,2026-02-01,5,3,0,4.8,Medium
R00255,C002,2026-03-01,4,5,0,4.4,Medium
R00255,C002,2026-04-01,5,5,1,3.8,Medium
R00255,C002,2026-05-01,3,4,2,3.5,Low
R00255,C002,2026-06-01,5,4,4,3.0,Medium
R00256,C002,2026-01-01,7,4,1,4.4,High
R00256,C002,2026-02-01,6,4,1,5.0,Medium
R00256,C002,2026-03-01,4,3,0,4.3,Medium
R00256,C002,2026-04-01,3,1,2,3.7,Low
R00256,C002,2026-05-01,5,3,2,4.7,Medium
R00256,C002,2026-06-01,2,1,1,2.7,Low
R00257,C002,2026-01-01,4,5,2,2.0,Medium
R00257,C002,2026-02-01,5,5,3,3.2,Medium
R00257,C002,2026-03-01,4,5,3,2.7,Medium
R00257,C002,2026-04-01,4,3,1,3.8,Medium
R00257,C002,2026-05-01,5,4,1,3.4,Medium
R00257,C002,2026-06-01,3,4,1,3.3,Low
R00258,C002,2026-01-01,4,3,1,4.4,Medium
R00258,C002,2026-02-01,5,4,1,4.3,Medium
R00258,C002,2026-03-01,5,2,0,5.0,Medium
R00258,C002,2026-04-01,5,3,2,4.5,Medium
R00258,C002,2026-05-01,6,4,0,4.4,Medium
R00258,C002,2026-06-01,3,2,2,2.5,Low
R00259,C002,2026-01-01,7,5,0,4.9,High
R00259,C002,2026-02-01,7,2,1,5.0,High
R00259,C002,2026-03-01,6,5,0,5.0,Medium
R00259,C002,2026-04-01,7,4,3,4.3,High
R00259,C002,2026-05-01,6,2,1,5.0,Medium
R00259,C002,2026-06-01,7,3,1,4.4,High
R00260,C002,2026-01-01,3,3,2,4.1,Low
R00260,C002,2026-02-01,3,2,4,2.6,Low
R00260,C002,2026-03-01,2,3,2,2.3,Low
R00260,C002,2026-04-01,3,2,2,3.7,Low
R00260,C002,2026-05-01,3,2,2,3.5,Low
R00260,C002,2026-06-01,2,1,2,3.0,Low
R00261,C002,2026-01-01,5,2,3,3.5,Medium
R00261,C002,2026-02-01,5,4,4,2.9,Medium
R00261,C002,2026-03-01,7,2,2,3.5,High
R00261,C002,2026-04-01,5,3,2,4.2,Medium
R00261,C002,2026-05-01,7,4,2,4.5,High
R00261,C002,2026-06-01,7,4,1,4.5,High
R00262,C002,2026-01-01,5,5,1,3.7,Medium
R00262,C002,2026-02-01,6,3,0,4.3,Medium
R00262,C002,2026-03-01,6,4,1,4.1,Medium
R00262,C002,2026-04-01,4,3,0,4.8,Medium
R00262,C002,2026-05-01,5,3,1,3.8,Medium
R00262,C002,2026-06-01,6,4,3,4.1,Medium
R00263,C002,2026-01-01,3,4,2,2.6,Low
R00263,C002,2026-02-01,2,1,0,3.2,Low
R00263,C002,2026-03-01,2,0,0,4.1,Low
R00263,C002,2026-04-01,2,1,1,4.3,Low
R00263,C002,2026-05-01,2,0,2,2.5,Low
R00263,C002,2026-06-01,3,3,1,3.3,Low
R00264,C002,2026-01-01,0,1,3,2.9,Low
R00264,C002,2026-02-01,2,3,1,4.6,Low
R00264,C002,2026-03-01,1,1,1,3.2,Low
R00264,C002,2026-04-01,3,4,0,3.3,Low
R00264,C002,2026-05-01,3,4,1,5.0,Low
R00264,C002,2026-06-01,2,3,1,3.3,Low
R00265,C002,2026-01-01,2,1,1,3.5,Low
R00265,C002,2026-02-01,1,1,1,3.5,Low
R00265,C002,2026-03-01,0,1,1,3.0,Low
R00265,C002,2026-04-01,1,0,1,2.7,Low
R00265,C002,2026-05-01,0,0,1,2.6,Low
R00265,C002,2026-06-01,0,0,2,3.8,Low
R00266,C002,2026-01-01,7,3,1,3.5,High
R00266,C002,2026-02-01,7,3,0,4.0,High
R00266,C002,2026-03-01,7,4,3,4.1,High
R00266,C002,2026-04-01,8,3,0,5.0,High
R00266,C002,2026-05-01,7,5,2,3.0,High
R00266,C002,2026-06-01,7,5,0,4.8,High
R00267,C002,2026-01-01,6,3,0,4.4,Medium
R00267,C002,2026-02-01,7,3,2,4.2,High
R00267,C002,2026-03-01,5,4,1,3.6,Medium
R00267,C002,2026-04-01,5,5,2,3.0,Medium
R00267,C002,2026-05-01,6,3,0,4.0,Medium
R00267,C002,2026-06-01,7,2,0,4.6,High
R00268,C002,2026-01-01,4,4,3,2.2,Medium
R00268,C002,2026-02-01,1,0,0,3.7,Low
R00268,C002,2026-03-01,0,0,2,3.0,Low
R00268,C002,2026-04-01,1,0,2,3.6,Low
R00268,C002,2026-05-01,2,1,1,2.8,Low
R00268,C002,2026-06-01,1,0,0,4.2,Low
R00269,C002,2026-01-01,2,1,1,2.8,Low
R00269,C002,2026-02-01,0,0,1,3.2,Low
R00269,C002,2026-03-01,1,1,0,4.3,Low
R00269,C002,2026-04-01,1,2,1,3.4,Low
R00269,C002,2026-05-01,0,0,1,3.2,Low
R00269,C002,2026-06-01,0,0,2,3.3,Low
R00270,C002,2026-01-01,7,4,0,5.0,High
R00270,C002,2026-02-01,9,5,2,4.8,High
R00270,C002,2026-03-01,8,4,0,5.0,High
R00270,C002,2026-04-01,10,4,1,4.3,High
R00270,C002,2026-05-01,8,4,2,5.0,High
R00270,C002,2026-06-01,8,4,2,4.6,High
R00271,C002,2026-01-01,1,1,2,4.1,Low
R00271,C002,2026-02-01,2,0,3,3.6,Low
R00271,C002,2026-03-01,3,3,1,3.6,Low
R00271,C002,2026-04-01,2,0,0,3.4,Low
R00271,C002,2026-05-01,3,2,2,3.9,Low
R00271,C002,2026-06-01,3,3,1,3.2,Low
R00272,C002,2026-01-01,2,1,1,3.7,Low
R00272,C002,2026-02-01,2,1,0,3.5,Low
R00272,C002,2026-03-01,0,0,0,3.3,Low
R00272,C002,2026-04-01,2,3,1,2.6,Low
R00272,C002,2026-05-01,3,3,1,3.6,Low
R00272,C002,2026-06-01,2,0,4,3.0,Low
R00273,C002,2026-01-01,3,3,2,3.5,Low
R00273,C002,2026-02-01,4,5,3,3.7,Medium
R00273,C002,2026-03-01,4,4,1,3.6,Medium
R00273,C002,2026-04-01,6,5,1,4.1,Medium
R00273,C002,2026-05-01,6,2,1,4.5,Medium
R00273,C002,2026-06-01,4,4,0,3.5,Medium
R00274,C002,2026-01-01,3,4,2,4.2,Low
R00274,C002,2026-02-01,6,3,2,3.4,Medium
R00274,C002,2026-03-01,4,4,0,3.4,Medium
R00274,C002,2026-04-01,4,4,4,3.9,Medium
R00274,C002,2026-05-01,5,4,0,4.4,Medium
R00274,C002,2026-06-01,5,4,2,4.6,Medium
R00275,C002,2026-01-01,4,2,0,4.3,Medium
R00275,C002,2026-02-01,3,2,1,2.5,Low
R00275,C002,2026-03-01,5,2,4,3.7,Medium
R00275,C002,2026-04-01,3,3,1,3.2,Low
R00275,C002,2026-05-01,3,3,1,2.7,Low
R00275,C002,2026-06-01,1,0,2,2.8,Low
R00276,C002,2026-01-01,6,3,0,5.0,Medium
R00276,C002,2026-02-01,7,3,0,5.0,High
R00276,C002,2026-03-01,6,3,0,3.6,Medium
R00276,C002,2026-04-01,5,3,1,4.8,Medium
R00276,C002,2026-05-01,6,5,3,4.4,Medium
R00276,C002,2026-06-01,5,3,1,3.5,Medium
R00277,C002,2026-01-01,5,4,0,3.5,Medium
R00277,C002,2026-02-01,5,5,1,4.2,Medium
R00277,C002,2026-03-01,5,2,2,4.8,Medium
R00277,C002,2026-04-01,6,2,1,4.1,Medium
R00277,C002,2026-05-01,4,3,1,3.6,Medium
R00277,C002,2026-06-01,6,4,4,3.3,Medium
R00278,C002,2026-01-01,4,2,0,3.8,Medium
R00278,C002,2026-02-01,5,4,0,4.4,Medium
R00278,C002,2026-03-01,3,3,0,3.6,Low
R00278,C002,2026-04-01,6,2,2,3.9,Medium
R00278,C002,2026-05-01,4,3,2,4.1,Medium
R00278,C002,2026-06-01,3,2,0,3.9,Low
R00279,C002,2026-01-01,6,5,3,4.4,Medium
R00279,C002,2026-02-01,6,4,2,4.0,Medium
R00279,C002,2026-03-01,6,3,2,3.5,Medium
R00279,C002,2026-04-01,7,3,3,4.1,High
R00279,C002,2026-05-01,7,2,2,4.7,High
R00279,C002,2026-06-01,8,4,0,3.6,High
R00280,C002,2026-01-01,5,5,1,3.6,Medium
R00280,C002,2026-02-01,4,3,1,3.3,Medium
R00280,C002,2026-03-01,6,3,2,4.1,Medium
R00280,C002,2026-04-01,5,3,0,4.7,Medium
R00280,C002,2026-05-01,3,2,2,3.6,Low
R00280,C002,2026-06-01,6,4,2,4.1,Medium
R00281,C002,2026-01-01,6,2,0,4.4,Medium
R00281,C002,2026-02-01,5,3,1,3.5,Medium
R00281,C002,2026-03-01,5,4,0,3.3,Medium
R00281,C002,2026-04-01,7,3,0,4.5,High
R00281,C002,2026-05-01,4,4,1,4.8,Medium
R00281,C002,2026-06-01,5,4,1,3.3,Medium
R00282,C002,2026-01-01,3,1,2,3.5,Low
R00282,C002,2026-02-01,5,5,1,3.8,Medium
R00282,C002,2026-03-01,4,3,0,4.1,Medium
R00282,C002,2026-04-01,5,4,2,2.8,Medium
R00282,C002,2026-05-01,3,1,0,4.3,Low
R00282,C002,2026-06-01,5,5,1,3.6,Medium
R00283,C002,2026-01-01,5,4,0,4.2,Medium
R00283,C002,2026-02-01,5,3,3,3.3,Medium
R00283,C002,2026-03-01,4,4,0,3.9,Medium
R00283,C002,2026-04-01,5,1,2,3.1,Medium
R00283,C002,2026-05-01,4,4,2,3.9,Medium
R00283,C002,2026-06-01,4,2,3,3.3,Medium
R00284,C002,2026-01-01,0,0,1,2.6,Low
R00284,C002,2026-02-01,0,0,0,2.8,Low
R00284,C002,2026-03-01,0,0,2,3.2,Low
R00284,C002,2026-04-01,0,0,1,3.9,Low
R00284,C002,2026-05-01,0,1,2,3.1,Low
R00284,C002,2026-06-01,0,0,0,3.2,Low
R00285,C002,2026-01-01,7,3,0,4.4,High
R00285,C002,2026-02-01,6,2,0,4.5,Medium
R00285,C002,2026-03-01,4,3,3,3.4,Medium
R00285,C002,2026-04-01,7,5,1,3.5,High
R00285,C002,2026-05-01,7,3,2,4.0,High
R00285,C002,2026-06-01,6,2,0,3.3,Medium
R00286,C002,2026-01-01,3,3,2,4.2,Low
R00286,C002,2026-02-01,3,2,3,4.1,Low
R00286,C002,2026-03-01,2,1,0,3.2,Low
R00286,C002,2026-04-01,1,1,0,4.6,Low
R00286,C002,2026-05-01,2,1,1,3.4,Low
R00286,C002,2026-06-01,3,3,1,3.6,Low
R00287,C002,2026-01-01,5,3,1,4.0,Medium
R00287,C002,2026-02-01,3,2,0,3.3,Low
R00287,C002,2026-03-01,5,4,2,3.5,Medium
R00287,C002,2026-04-01,6,3,0,3.6,Medium
R00287,C002,2026-05-01,3,3,1,3.6,Low
R00287,C002,2026-06-01,6,5,1,5.0,Medium
R00288,C002,2026-01-01,1,1,1,4.3,Low
R00288,C002,2026-02-01,1,2,1,4.0,Low
R00288,C002,2026-03-01,1,0,2,3.2,Low
R00288,C002,2026-04-01,0,0,0,3.6,Low
R00288,C002,2026-05-01,2,0,4,3.2,Low
R00288,C002,2026-06-01,1,0,1,2.4,Low
R00289,C002,2026-01-01,0,0,0,3.3,Low
R00289,C002,2026-02-01,0,0,0,3.7,Low
R00289,C002,2026-03-01,2,2,4,4.2,Low
R00289,C002,2026-04-01,0,1,0,3.2,Low
R00289,C002,2026-05-01,0,0,1,2.4,Low
R00289,C002,2026-06-01,0,0,0,2.9,Low
R00290,C002,2026-01-01,0,0,0,4.7,Low
R00290,C002,2026-02-01,1,1,1,2.9,Low
R00290,C002,2026-03-01,0,1,2,3.3,Low
R00290,C002,2026-04-01,0,1,3,2.8,Low
R00290,C002,2026-05-01,2,2,0,4.1,Low
R00290,C002,2026-06-01,1,0,1,3.8,Low
R00291,C002,2026-01-01,6,4,1,4.0,Medium
R00291,C002,2026-02-01,6,5,2,4.9,Medium
R00291,C002,2026-03-01,7,4,3,4.1,High
R00291,C002,2026-04-01,7,3,0,4.2,High
R00291,C002,2026-05-01,5,4,0,4.4,Medium
R00291,C002,2026-06-01,4,5,0,3.4,Medium
R00292,C002,2026-01-01,2,2,0,4.5,Low
R00292,C002,2026-02-01,2,2,1,3.8,Low
R00292,C002,2026-03-01,1,1,5,3.1,Low
R00292,C002,2026-04-01,3,2,1,3.5,Low
R00292,C002,2026-05-01,2,1,0,3.9,Low
R00292,C002,2026-06-01,4,2,2,3.5,Medium
R00293,C002,2026-01-01,2,1,2,3.6,Low
R00293,C002,2026-02-01,0,0,3,3.2,Low
R00293,C002,2026-03-01,1,1,0,2.3,Low
R00293,C002,2026-04-01,4,4,0,3.5,Medium
R00293,C002,2026-05-01,1,0,1,3.2,Low
R00293,C002,2026-06-01,3,2,0,4.2,Low
R00294,C002,2026-01-01,0,0,1,2.7,Low
R00294,C002,2026-02-01,0,0,1,3.5,Low
R00294,C002,2026-03-01,0,0,0,3.3,Low
R00294,C002,2026-04-01,2,1,4,3.6,Low
R00294,C002,2026-05-01,1,0,0,3.2,Low
R00294,C002,2026-06-01,1,0,3,2.7,Low
R00295,C002,2026-01-01,3,1,1,4.2,Low
R00295,C002,2026-02-01,3,1,2,3.7,Low
R00295,C002,2026-03-01,1,2,2,3.1,Low
R00295,C002,2026-04-01,2,1,1,3.0,Low
R00295,C002,2026-05-01,3,3,2,3.6,Low
R00295,C002,2026-06-01,1,2,2,3.7,Low
R00296,C002,2026-01-01,4,4,1,3.6,Medium
R00296,C002,2026-02-01,5,4,1,4.8,Medium
R00296,C002,2026-03-01,5,2,2,3.4,Medium
R00296,C002,2026-04-01,4,2,0,4.2,Medium
R00296,C002,2026-05-01,5,4,1,3.6,Medium
R00296,C002,2026-06-01,5,4,0,4.4,Medium
R00297,C002,2026-01-01,1,1,2,4.0,Low
R00297,C002,2026-02-01,1,1,1,3.7,Low
R00297,C002,2026-03-01,2,2,2,4.6,Low
R00297,C002,2026-04-01,1,0,0,2.9,Low
R00297,C002,2026-05-01,1,0,2,3.3,Low
R00297,C002,2026-06-01,3,3,0,3.9,Low
R00298,C002,2026-01-01,1,0,1,3.8,Low
R00298,C002,2026-02-01,3,2,0,3.3,Low
R00298,C002,2026-03-01,3,1,1,4.3,Low
R00298,C002,2026-04-01,0,0,1,3.4,Low
R00298,C002,2026-05-01,2,1,0,3.5,Low
R00298,C002,2026-06-01,2,1,0,4.9,Low
R00299,C002,2026-01-01,4,5,2,2.9,Medium
R00299,C002,2026-02-01,4,4,1,4.2,Medium
R00299,C002,2026-03-01,3,3,0,3.1,Low
R00299,C002,2026-04-01,5,3,1,4.2,Medium
R00299,C002,2026-05-01,2,3,0,3.7,Low
R00299,C002,2026-06-01,6,3,2,5.0,Medium
R00300,C002,2026-01-01,1,0,2,3.2,Low
R00300,C002,2026-02-01,1,1,1,2.5,Low
R00300,C002,2026-03-01,1,0,3,3.0,Low
R00300,C002,2026-04-01,1,1,3,3.1,Low
R00300,C002,2026-05-01,0,0,1,3.9,Low
R00300,C002,2026-06-01,1,1,1,3.1,Low
R00301,C002,2026-01-01,4,4,1,4.2,Medium
R00301,C002,2026-02-01,5,2,2,4.8,Medium
R00301,C002,2026-03-01,2,1,2,2.3,Low
R00301,C002,2026-04-01,2,1,0,3.7,Low
R00301,C002,2026-05-01,3,3,1,3.9,Low
R00301,C002,2026-06-01,3,1,2,4.1,Low
R00302,C002,2026-01-01,7,2,0,3.8,High
R00302,C002,2026-02-01,5,4,0,4.1,Medium
R00302,C002,2026-03-01,4,4,2,3.8,Medium
R00302,C002,2026-04-01,6,3,0,4.1,Medium
R00302,C002,2026-05-01,7,4,0,3.8,High
R00302,C002,2026-06-01,7,5,2,3.6,High
R00303,C002,2026-01-01,2,2,0,3.8,Low
R00303,C002,2026-02-01,0,0,1,2.8,Low
R00303,C002,2026-03-01,3,2,1,3.7,Low
R00303,C002,2026-04-01,1,1,1,3.1,Low
R00303,C002,2026-05-01,0,0,0,3.3,Low
R00303,C002,2026-06-01,2,2,2,3.2,Low
R00304,C002,2026-01-01,3,4,1,3.9,Low
R00304,C002,2026-02-01,4,4,1,4.0,Medium
R00304,C002,2026-03-01,2,2,1,3.6,Low
R00304,C002,2026-04-01,5,2,1,3.7,Medium
R00304,C002,2026-05-01,4,4,0,4.7,Medium
R00304,C002,2026-06-01,4,4,1,3.8,Medium
R00305,C002,2026-01-01,6,4,0,4.3,Medium
R00305,C002,2026-02-01,6,2,0,4.0,Medium
R00305,C002,2026-03-01,6,5,1,4.2,Medium
R00305,C002,2026-04-01,6,2,2,4.7,Medium
R00305,C002,2026-05-01,5,4,0,4.0,Medium
R00305,C002,2026-06-01,4,2,0,3.6,Medium
R00306,C002,2026-01-01,5,2,2,3.4,Medium
R00306,C002,2026-02-01,3,1,0,4.5,Low
R00306,C002,2026-03-01,3,2,0,3.9,Low
R00306,C002,2026-04-01,5,3,1,4.4,Medium
R00306,C002,2026-05-01,5,3,1,3.5,Medium
R00306,C002,2026-06-01,4,4,3,4.7,Medium
R00307,C002,2026-01-01,5,4,1,4.8,Medium
R00307,C002,2026-02-01,6,2,2,2.7,Medium
R00307,C002,2026-03-01,4,5,0,3.8,Medium
R00307,C002,2026-04-01,6,3,1,3.9,Medium
R00307,C002,2026-05-01,5,3,2,3.7,Medium
R00307,C002,2026-06-01,5,3,1,3.6,Medium
R00308,C002,2026-01-01,3,4,2,4.1,Low
R00308,C002,2026-02-01,0,0,3,4.2,Low
R00308,C002,2026-03-01,1,1,2,3.6,Low
R00308,C002,2026-04-01,2,2,0,3.2,Low
R00308,C002,2026-05-01,0,1,0,2.0,Low
R00308,C002,2026-06-01,2,2,1,3.6,Low
R00309,C002,2026-01-01,4,2,0,4.9,Medium
R00309,C002,2026-02-01,3,1,1,3.9,Low
R00309,C002,2026-03-01,7,3,1,4.2,High
R00309,C002,2026-04-01,6,4,1,4.0,Medium
R00309,C002,2026-05-01,7,4,2,3.7,High
R00309,C002,2026-06-01,5,4,2,3.8,Medium
R00310,C002,2026-01-01,2,2,0,4.0,Low
R00310,C002,2026-02-01,1,2,1,3.0,Low
R00310,C002,2026-03-01,0,0,0,3.6,Low
R00310,C002,2026-04-01,0,0,0,3.6,Low
R00310,C002,2026-05-01,0,0,0,3.6,Low
R00310,C002,2026-06-01,0,0,1,3.0,Low
R00311,C002,2026-01-01,7,3,0,5.0,High
R00311,C002,2026-02-01,6,5,1,3.8,Medium
R00311,C002,2026-03-01,7,4,1,4.8,High
R00311,C002,2026-04-01,7,2,1,4.6,High
R00311,C002,2026-05-01,8,4,3,4.5,High
R00311,C002,2026-06-01,6,2,2,4.0,Medium
R00312,C002,2026-01-01,5,3,1,4.5,Medium
R00312,C002,2026-02-01,5,4,0,3.7,Medium
R00312,C002,2026-03-01,5,4,3,3.4,Medium
R00312,C002,2026-04-01,3,1,0,4.0,Low
R00312,C002,2026-05-01,3,2,3,3.2,Low
R00312,C002,2026-06-01,7,3,1,4.2,High
R00313,C002,2026-01-01,0,0,0,3.7,Low
R00313,C002,2026-02-01,1,1,0,3.2,Low
R00313,C002,2026-03-01,0,0,1,3.9,Low
R00313,C002,2026-04-01,1,3,1,3.7,Low
R00313,C002,2026-05-01,2,1,1,3.1,Low
R00313,C002,2026-06-01,0,0,3,2.7,Low
R00314,C002,2026-01-01,2,2,1,3.7,Low
R00314,C002,2026-02-01,2,1,3,3.6,Low
R00314,C002,2026-03-01,4,2,0,3.8,Medium
R00314,C002,2026-04-01,3,3,0,4.0,Low
R00314,C002,2026-05-01,2,0,1,2.6,Low
R00314,C002,2026-06-01,3,3,2,3.4,Low
R00315,C002,2026-01-01,2,2,0,3.1,Low
R00315,C002,2026-02-01,1,0,1,3.0,Low
R00315,C002,2026-03-01,3,1,2,3.9,Low
R00315,C002,2026-04-01,1,0,0,4.6,Low
R00315,C002,2026-05-01,0,0,2,2.2,Low
R00315,C002,2026-06-01,2,2,1,3.3,Low
R00316,C002,2026-01-01,4,3,1,4.7,Medium
R00316,C002,2026-02-01,4,2,2,3.4,Medium
R00316,C002,2026-03-01,3,3,0,3.7,Low
R00316,C002,2026-04-01,4,5,1,4.4,Medium
R00316,C002,2026-05-01,4,4,1,3.1,Medium
R00316,C002,2026-06-01,2,2,0,4.7,Low
R00317,C002,2026-01-01,3,3,0,4.5,Low
R00317,C002,2026-02-01,5,4,4,4.0,Medium
R00317,C002,2026-03-01,3,4,1,3.6,Low
R00317,C002,2026-04-01,3,2,2,3.8,Low
R00317,C002,2026-05-01,3,0,2,4.3,Low
R00317,C002,2026-06-01,3,0,2,3.8,Low
R00318,C002,2026-01-01,0,0,1,2.7,Low
R00318,C002,2026-02-01,1,1,0,2.3,Low
R00318,C002,2026-03-01,2,1,1,4.4,Low
R00318,C002,2026-04-01,0,0,0,3.5,Low
R00318,C002,2026-05-01,0,0,2,3.4,Low
R00318,C002,2026-06-01,1,0,2,3.7,Low
R00319,C002,2026-01-01,0,0,1,3.0,Low
R00319,C002,2026-02-01,1,0,0,3.3,Low
R00319,C002,2026-03-01,1,1,0,3.2,Low
R00319,C002,2026-04-01,0,0,2,3.2,Low
R00319,C002,2026-05-01,0,0,0,3.3,Low
R00319,C002,2026-06-01,0,1,0,3.6,Low
R00320,C002,2026-01-01,10,3,1,4.4,High
R00320,C002,2026-02-01,10,4,1,4.8,High
R00320,C002,2026-03-01,12,4,1,5.0,High
R00320,C002,2026-04-01,10,4,3,4.0,High
R00320,C002,2026-05-01,11,3,0,5.0,High
R00320,C002,2026-06-01,10,3,2,4.5,High
R00321,C002,2026-01-01,6,4,3,4.0,Medium
R00321,C002,2026-02-01,6,3,1,3.5,Medium
R00321,C002,2026-03-01,4,3,1,3.7,Medium
R00321,C002,2026-04-01,5,2,1,3.9,Medium
R00321,C002,2026-05-01,6,4,1,3.9,Medium
R00321,C002,2026-06-01,5,3,1,4.0,Medium
R00322,C002,2026-01-01,4,4,0,4.1,Medium
R00322,C002,2026-02-01,3,2,1,4.0,Low
R00322,C002,2026-03-01,3,4,3,3.0,Low
R00322,C002,2026-04-01,4,4,4,3.2,Medium
R00322,C002,2026-05-01,3,2,0,3.6,Low
R00322,C002,2026-06-01,4,5,1,4.3,Medium
R00323,C002,2026-01-01,0,0,2,1.9,Low
R00323,C002,2026-02-01,0,0,2,3.3,Low
R00323,C002,2026-03-01,0,0,0,3.2,Low
R00323,C002,2026-04-01,0,0,4,3.1,Low
R00323,C002,2026-05-01,1,0,3,2.5,Low
R00323,C002,2026-06-01,0,0,2,2.9,Low
R00324,C002,2026-01-01,5,3,1,3.8,Medium
R00324,C002,2026-02-01,7,4,3,4.1,High
R00324,C002,2026-03-01,7,3,0,5.0,High
R00324,C002,2026-04-01,5,5,1,4.5,Medium
R00324,C002,2026-05-01,6,2,2,3.4,Medium
R00324,C002,2026-06-01,5,3,0,3.6,Medium
R00325,C002,2026-01-01,1,0,1,3.6,Low
R00325,C002,2026-02-01,2,1,1,3.6,Low
R00325,C002,2026-03-01,2,2,1,3.1,Low
R00325,C002,2026-04-01,2,2,0,3.9,Low
R00325,C002,2026-05-01,0,0,3,2.4,Low
R00325,C002,2026-06-01,0,0,1,3.1,Low
R00326,C002,2026-01-01,4,3,0,4.6,Medium
R00326,C002,2026-02-01,4,5,3,4.4,Medium
R00326,C002,2026-03-01,3,1,0,3.7,Low
R00326,C002,2026-04-01,6,3,2,4.0,Medium
R00326,C002,2026-05-01,2,3,1,3.2,Low
R00326,C002,2026-06-01,4,2,2,3.7,Medium
R00327,C002,2026-01-01,4,2,1,4.4,Medium
R00327,C002,2026-02-01,4,2,1,4.8,Medium
R00327,C002,2026-03-01,6,1,1,4.4,Medium
R00327,C002,2026-04-01,6,3,0,4.7,Medium
R00327,C002,2026-05-01,4,2,1,3.2,Medium
R00327,C002,2026-06-01,6,4,2,4.3,Medium
R00328,C002,2026-01-01,0,2,4,2.5,Low
R00328,C002,2026-02-01,1,0,1,3.0,Low
R00328,C002,2026-03-01,0,0,0,2.6,Low
R00328,C002,2026-04-01,0,0,1,2.4,Low
R00328,C002,2026-05-01,0,1,1,3.8,Low
R00328,C002,2026-06-01,0,0,1,3.2,Low
R00329,C002,2026-01-01,0,0,4,3.1,Low
R00329,C002,2026-02-01,1,1,1,3.5,Low
R00329,C002,2026-03-01,0,0,0,3.1,Low
R00329,C002,2026-04-01,1,0,2,3.4,Low
R00329,C002,2026-05-01,0,1,1,3.2,Low
R00329,C002,2026-06-01,1,1,1,3.1,Low
R00330,C002,2026-01-01,6,3,0,4.0,Medium
R00330,C002,2026-02-01,3,3,2,4.2,Low
R00330,C002,2026-03-01,4,2,0,3.1,Medium
R00330,C002,2026-04-01,5,3,0,3.0,Medium
R00330,C002,2026-05-01,5,3,2,4.0,Medium
R00330,C002,2026-06-01,4,4,1,4.0,Medium
R00331,C002,2026-01-01,4,3,2,4.5,Medium
R00331,C002,2026-02-01,2,2,0,2.9,Low
R00331,C002,2026-03-01,3,3,1,3.6,Low
R00331,C002,2026-04-01,5,2,1,5.0,Medium
R00331,C002,2026-05-01,2,0,0,4.2,Low
R00331,C002,2026-06-01,3,2,1,4.1,Low
R00332,C002,2026-01-01,6,3,1,4.8,Medium
R00332,C002,2026-02-01,4,4,2,3.1,Medium
R00332,C002,2026-03-01,4,3,2,3.5,Medium
R00332,C002,2026-04-01,6,4,0,3.9,Medium
R00332,C002,2026-05-01,4,4,1,2.7,Medium
R00332,C002,2026-06-01,6,2,3,3.8,Medium
R00333,C002,2026-01-01,3,3,1,3.7,Low
R00333,C002,2026-02-01,2,2,0,3.2,Low
R00333,C002,2026-03-01,1,0,3,3.8,Low
R00333,C002,2026-04-01,0,0,1,2.3,Low
R00333,C002,2026-05-01,1,0,1,4.1,Low
R00333,C002,2026-06-01,0,0,0,3.6,Low
R00334,C002,2026-01-01,1,0,2,3.1,Low
R00334,C002,2026-02-01,0,1,2,3.7,Low
R00334,C002,2026-03-01,4,4,1,4.3,Medium
R00334,C002,2026-04-01,5,5,2,4.8,Medium
R00334,C002,2026-05-01,2,3,0,3.8,Low
R00334,C002,2026-06-01,3,1,0,2.8,Low
R00335,C002,2026-01-01,3,3,2,3.9,Low
R00335,C002,2026-02-01,1,0,0,3.5,Low
R00335,C002,2026-03-01,1,0,2,3.1,Low
R00335,C002,2026-04-01,2,2,3,3.2,Low
R00335,C002,2026-05-01,2,0,1,3.4,Low
R00335,C002,2026-06-01,3,3,0,3.1,Low
R00336,C002,2026-01-01,3,3,2,3.6,Low
R00336,C002,2026-02-01,2,1,0,4.3,Low
R00336,C002,2026-03-01,2,2,0,3.7,Low
R00336,C002,2026-04-01,1,0,0,3.9,Low
R00336,C002,2026-05-01,4,3,0,3.6,Medium
R00336,C002,2026-06-01,3,2,2,2.9,Low
R00337,C002,2026-01-01,3,3,0,4.4,Low
R00337,C002,2026-02-01,5,3,3,3.5,Medium
R00337,C002,2026-03-01,3,2,0,3.4,Low
R00337,C002,2026-04-01,3,1,1,4.1,Low
R00337,C002,2026-05-01,3,2,1,3.2,Low
R00337,C002,2026-06-01,3,4,0,4.0,Low
R00338,C002,2026-01-01,9,3,0,5.0,High
R00338,C002,2026-02-01,10,4,1,4.7,High
R00338,C002,2026-03-01,11,2,5,5.0,High
R00338,C002,2026-04-01,10,3,0,4.5,High
R00338,C002,2026-05-01,10,3,1,4.4,High
R00338,C002,2026-06-01,10,2,0,5.0,High
R00339,C002,2026-01-01,4,2,0,3.5,Medium
R00339,C002,2026-02-01,2,1,1,3.2,Low
R00339,C002,2026-03-01,4,2,3,3.6,Medium
R00339,C002,2026-04-01,1,0,1,3.0,Low
R00339,C002,2026-05-01,2,3,1,3.6,Low
R00339,C002,2026-06-01,1,1,0,3.2,Low
R00340,C002,2026-01-01,4,3,3,3.2,Medium
R00340,C002,2026-02-01,6,3,2,4.6,Medium
R00340,C002,2026-03-01,4,3,1,3.8,Medium
R00340,C002,2026-04-01,4,5,0,3.7,Medium
R00340,C002,2026-05-01,4,3,1,4.2,Medium
R00340,C002,2026-06-01,2,2,0,3.8,Low
R00341,C002,2026-01-01,6,3,2,4.5,Medium
R00341,C002,2026-02-01,5,4,0,3.9,Medium
R00341,C002,2026-03-01,6,4,2,4.2,Medium
R00341,C002,2026-04-01,6,2,0,4.2,Medium
R00341,C002,2026-05-01,5,3,1,4.2,Medium
R00341,C002,2026-06-01,7,4,0,4.3,High
R00342,C002,2026-01-01,6,3,0,4.4,Medium
R00342,C002,2026-02-01,6,3,5,3.4,Medium
R00342,C002,2026-03-01,6,3,1,4.5,Medium
R00342,C002,2026-04-01,5,4,4,4.2,Medium
R00342,C002,2026-05-01,8,4,2,3.5,High
R00342,C002,2026-06-01,7,3,2,3.7,High
R00343,C002,2026-01-01,2,1,0,4.1,Low
R00343,C002,2026-02-01,1,1,1,3.2,Low
R00343,C002,2026-03-01,1,1,0,3.3,Low
R00343,C002,2026-04-01,4,5,4,2.6,Medium
R00343,C002,2026-05-01,1,1,0,3.1,Low
R00343,C002,2026-06-01,2,0,1,3.1,Low
R00344,C002,2026-01-01,2,1,1,4.3,Low
R00344,C002,2026-02-01,1,0,1,2.4,Low
R00344,C002,2026-03-01,0,0,0,2.9,Low
R00344,C002,2026-04-01,0,1,1,2.5,Low
R00344,C002,2026-05-01,0,1,3,2.9,Low
R00344,C002,2026-06-01,1,2,2,3.1,Low
R00345,C002,2026-01-01,3,2,0,4.4,Low
R00345,C002,2026-02-01,4,3,1,3.4,Medium
R00345,C002,2026-03-01,2,1,2,3.4,Low
R00345,C002,2026-04-01,2,1,2,3.6,Low
R00345,C002,2026-05-01,3,4,5,3.8,Low
R00345,C002,2026-06-01,2,2,0,2.6,Low
R00346,C002,2026-01-01,2,2,1,3.5,Low
R00346,C002,2026-02-01,3,4,1,2.9,Low
R00346,C002,2026-03-01,4,5,0,3.2,Medium
R00346,C002,2026-04-01,4,3,1,3.6,Medium
R00346,C002,2026-05-01,2,3,1,3.8,Low
R00346,C002,2026-06-01,5,5,1,3.5,Medium
R00347,C002,2026-01-01,4,2,2,4.1,Medium
R00347,C002,2026-02-01,4,4,1,4.3,Medium
R00347,C002,2026-03-01,3,3,1,4.1,Low
R00347,C002,2026-04-01,3,2,1,3.1,Low
R00347,C002,2026-05-01,5,4,2,3.5,Medium
R00347,C002,2026-06-01,4,3,1,3.7,Medium
R00348,C002,2026-01-01,3,4,0,4.5,Low
R00348,C002,2026-02-01,4,4,2,3.4,Medium
R00348,C002,2026-03-01,5,4,3,3.6,Medium
R00348,C002,2026-04-01,5,3,3,3.4,Medium
R00348,C002,2026-05-01,7,5,1,3.8,High
R00348,C002,2026-06-01,5,4,0,3.1,Medium
R00349,C002,2026-01-01,5,5,1,4.0,Medium
R00349,C002,2026-02-01,7,4,1,4.6,High
R00349,C002,2026-03-01,5,3,3,3.8,Medium
R00349,C002,2026-04-01,4,2,1,3.7,Medium
R00349,C002,2026-05-01,5,3,2,4.1,Medium
R00349,C002,2026-06-01,6,5,2,4.8,Medium
R00350,C002,2026-01-01,4,4,1,4.9,Medium
R00350,C002,2026-02-01,4,4,0,3.4,Medium
R00350,C002,2026-03-01,3,1,1,3.4,Low
R00350,C002,2026-04-01,3,2,1,3.2,Low
R00350,C002,2026-05-01,5,3,1,4.0,Medium
R00350,C002,2026-06-01,3,3,2,3.6,Low
R00351,C002,2026-01-01,1,0,3,2.0,Low
R00351,C002,2026-02-01,1,0,2,3.0,Low
R00351,C002,2026-03-01,1,0,0,2.9,Low
R00351,C002,2026-04-01,1,0,1,3.1,Low
R00351,C002,2026-05-01,2,1,1,3.8,Low
R00351,C002,2026-06-01,3,3,5,3.2,Low
R00352,C002,2026-01-01,6,4,0,4.4,Medium
R00352,C002,2026-02-01,5,4,1,4.2,Medium
R00352,C002,2026-03-01,6,5,2,4.0,Medium
R00352,C002,2026-04-01,5,3,0,4.1,Medium
R00352,C002,2026-05-01,7,4,1,4.6,High
R00352,C002,2026-06-01,7,4,2,3.5,High
R00353,C002,2026-01-01,6,3,1,3.7,Medium
R00353,C002,2026-02-01,5,3,2,4.3,Medium
R00353,C002,2026-03-01,3,1,1,3.4,Low
R00353,C002,2026-04-01,6,4,1,4.1,Medium
R00353,C002,2026-05-01,4,2,2,3.6,Medium
R00353,C002,2026-06-01,4,4,2,4.1,Medium
R00354,C002,2026-01-01,2,1,1,3.7,Low
R00354,C002,2026-02-01,0,0,0,2.8,Low
R00354,C002,2026-03-01,1,1,1,3.0,Low
R00354,C002,2026-04-01,1,0,1,3.6,Low
R00354,C002,2026-05-01,1,1,0,3.0,Low
R00354,C002,2026-06-01,3,2,1,4.5,Low
R00355,C002,2026-01-01,2,1,2,3.7,Low
R00355,C002,2026-02-01,3,2,0,3.9,Low
R00355,C002,2026-03-01,1,0,1,3.2,Low
R00355,C002,2026-04-01,3,2,1,3.8,Low
R00355,C002,2026-05-01,1,0,2,4.0,Low
R00355,C002,2026-06-01,2,2,0,3.0,Low
R00356,C002,2026-01-01,3,1,1,4.4,Low
R00356,C002,2026-02-01,5,2,0,4.7,Medium
R00356,C002,2026-03-01,4,4,0,3.9,Medium
R00356,C002,2026-04-01,1,3,0,3.6,Low
R00356,C002,2026-05-01,3,3,2,3.7,Low
R00356,C002,2026-06-01,4,2,3,3.4,Medium
R00357,C002,2026-01-01,3,2,1,3.3,Low
R00357,C002,2026-02-01,5,3,4,3.8,Medium
R00357,C002,2026-03-01,3,2,0,4.0,Low
R00357,C002,2026-04-01,4,4,2,4.4,Medium
R00357,C002,2026-05-01,4,4,3,4.3,Medium
R00357,C002,2026-06-01,3,4,1,3.6,Low
R00358,C002,2026-01-01,4,4,2,3.4,Medium
R00358,C002,2026-02-01,3,3,3,4.2,Low
R00358,C002,2026-03-01,4,5,3,3.7,Medium
R00358,C002,2026-04-01,3,4,2,3.0,Low
R00358,C002,2026-05-01,3,3,3,2.8,Low
R00358,C002,2026-06-01,5,2,2,4.0,Medium
R00359,C002,2026-01-01,3,4,2,3.2,Low
R00359,C002,2026-02-01,4,3,1,4.1,Medium
R00359,C002,2026-03-01,3,3,1,3.9,Low
R00359,C002,2026-04-01,5,3,0,3.6,Medium
R00359,C002,2026-05-01,2,1,2,4.6,Low
R00359,C002,2026-06-01,5,4,1,4.5,Medium
R00360,C002,2026-01-01,0,0,1,2.5,Low
R00360,C002,2026-02-01,1,0,1,2.7,Low
R00360,C002,2026-03-01,0,0,3,3.2,Low
R00360,C002,2026-04-01,0,0,0,3.2,Low
R00360,C002,2026-05-01,1,0,2,3.1,Low
R00360,C002,2026-06-01,0,2,0,2.2,Low
R00361,C002,2026-01-01,5,3,2,3.9,Medium
R00361,C002,2026-02-01,3,3,1,3.6,Low
R00361,C002,2026-03-01,3,4,3,3.4,Low
R00361,C002,2026-04-01,3,1,3,4.6,Low
R00361,C002,2026-05-01,3,3,1,3.0,Low
R00361,C002,2026-06-01,4,3,0,4.4,Medium
R00362,C002,2026-01-01,4,4,3,3.8,Medium
R00362,C002,2026-02-01,2,2,1,2.7,Low
R00362,C002,2026-03-01,3,3,0,3.1,Low
R00362,C002,2026-04-01,5,3,2,3.7,Medium
R00362,C002,2026-05-01,5,5,2,3.6,Medium
R00362,C002,2026-06-01,7,5,0,4.2,High
R00363,C002,2026-01-01,4,4,1,3.8,Medium
R00363,C002,2026-02-01,3,4,2,3.4,Low
R00363,C002,2026-03-01,4,3,2,3.5,Medium
R00363,C002,2026-04-01,3,1,2,3.7,Low
R00363,C002,2026-05-01,2,3,0,2.8,Low
R00363,C002,2026-06-01,2,0,3,2.5,Low
R00364,C002,2026-01-01,3,1,1,3.6,Low
R00364,C002,2026-02-01,3,3,1,3.9,Low
R00364,C002,2026-03-01,3,2,0,3.7,Low
R00364,C002,2026-04-01,2,1,0,3.5,Low
R00364,C002,2026-05-01,3,2,2,3.7,Low
R00364,C002,2026-06-01,1,1,1,4.1,Low
R00365,C002,2026-01-01,8,3,1,4.0,High
R00365,C002,2026-02-01,7,5,1,4.4,High
R00365,C002,2026-03-01,7,5,2,4.1,High
R00365,C002,2026-04-01,7,3,1,4.0,High
R00365,C002,2026-05-01,6,4,1,5.0,Medium
R00365,C002,2026-06-01,8,2,3,5.0,High
R00366,C002,2026-01-01,2,1,0,3.6,Low
R00366,C002,2026-02-01,3,1,2,3.7,Low
R00366,C002,2026-03-01,5,3,2,4.4,Medium
R00366,C002,2026-04-01,4,4,0,4.3,Medium
R00366,C002,2026-05-01,5,3,1,4.1,Medium
R00366,C002,2026-06-01,3,2,2,2.6,Low
R00367,C002,2026-01-01,2,4,0,3.5,Low
R00367,C002,2026-02-01,2,3,0,3.6,Low
R00367,C002,2026-03-01,0,0,1,2.9,Low
R00367,C002,2026-04-01,2,1,2,3.7,Low
R00367,C002,2026-05-01,2,2,0,3.7,Low
R00367,C002,2026-06-01,2,1,2,4.0,Low
R00368,C002,2026-01-01,1,0,2,2.1,Low
R00368,C002,2026-02-01,0,1,1,3.1,Low
R00368,C002,2026-03-01,0,0,1,2.5,Low
R00368,C002,2026-04-01,1,0,0,3.4,Low
R00368,C002,2026-05-01,0,0,0,2.6,Low
R00368,C002,2026-06-01,1,1,0,2.6,Low
R00369,C002,2026-01-01,2,1,2,3.2,Low
R00369,C002,2026-02-01,2,2,1,2.9,Low
R00369,C002,2026-03-01,2,4,1,2.4,Low
R00369,C002,2026-04-01,2,3,0,3.9,Low
R00369,C002,2026-05-01,2,1,0,4.2,Low
R00369,C002,2026-06-01,3,4,0,2.8,Low
R00370,C002,2026-01-01,3,2,2,4.3,Low
R00370,C002,2026-02-01,4,4,1,3.5,Medium
R00370,C002,2026-03-01,3,1,2,3.3,Low
R00370,C002,2026-04-01,3,3,3,3.1,Low
R00370,C002,2026-05-01,3,3,1,4.1,Low
R00370,C002,2026-06-01,3,5,0,3.8,Low
R00371,C002,2026-01-01,3,0,0,3.9,Low
R00371,C002,2026-02-01,2,1,0,3.8,Low
R00371,C002,2026-03-01,3,4,2,3.7,Low
R00371,C002,2026-04-01,2,2,1,3.1,Low
R00371,C002,2026-05-01,3,4,1,3.8,Low
R00371,C002,2026-06-01,4,3,0,3.7,Medium
R00372,C002,2026-01-01,6,4,1,4.2,Medium
R00372,C002,2026-02-01,2,3,1,3.2,Low
R00372,C002,2026-03-01,5,4,0,5.0,Medium
R00372,C002,2026-04-01,5,3,4,2.9,Medium
R00372,C002,2026-05-01,5,3,1,4.4,Medium
R00372,C002,2026-06-01,4,3,1,3.8,Medium
R00373,C002,2026-01-01,2,2,2,3.6,Low
R00373,C002,2026-02-01,1,1,0,3.0,Low
R00373,C002,2026-03-01,2,1,0,3.9,Low
R00373,C002,2026-04-01,3,3,3,3.1,Low
R00373,C002,2026-05-01,4,3,0,4.2,Medium
R00373,C002,2026-06-01,0,0,0,3.2,Low
R00374,C002,2026-01-01,3,4,5,3.7,Low
R00374,C002,2026-02-01,6,4,2,4.4,Medium
R00374,C002,2026-03-01,6,5,1,4.1,Medium
R00374,C002,2026-04-01,5,2,2,4.8,Medium
R00374,C002,2026-05-01,6,2,0,4.7,Medium
R00374,C002,2026-06-01,5,4,0,3.9,Medium
R00375,C002,2026-01-01,4,4,2,3.7,Medium
R00375,C002,2026-02-01,5,5,2,4.3,Medium
R00375,C002,2026-03-01,4,2,0,3.5,Medium
R00375,C002,2026-04-01,6,4,1,4.5,Medium
R00375,C002,2026-05-01,5,2,0,5.0,Medium
R00375,C002,2026-06-01,4,3,3,4.0,Medium
R00376,C002,2026-01-01,1,2,0,2.7,Low
R00376,C002,2026-02-01,1,2,1,3.9,Low
R00376,C002,2026-03-01,2,2,2,3.2,Low
R00376,C002,2026-04-01,2,2,0,3.8,Low
R00376,C002,2026-05-01,1,0,1,3.0,Low
R00376,C002,2026-06-01,2,0,2,2.8,Low
R00377,C002,2026-01-01,2,2,1,2.8,Low
R00377,C002,2026-02-01,1,1,1,4.2,Low
R00377,C002,2026-03-01,4,4,0,3.7,Medium
R00377,C002,2026-04-01,0,0,1,2.5,Low
R00377,C002,2026-05-01,3,3,2,3.3,Low
R00377,C002,2026-06-01,3,3,2,3.6,Low
R00378,C002,2026-01-01,1,1,2,2.9,Low
R00378,C002,2026-02-01,0,0,1,2.1,Low
R00378,C002,2026-03-01,0,0,2,3.3,Low
R00378,C002,2026-04-01,3,3,1,3.4,Low
R00378,C002,2026-05-01,2,3,4,3.5,Low
R00378,C002,2026-06-01,3,3,0,3.3,Low
R00379,C002,2026-01-01,6,4,3,4.7,Medium
R00379,C002,2026-02-01,3,1,1,3.6,Low
R00379,C002,2026-03-01,6,3,1,4.2,Medium
R00379,C002,2026-04-01,5,4,3,3.7,Medium
R00379,C002,2026-05-01,3,2,0,3.9,Low
R00379,C002,2026-06-01,5,3,0,5.0,Medium
R00380,C002,2026-01-01,2,3,0,3.9,Low
R00380,C002,2026-02-01,2,3,0,5.0,Low
R00380,C002,2026-03-01,2,2,0,3.8,Low
R00380,C002,2026-04-01,1,1,2,2.5,Low
R00380,C002,2026-05-01,1,0,3,3.1,Low
R00380,C002,2026-06-01,3,2,0,3.6,Low
R00381,C002,2026-01-01,7,3,0,3.3,High
R00381,C002,2026-02-01,8,3,3,3.7,High
R00381,C002,2026-03-01,8,2,2,3.7,High
R00381,C002,2026-04-01,7,3,0,4.5,High
R00381,C002,2026-05-01,7,2,0,4.5,High
R00381,C002,2026-06-01,7,5,1,4.8,High
R00382,C002,2026-01-01,4,3,2,4.1,Medium
R00382,C002,2026-02-01,3,4,2,4.2,Low
R00382,C002,2026-03-01,3,1,1,4.6,Low
R00382,C002,2026-04-01,4,5,2,3.6,Medium
R00382,C002,2026-05-01,4,2,2,3.1,Medium
R00382,C002,2026-06-01,1,0,1,3.2,Low
R00383,C002,2026-01-01,5,4,0,3.7,Medium
R00383,C002,2026-02-01,6,3,2,4.5,Medium
R00383,C002,2026-03-01,4,3,0,2.6,Medium
R00383,C002,2026-04-01,5,4,1,4.3,Medium
R00383,C002,2026-05-01,5,4,2,3.6,Medium
R00383,C002,2026-06-01,6,4,1,4.3,Medium
R00384,C002,2026-01-01,0,0,1,3.3,Low
R00384,C002,2026-02-01,0,0,1,2.6,Low
R00384,C002,2026-03-01,0,0,3,2.5,Low
R00384,C002,2026-04-01,0,0,0,3.2,Low
R00384,C002,2026-05-01,0,0,0,3.9,Low
R00384,C002,2026-06-01,2,3,1,3.0,Low
R00385,C002,2026-01-01,4,3,1,4.2,Medium
R00385,C002,2026-02-01,3,2,1,4.0,Low
R00385,C002,2026-03-01,3,2,1,4.5,Low
R00385,C002,2026-04-01,2,2,2,3.7,Low
R00385,C002,2026-05-01,2,1,1,3.9,Low
R00385,C002,2026-06-01,2,2,0,4.1,Low
R00386,C002,2026-01-01,0,0,1,3.0,Low
R00386,C002,2026-02-01,0,1,1,3.9,Low
R00386,C002,2026-03-01,0,0,0,3.6,Low
R00386,C002,2026-04-01,1,0,1,3.3,Low
R00386,C002,2026-05-01,0,0,1,2.2,Low
R00386,C002,2026-06-01,0,0,3,2.2,Low
R00387,C002,2026-01-01,2,0,0,2.7,Low
R00387,C002,2026-02-01,5,3,0,4.0,Medium
R00387,C002,2026-03-01,2,1,0,4.4,Low
R00387,C002,2026-04-01,3,4,2,3.0,Low
R00387,C002,2026-05-01,3,3,1,3.1,Low
R00387,C002,2026-06-01,1,0,0,3.6,Low
R00388,C002,2026-01-01,3,4,4,3.2,Low
R00388,C002,2026-02-01,3,2,3,3.4,Low
R00388,C002,2026-03-01,1,0,1,3.2,Low
R00388,C002,2026-04-01,3,3,1,3.4,Low
R00388,C002,2026-05-01,2,1,2,2.9,Low
R00388,C002,2026-06-01,3,2,1,4.1,Low
R00389,C002,2026-01-01,5,3,1,3.6,Medium
R00389,C002,2026-02-01,5,2,2,4.6,Medium
R00389,C002,2026-03-01,6,4,1,5.0,Medium
R00389,C002,2026-04-01,4,3,0,3.6,Medium
R00389,C002,2026-05-01,4,3,0,3.7,Medium
R00389,C002,2026-06-01,4,4,0,4.3,Medium
R00390,C002,2026-01-01,7,3,1,4.1,High
R00390,C002,2026-02-01,8,3,1,4.5,High
R00390,C002,2026-03-01,7,3,0,3.9,High
R00390,C002,2026-04-01,7,4,1,4.2,High
R00390,C002,2026-05-01,6,4,0,3.4,Medium
R00390,C002,2026-06-01,8,3,2,5.0,High
R00391,C002,2026-01-01,2,2,1,3.5,Low
R00391,C002,2026-02-01,1,1,0,4.1,Low
R00391,C002,2026-03-01,0,1,1,3.9,Low
R00391,C002,2026-04-01,1,1,2,3.6,Low
R00391,C002,2026-05-01,1,1,0,3.9,Low
R00391,C002,2026-06-01,2,2,1,3.9,Low
R00392,C002,2026-01-01,8,4,2,4.4,High
R00392,C002,2026-02-01,5,4,1,3.6,Medium
R00392,C002,2026-03-01,5,2,1,4.2,Medium
R00392,C002,2026-04-01,7,3,1,4.6,High
R00392,C002,2026-05-01,8,3,2,4.7,High
R00392,C002,2026-06-01,6,2,2,4.0,Medium
R00393,C002,2026-01-01,4,4,2,4.6,Medium
R00393,C002,2026-02-01,5,4,4,4.6,Medium
R00393,C002,2026-03-01,4,3,0,3.7,Medium
R00393,C002,2026-04-01,4,4,0,3.7,Medium
R00393,C002,2026-05-01,4,3,4,3.3,Medium
R00393,C002,2026-06-01,4,2,0,4.1,Medium
R00394,C002,2026-01-01,7,3,2,4.3,High
R00394,C002,2026-02-01,9,3,1,3.6,High
R00394,C002,2026-03-01,9,2,0,4.7,High
R00394,C002,2026-04-01,10,2,2,4.4,High
R00394,C002,2026-05-01,10,1,2,4.7,High
R00394,C002,2026-06-01,10,4,1,5.0,High
R00395,C002,2026-01-01,3,2,3,3.8,Low
R00395,C002,2026-02-01,5,4,3,3.6,Medium
R00395,C002,2026-03-01,3,5,1,3.2,Low
R00395,C002,2026-04-01,4,5,1,4.3,Medium
R00395,C002,2026-05-01,6,3,2,3.8,Medium
R00395,C002,2026-06-01,5,4,2,4.1,Medium
R00396,C002,2026-01-01,3,2,0,3.1,Low
R00396,C002,2026-02-01,6,4,2,4.4,Medium
R00396,C002,2026-03-01,5,4,3,4.5,Medium
R00396,C002,2026-04-01,5,4,0,4.5,Medium
R00396,C002,2026-05-01,6,2,2,2.5,Medium
R00396,C002,2026-06-01,4,5,0,3.2,Medium
R00397,C002,2026-01-01,6,4,0,3.7,Medium
R00397,C002,2026-02-01,7,4,0,5.0,High
R00397,C002,2026-03-01,6,4,2,3.6,Medium
R00397,C002,2026-04-01,6,1,1,5.0,Medium
R00397,C002,2026-05-01,6,4,1,4.1,Medium
R00397,C002,2026-06-01,6,3,0,4.4,Medium
R00398,C002,2026-01-01,6,5,1,4.3,Medium
R00398,C002,2026-02-01,8,3,0,4.9,High
R00398,C002,2026-03-01,6,4,1,4.5,Medium
R00398,C002,2026-04-01,8,2,3,4.3,High
R00398,C002,2026-05-01,8,3,1,3.9,High
R00398,C002,2026-06-01,7,4,1,4.9,High
R00399,C002,2026-01-01,4,2,1,3.4,Medium
R00399,C002,2026-02-01,4,1,1,3.9,Medium
R00399,C002,2026-03-01,5,4,4,3.9,Medium
R00399,C002,2026-04-01,5,4,4,3.1,Medium
R00399,C002,2026-05-01,5,1,1,4.5,Medium
R00399,C002,2026-06-01,5,3,1,4.7,Medium
R00400,C002,2026-01-01,0,0,0,3.2,Low
R00400,C002,2026-02-01,0,0,2,3.6,Low
R00400,C002,2026-03-01,0,0,0,4.1,Low
R00400,C002,2026-04-01,0,0,0,2.3,Low
R00400,C002,2026-05-01,1,1,1,3.2,Low
R00400,C002,2026-06-01,0,0,0,3.2,Low
R00401,C002,2026-01-01,3,4,0,3.3,Low
R00401,C002,2026-02-01,3,1,1,3.9,Low
R00401,C002,2026-03-01,5,3,0,4.2,Medium
R00401,C002,2026-04-01,5,3,3,4.6,Medium
R00401,C002,2026-05-01,4,2,1,4.5,Medium
R00401,C002,2026-06-01,5,4,2,4.7,Medium
R00402,C002,2026-01-01,4,5,1,3.2,Medium
R00402,C002,2026-02-01,6,2,2,4.5,Medium
R00402,C002,2026-03-01,5,2,3,3.0,Medium
R00402,C002,2026-04-01,3,3,0,3.3,Low
R00402,C002,2026-05-01,5,3,0,4.7,Medium
R00402,C002,2026-06-01,4,4,0,3.3,Medium
R00403,C002,2026-01-01,2,1,1,3.9,Low
R00403,C002,2026-02-01,2,1,1,2.7,Low
R00403,C002,2026-03-01,3,2,1,4.3,Low
R00403,C002,2026-04-01,3,2,1,3.3,Low
R00403,C002,2026-05-01,4,4,1,2.9,Medium
R00403,C002,2026-06-01,3,2,1,3.2,Low
R00404,C002,2026-01-01,4,2,1,3.6,Medium
R00404,C002,2026-02-01,4,3,2,4.3,Medium
R00404,C002,2026-03-01,3,5,2,3.8,Low
R00404,C002,2026-04-01,4,4,2,4.4,Medium
R00404,C002,2026-05-01,4,4,3,3.5,Medium
R00404,C002,2026-06-01,3,4,1,4.4,Low
R00405,C002,2026-01-01,2,3,3,2.8,Low
R00405,C002,2026-02-01,1,0,0,2.8,Low
R00405,C002,2026-03-01,3,1,2,3.6,Low
R00405,C002,2026-04-01,3,5,1,3.9,Low
R00405,C002,2026-05-01,1,0,2,4.2,Low
R00405,C002,2026-06-01,2,4,2,3.6,Low
R00406,C002,2026-01-01,0,0,2,2.8,Low
R00406,C002,2026-02-01,2,2,2,2.7,Low
R00406,C002,2026-03-01,2,3,1,4.7,Low
R00406,C002,2026-04-01,3,0,1,3.8,Low
R00406,C002,2026-05-01,2,1,1,3.3,Low
R00406,C002,2026-06-01,1,1,3,3.4,Low
R00407,C002,2026-01-01,4,5,0,4.1,Medium
R00407,C002,2026-02-01,2,3,1,3.2,Low
R00407,C002,2026-03-01,4,5,3,3.4,Medium
R00407,C002,2026-04-01,4,4,2,3.6,Medium
R00407,C002,2026-05-01,3,3,0,4.2,Low
R00407,C002,2026-06-01,5,3,1,4.7,Medium
R00408,C002,2026-01-01,6,3,1,4.0,Medium
R00408,C002,2026-02-01,6,3,2,3.5,Medium
R00408,C002,2026-03-01,5,5,1,4.4,Medium
R00408,C002,2026-04-01,7,3,1,5.0,High
R00408,C002,2026-05-01,6,2,1,3.9,Medium
R00408,C002,2026-06-01,8,3,4,4.9,High
R00409,C002,2026-01-01,4,2,3,5.0,Medium
R00409,C002,2026-02-01,4,4,2,3.9,Medium
R00409,C002,2026-03-01,3,4,4,4.0,Low
R00409,C002,2026-04-01,3,3,0,3.6,Low
R00409,C002,2026-05-01,3,4,0,4.8,Low
R00409,C002,2026-06-01,2,0,2,4.4,Low
R00410,C002,2026-01-01,3,3,0,2.9,Low
R00410,C002,2026-02-01,2,2,4,4.0,Low
R00410,C002,2026-03-01,3,1,2,2.9,Low
R00410,C002,2026-04-01,0,0,1,2.7,Low
R00410,C002,2026-05-01,3,1,3,2.9,Low
R00410,C002,2026-06-01,1,0,0,3.3,Low
R00411,C002,2026-01-01,11,5,2,5.0,High
R00411,C002,2026-02-01,9,3,1,5.0,High
R00411,C002,2026-03-01,10,2,0,4.8,High
R00411,C002,2026-04-01,10,4,1,4.4,High
R00411,C002,2026-05-01,11,4,1,5.0,High
R00411,C002,2026-06-01,10,4,3,5.0,High
R00412,C002,2026-01-01,3,3,3,3.1,Low
R00412,C002,2026-02-01,3,1,0,3.4,Low
R00412,C002,2026-03-01,1,0,2,3.5,Low
R00412,C002,2026-04-01,1,1,0,3.5,Low
R00412,C002,2026-05-01,3,4,1,2.8,Low
R00412,C002,2026-06-01,2,2,3,2.3,Low
R00413,C002,2026-01-01,4,5,0,4.2,Medium
R00413,C002,2026-02-01,4,3,2,3.8,Medium
R00413,C002,2026-03-01,3,2,1,3.3,Low
R00413,C002,2026-04-01,3,3,1,3.8,Low
R00413,C002,2026-05-01,3,2,1,3.1,Low
R00413,C002,2026-06-01,4,4,2,4.2,Medium
R00414,C002,2026-01-01,1,2,1,2.4,Low
R00414,C002,2026-02-01,0,0,2,2.8,Low
R00414,C002,2026-03-01,0,0,0,3.4,Low
R00414,C002,2026-04-01,0,0,3,2.5,Low
R00414,C002,2026-05-01,1,0,4,3.3,Low
R00414,C002,2026-06-01,1,0,2,3.3,Low
R00415,C002,2026-01-01,6,4,2,3.5,Medium
R00415,C002,2026-02-01,4,3,1,3.4,Medium
R00415,C002,2026-03-01,3,1,2,3.7,Low
R00415,C002,2026-04-01,4,4,3,3.8,Medium
R00415,C002,2026-05-01,5,3,4,3.4,Medium
R00415,C002,2026-06-01,4,5,0,4.4,Medium
R00416,C002,2026-01-01,1,2,3,1.5,Low
R00416,C002,2026-02-01,2,2,2,3.1,Low
R00416,C002,2026-03-01,2,4,1,3.2,Low
R00416,C002,2026-04-01,2,3,2,4.4,Low
R00416,C002,2026-05-01,1,1,0,3.4,Low
R00416,C002,2026-06-01,1,0,2,2.7,Low
R00417,C002,2026-01-01,3,4,4,4.5,Low
R00417,C002,2026-02-01,3,3,0,2.7,Low
R00417,C002,2026-03-01,2,1,3,4.1,Low
R00417,C002,2026-04-01,3,2,2,4.0,Low
R00417,C002,2026-05-01,3,3,0,3.3,Low
R00417,C002,2026-06-01,3,2,3,3.4,Low
R00418,C002,2026-01-01,4,5,2,3.6,Medium
R00418,C002,2026-02-01,5,2,0,4.3,Medium
R00418,C002,2026-03-01,4,4,2,3.5,Medium
R00418,C002,2026-04-01,5,5,1,3.8,Medium
R00418,C002,2026-05-01,4,4,4,4.1,Medium
R00418,C002,2026-06-01,7,4,3,4.4,High
R00419,C002,2026-01-01,0,0,3,3.1,Low
R00419,C002,2026-02-01,3,1,2,4.1,Low
R00419,C002,2026-03-01,2,2,2,2.5,Low
R00419,C002,2026-04-01,1,0,4,2.6,Low
R00419,C002,2026-05-01,0,0,0,3.5,Low
R00419,C002,2026-06-01,1,0,0,2.2,Low
R00420,C002,2026-01-01,3,4,2,3.6,Low
R00420,C002,2026-02-01,2,0,3,4.0,Low
R00420,C002,2026-03-01,2,2,1,2.6,Low
R00420,C002,2026-04-01,4,4,3,3.4,Medium
R00420,C002,2026-05-01,4,4,1,4.8,Medium
R00420,C002,2026-06-01,4,4,2,4.2,Medium
R00421,C002,2026-01-01,2,1,2,3.7,Low
R00421,C002,2026-02-01,4,2,1,4.9,Medium
R00421,C002,2026-03-01,4,4,1,4.3,Medium
R00421,C002,2026-04-01,3,2,1,3.2,Low
R00421,C002,2026-05-01,3,0,2,3.2,Low
R00421,C002,2026-06-01,2,3,0,3.6,Low
R00422,C002,2026-01-01,2,3,2,3.6,Low
R00422,C002,2026-02-01,4,5,0,3.8,Medium
R00422,C002,2026-03-01,3,3,3,3.2,Low
R00422,C002,2026-04-01,4,3,0,4.0,Medium
R00422,C002,2026-05-01,3,2,0,4.1,Low
R00422,C002,2026-06-01,1,2,1,3.5,Low
R00423,C002,2026-01-01,5,4,2,4.4,Medium
R00423,C002,2026-02-01,5,4,1,3.5,Medium
R00423,C002,2026-03-01,5,3,0,4.6,Medium
R00423,C002,2026-04-01,7,3,1,4.8,High
R00423,C002,2026-05-01,7,3,1,4.8,High
R00423,C002,2026-06-01,6,3,0,4.5,Medium
R00424,C002,2026-01-01,2,2,1,2.8,Low
R00424,C002,2026-02-01,4,3,0,3.3,Medium
R00424,C002,2026-03-01,2,2,1,3.8,Low
R00424,C002,2026-04-01,3,3,1,3.1,Low
R00424,C002,2026-05-01,1,1,2,2.8,Low
R00424,C002,2026-06-01,4,4,2,3.9,Medium
R00425,C002,2026-01-01,7,4,1,3.8,High
R00425,C002,2026-02-01,6,2,1,4.1,Medium
R00425,C002,2026-03-01,7,4,1,4.7,High
R00425,C002,2026-04-01,7,3,2,3.8,High
R00425,C002,2026-05-01,6,4,0,2.9,Medium
R00425,C002,2026-06-01,6,2,4,5.0,Medium
R00426,C002,2026-01-01,0,0,2,2.5,Low
R00426,C002,2026-02-01,2,2,2,2.3,Low
R00426,C002,2026-03-01,0,0,0,2.8,Low
R00426,C002,2026-04-01,2,4,1,3.1,Low
R00426,C002,2026-05-01,1,2,1,3.7,Low
R00426,C002,2026-06-01,1,0,3,3.3,Low
R00427,C002,2026-01-01,7,2,1,4.8,High
R00427,C002,2026-02-01,6,3,1,3.7,Medium
R00427,C002,2026-03-01,8,4,2,4.0,High
R00427,C002,2026-04-01,6,5,4,4.2,Medium
R00427,C002,2026-05-01,9,5,2,5.0,High
R00427,C002,2026-06-01,7,5,1,4.4,High
R00428,C002,2026-01-01,7,5,3,4.8,High
R00428,C002,2026-02-01,6,1,0,4.9,Medium
R00428,C002,2026-03-01,8,3,1,4.0,High
R00428,C002,2026-04-01,6,4,2,4.1,Medium
R00428,C002,2026-05-01,7,3,3,4.2,High
R00428,C002,2026-06-01,7,3,1,3.8,High
R00429,C002,2026-01-01,1,2,1,2.8,Low
R00429,C002,2026-02-01,2,2,1,2.8,Low
R00429,C002,2026-03-01,0,0,1,3.3,Low
R00429,C002,2026-04-01,0,0,0,3.5,Low
R00429,C002,2026-05-01,1,1,1,3.3,Low
R00429,C002,2026-06-01,0,0,0,3.1,Low
R00430,C002,2026-01-01,4,3,1,3.2,Medium
R00430,C002,2026-02-01,1,1,0,3.4,Low
R00430,C002,2026-03-01,3,2,3,3.9,Low
R00430,C002,2026-04-01,5,4,2,4.1,Medium
R00430,C002,2026-05-01,2,4,1,3.4,Low
R00430,C002,2026-06-01,1,0,1,3.7,Low
R00431,C002,2026-01-01,2,3,1,3.7,Low
R00431,C002,2026-02-01,1,0,1,3.5,Low
R00431,C002,2026-03-01,2,2,3,3.3,Low
R00431,C002,2026-04-01,1,2,1,4.9,Low
R00431,C002,2026-05-01,4,5,0,4.9,Medium
R00431,C002,2026-06-01,4,3,1,4.0,Medium
R00432,C002,2026-01-01,6,4,1,4.5,Medium
R00432,C002,2026-02-01,5,3,1,3.9,Medium
R00432,C002,2026-03-01,6,5,2,4.8,Medium
R00432,C002,2026-04-01,5,4,1,4.0,Medium
R00432,C002,2026-05-01,6,3,2,3.3,Medium
R00432,C002,2026-06-01,4,2,2,3.3,Medium
R00433,C002,2026-01-01,4,2,1,3.2,Medium
R00433,C002,2026-02-01,4,5,1,3.7,Medium
R00433,C002,2026-03-01,2,1,1,3.2,Low
R00433,C002,2026-04-01,4,3,1,3.6,Medium
R00433,C002,2026-05-01,4,2,1,4.5,Medium
R00433,C002,2026-06-01,3,2,0,3.9,Low
R00434,C002,2026-01-01,6,3,2,4.5,Medium
R00434,C002,2026-02-01,5,3,1,4.1,Medium
R00434,C002,2026-03-01,4,3,1,4.1,Medium
R00434,C002,2026-04-01,4,1,2,3.3,Medium
R00434,C002,2026-05-01,7,2,1,3.9,High
R00434,C002,2026-06-01,4,3,0,4.2,Medium
R00435,C002,2026-01-01,3,2,1,4.9,Low
R00435,C002,2026-02-01,3,2,1,3.9,Low
R00435,C002,2026-03-01,3,4,0,3.2,Low
R00435,C002,2026-04-01,4,3,1,3.2,Medium
R00435,C002,2026-05-01,1,0,0,3.3,Low
R00435,C002,2026-06-01,3,3,1,4.1,Low
R00436,C002,2026-01-01,6,3,3,5.0,Medium
R00436,C002,2026-02-01,5,5,1,2.8,Medium
R00436,C002,2026-03-01,4,3,1,3.7,Medium
R00436,C002,2026-04-01,4,1,0,4.1,Medium
R00436,C002,2026-05-01,5,3,1,4.0,Medium
R00436,C002,2026-06-01,3,1,2,3.2,Low
R00437,C003,2026-01-01,3,3,1,3.7,Low
R00437,C003,2026-02-01,3,3,0,3.3,Low
R00437,C003,2026-03-01,3,4,1,4.1,Low
R00437,C003,2026-04-01,2,1,2,3.1,Low
R00437,C003,2026-05-01,1,3,0,3.4,Low
R00437,C003,2026-06-01,2,1,1,2.8,Low
R00438,C003,2026-01-01,5,3,0,4.0,Medium
R00438,C003,2026-02-01,3,3,1,4.0,Low
R00438,C003,2026-03-01,4,5,3,4.4,Medium
R00438,C003,2026-04-01,2,0,1,4.2,Low
R00438,C003,2026-05-01,2,3,0,3.7,Low
R00438,C003,2026-06-01,5,3,2,3.6,Medium
R00439,C003,2026-01-01,2,1,1,3.7,Low
R00439,C003,2026-02-01,3,1,0,2.7,Low
R00439,C003,2026-03-01,3,2,0,3.9,Low
R00439,C003,2026-04-01,4,4,0,3.2,Medium
R00439,C003,2026-05-01,4,3,1,3.4,Medium
R00439,C003,2026-06-01,3,2,2,4.5,Low
R00440,C003,2026-01-01,2,2,3,3.5,Low
R00440,C003,2026-02-01,2,1,2,2.0,Low
R00440,C003,2026-03-01,1,0,1,3.6,Low
R00440,C003,2026-04-01,1,1,2,3.0,Low
R00440,C003,2026-05-01,0,0,0,3.6,Low
R00440,C003,2026-06-01,1,2,3,2.9,Low
R00441,C003,2026-01-01,7,5,0,4.7,High
R00441,C003,2026-02-01,8,4,2,4.2,High
R00441,C003,2026-03-01,8,4,1,4.1,High
R00441,C003,2026-04-01,7,3,5,4.3,High
R00441,C003,2026-05-01,8,5,1,3.9,High
R00441,C003,2026-06-01,9,5,3,4.3,High
R00442,C003,2026-01-01,2,2,0,3.9,Low
R00442,C003,2026-02-01,0,0,1,3.1,Low
R00442,C003,2026-03-01,0,0,0,4.0,Low
R00442,C003,2026-04-01,0,0,1,2.7,Low
R00442,C003,2026-05-01,1,1,0,2.5,Low
R00442,C003,2026-06-01,2,1,6,2.5,Low
R00443,C003,2026-01-01,2,1,1,4.2,Low
R00443,C003,2026-02-01,4,4,1,3.7,Medium
R00443,C003,2026-03-01,4,5,0,4.7,Medium
R00443,C003,2026-04-01,4,5,3,2.8,Medium
R00443,C003,2026-05-01,4,3,2,4.3,Medium
R00443,C003,2026-06-01,4,5,3,4.1,Medium
R00444,C003,2026-01-01,5,4,1,4.4,Medium
R00444,C003,2026-02-01,5,3,0,3.6,Medium
R00444,C003,2026-03-01,7,2,0,4.7,High
R00444,C003,2026-04-01,4,5,2,3.9,Medium
R00444,C003,2026-05-01,6,4,2,4.5,Medium
R00444,C003,2026-06-01,4,4,1,4.8,Medium
R00445,C003,2026-01-01,2,2,1,2.9,Low
R00445,C003,2026-02-01,2,2,1,3.7,Low
R00445,C003,2026-03-01,2,1,2,3.6,Low
R00445,C003,2026-04-01,0,0,0,3.8,Low
R00445,C003,2026-05-01,0,1,0,3.0,Low
R00445,C003,2026-06-01,0,0,0,3.8,Low
R00446,C003,2026-01-01,1,1,0,3.1,Low
R00446,C003,2026-02-01,5,3,1,3.6,Medium
R00446,C003,2026-03-01,1,0,0,3.4,Low
R00446,C003,2026-04-01,3,3,1,4.3,Low
R00446,C003,2026-05-01,1,1,1,3.7,Low
R00446,C003,2026-06-01,4,3,1,4.1,Medium
R00447,C003,2026-01-01,4,3,1,2.7,Medium
R00447,C003,2026-02-01,2,3,1,3.4,Low
R00447,C003,2026-03-01,3,4,0,3.8,Low
R00447,C003,2026-04-01,2,3,2,2.8,Low
R00447,C003,2026-05-01,2,0,2,2.9,Low
R00447,C003,2026-06-01,3,3,1,3.1,Low
R00448,C003,2026-01-01,3,2,2,2.5,Low
R00448,C003,2026-02-01,1,0,2,2.5,Low
R00448,C003,2026-03-01,3,3,3,3.7,Low
R00448,C003,2026-04-01,2,2,0,3.2,Low
R00448,C003,2026-05-01,1,1,0,2.9,Low
R00448,C003,2026-06-01,2,1,2,3.1,Low
R00449,C003,2026-01-01,8,4,0,4.7,High
R00449,C003,2026-02-01,9,5,1,4.4,High
R00449,C003,2026-03-01,9,4,0,4.3,High
R00449,C003,2026-04-01,8,2,1,5.0,High
R00449,C003,2026-05-01,9,4,1,4.5,High
R00449,C003,2026-06-01,9,3,5,5.0,High
R00450,C003,2026-01-01,3,3,1,2.9,Low
R00450,C003,2026-02-01,3,3,0,4.2,Low
R00450,C003,2026-03-01,6,2,2,4.5,Medium
R00450,C003,2026-04-01,4,3,1,3.3,Medium
R00450,C003,2026-05-01,3,2,2,3.4,Low
R00450,C003,2026-06-01,5,4,1,3.4,Medium
R00451,C003,2026-01-01,4,3,1,3.1,Medium
R00451,C003,2026-02-01,2,3,1,3.5,Low
R00451,C003,2026-03-01,3,3,1,4.4,Low
R00451,C003,2026-04-01,4,4,1,4.1,Medium
R00451,C003,2026-05-01,2,1,3,4.5,Low
R00451,C003,2026-06-01,3,3,1,3.7,Low
R00452,C003,2026-01-01,0,1,1,3.8,Low
R00452,C003,2026-02-01,1,2,0,4.6,Low
R00452,C003,2026-03-01,2,0,4,2.8,Low
R00452,C003,2026-04-01,2,1,0,2.9,Low
R00452,C003,2026-05-01,0,0,1,3.0,Low
R00452,C003,2026-06-01,1,1,1,2.5,Low
R00453,C003,2026-01-01,5,3,3,4.5,Medium
R00453,C003,2026-02-01,2,0,1,2.7,Low
R00453,C003,2026-03-01,0,2,2,3.9,Low
R00453,C003,2026-04-01,4,3,1,4.0,Medium
R00453,C003,2026-05-01,4,4,2,3.5,Medium
R00453,C003,2026-06-01,3,3,0,3.4,Low
R00454,C003,2026-01-01,5,2,0,4.4,Medium
R00454,C003,2026-02-01,4,4,2,3.3,Medium
R00454,C003,2026-03-01,3,2,1,3.8,Low
R00454,C003,2026-04-01,4,2,1,4.4,Medium
R00454,C003,2026-05-01,4,3,1,3.6,Medium
R00454,C003,2026-06-01,4,4,1,4.2,Medium
R00455,C003,2026-01-01,8,5,1,4.4,High
R00455,C003,2026-02-01,6,3,2,4.4,Medium
R00455,C003,2026-03-01,9,4,3,4.5,High
R00455,C003,2026-04-01,8,5,1,4.3,High
R00455,C003,2026-05-01,5,4,1,4.4,Medium
R00455,C003,2026-06-01,7,5,3,4.4,High
R00456,C003,2026-01-01,5,3,0,4.4,Medium
R00456,C003,2026-02-01,4,4,1,4.0,Medium
R00456,C003,2026-03-01,4,5,0,3.5,Medium
R00456,C003,2026-04-01,4,1,2,3.5,Medium
R00456,C003,2026-05-01,1,2,2,3.7,Low
R00456,C003,2026-06-01,3,3,1,3.4,Low
R00457,C003,2026-01-01,2,1,3,3.4,Low
R00457,C003,2026-02-01,0,0,0,3.2,Low
R00457,C003,2026-03-01,0,0,3,2.9,Low
R00457,C003,2026-04-01,1,0,0,3.9,Low
R00457,C003,2026-05-01,0,0,1,3.4,Low
R00457,C003,2026-06-01,0,0,0,2.9,Low
R00458,C003,2026-01-01,3,1,1,3.4,Low
R00458,C003,2026-02-01,1,1,2,3.0,Low
R00458,C003,2026-03-01,3,3,3,4.0,Low
R00458,C003,2026-04-01,2,2,3,2.9,Low
R00458,C003,2026-05-01,3,2,2,4.6,Low
R00458,C003,2026-06-01,1,1,1,3.8,Low
R00459,C003,2026-01-01,9,5,1,4.7,High
R00459,C003,2026-02-01,8,3,0,4.4,High
R00459,C003,2026-03-01,8,3,1,5.0,High
R00459,C003,2026-04-01,8,5,4,5.0,High
R00459,C003,2026-05-01,7,4,3,4.5,High
R00459,C003,2026-06-01,8,5,4,4.7,High
R00460,C003,2026-01-01,0,0,1,2.2,Low
R00460,C003,2026-02-01,1,0,0,3.4,Low
R00460,C003,2026-03-01,1,1,0,3.2,Low
R00460,C003,2026-04-01,1,2,0,2.8,Low
R00460,C003,2026-05-01,1,0,0,4.3,Low
R00460,C003,2026-06-01,0,0,1,2.8,Low
R00461,C003,2026-01-01,7,3,0,5.0,High
R00461,C003,2026-02-01,5,3,1,4.1,Medium
R00461,C003,2026-03-01,4,3,1,4.5,Medium
R00461,C003,2026-04-01,3,3,0,4.6,Low
R00461,C003,2026-05-01,6,2,3,4.6,Medium
R00461,C003,2026-06-01,3,3,1,3.6,Low
R00462,C003,2026-01-01,3,2,1,2.9,Low
R00462,C003,2026-02-01,3,2,1,4.1,Low
R00462,C003,2026-03-01,2,2,1,4.5,Low
R00462,C003,2026-04-01,1,0,3,2.6,Low
R00462,C003,2026-05-01,2,3,2,3.5,Low
R00462,C003,2026-06-01,2,2,2,3.2,Low
R00463,C003,2026-01-01,2,1,0,3.7,Low
R00463,C003,2026-02-01,2,2,0,1.6,Low
R00463,C003,2026-03-01,5,5,2,3.3,Medium
R00463,C003,2026-04-01,4,3,1,3.9,Medium
R00463,C003,2026-05-01,4,4,0,3.4,Medium
R00463,C003,2026-06-01,3,2,3,3.4,Low
R00464,C003,2026-01-01,4,3,2,4.2,Medium
R00464,C003,2026-02-01,4,3,0,3.8,Medium
R00464,C003,2026-03-01,3,1,0,4.1,Low
R00464,C003,2026-04-01,4,5,0,3.3,Medium
R00464,C003,2026-05-01,3,3,0,3.8,Low
R00464,C003,2026-06-01,4,3,1,4.1,Medium
R00465,C003,2026-01-01,2,3,0,4.5,Low
R00465,C003,2026-02-01,6,3,1,4.0,Medium
R00465,C003,2026-03-01,2,1,0,3.7,Low
R00465,C003,2026-04-01,2,1,0,3.7,Low
R00465,C003,2026-05-01,3,3,3,3.2,Low
R00465,C003,2026-06-01,1,0,1,2.9,Low
R00466,C003,2026-01-01,3,4,1,3.2,Low
R00466,C003,2026-02-01,3,3,1,3.8,Low
R00466,C003,2026-03-01,2,2,0,2.7,Low
R00466,C003,2026-04-01,3,4,0,4.6,Low
R00466,C003,2026-05-01,3,3,0,2.8,Low
R00466,C003,2026-06-01,4,2,1,3.6,Medium
R00467,C003,2026-01-01,4,3,0,4.6,Medium
R00467,C003,2026-02-01,6,4,3,4.6,Medium
R00467,C003,2026-03-01,6,2,1,4.7,Medium
R00467,C003,2026-04-01,4,4,0,4.9,Medium
R00467,C003,2026-05-01,5,3,1,4.0,Medium
R00467,C003,2026-06-01,6,3,0,4.5,Medium
R00468,C003,2026-01-01,2,1,1,2.9,Low
R00468,C003,2026-02-01,3,3,0,4.1,Low
R00468,C003,2026-03-01,2,1,3,2.5,Low
R00468,C003,2026-04-01,2,2,0,2.3,Low
R00468,C003,2026-05-01,3,4,1,3.8,Low
R00468,C003,2026-06-01,4,4,3,3.1,Medium
R00469,C003,2026-01-01,6,3,4,4.3,Medium
R00469,C003,2026-02-01,6,4,0,3.4,Medium
R00469,C003,2026-03-01,4,4,1,3.4,Medium
R00469,C003,2026-04-01,4,0,0,5.0,Medium
R00469,C003,2026-05-01,4,5,0,4.3,Medium
R00469,C003,2026-06-01,3,2,1,4.6,Low
R00470,C003,2026-01-01,5,4,3,3.9,Medium
R00470,C003,2026-02-01,3,2,1,4.4,Low
R00470,C003,2026-03-01,2,1,1,3.3,Low
R00470,C003,2026-04-01,2,3,2,3.7,Low
R00470,C003,2026-05-01,2,0,2,3.3,Low
R00470,C003,2026-06-01,2,2,2,3.3,Low
R00471,C003,2026-01-01,12,3,1,5.0,High
R00471,C003,2026-02-01,10,4,1,5.0,High
R00471,C003,2026-03-01,10,4,2,4.2,High
R00471,C003,2026-04-01,8,3,2,4.5,High
R00471,C003,2026-05-01,10,3,0,4.7,High
R00471,C003,2026-06-01,9,4,4,5.0,High
R00472,C003,2026-01-01,7,2,2,4.9,High
R00472,C003,2026-02-01,6,4,1,4.6,Medium
R00472,C003,2026-03-01,7,4,1,4.6,High
R00472,C003,2026-04-01,6,3,1,4.2,Medium
R00472,C003,2026-05-01,7,5,2,4.8,High
R00472,C003,2026-06-01,6,3,4,3.9,Medium
R00473,C003,2026-01-01,6,4,1,5.0,Medium
R00473,C003,2026-02-01,4,5,2,3.7,Medium
R00473,C003,2026-03-01,4,3,1,3.5,Medium
R00473,C003,2026-04-01,5,1,1,4.1,Medium
R00473,C003,2026-05-01,5,3,0,4.4,Medium
R00473,C003,2026-06-01,5,5,0,4.2,Medium
R00474,C003,2026-01-01,0,0,2,2.7,Low
R00474,C003,2026-02-01,0,1,1,3.0,Low
R00474,C003,2026-03-01,2,2,1,3.2,Low
R00474,C003,2026-04-01,1,0,2,2.4,Low
R00474,C003,2026-05-01,1,0,1,3.9,Low
R00474,C003,2026-06-01,0,0,0,3.1,Low
R00475,C003,2026-01-01,2,2,2,3.2,Low
R00475,C003,2026-02-01,2,0,0,2.7,Low
R00475,C003,2026-03-01,0,0,0,3.6,Low
R00475,C003,2026-04-01,1,0,2,3.0,Low
R00475,C003,2026-05-01,2,0,0,3.2,Low
R00475,C003,2026-06-01,2,0,3,3.0,Low
R00476,C003,2026-01-01,3,3,3,4.1,Low
R00476,C003,2026-02-01,4,4,2,3.1,Medium
R00476,C003,2026-03-01,4,3,2,3.8,Medium
R00476,C003,2026-04-01,3,2,1,4.0,Low
R00476,C003,2026-05-01,3,2,2,3.0,Low
R00476,C003,2026-06-01,3,3,2,2.9,Low
R00477,C003,2026-01-01,0,1,3,2.5,Low
R00477,C003,2026-02-01,2,1,0,3.4,Low
R00477,C003,2026-03-01,0,0,2,3.1,Low
R00477,C003,2026-04-01,0,0,2,3.0,Low
R00477,C003,2026-05-01,1,0,0,2.7,Low
R00477,C003,2026-06-01,0,0,2,4.0,Low
R00478,C003,2026-01-01,6,3,2,4.6,Medium
R00478,C003,2026-02-01,8,5,3,4.6,High
R00478,C003,2026-03-01,7,5,0,5.0,High
R00478,C003,2026-04-01,6,4,0,3.6,Medium
R00478,C003,2026-05-01,7,4,2,4.0,High
R00478,C003,2026-06-01,7,3,3,3.8,High
R00479,C003,2026-01-01,3,2,1,3.9,Low
R00479,C003,2026-02-01,3,1,2,5.0,Low
R00479,C003,2026-03-01,4,5,0,3.8,Medium
R00479,C003,2026-04-01,2,0,2,3.8,Low
R00479,C003,2026-05-01,4,3,0,4.8,Medium
R00479,C003,2026-06-01,5,2,0,4.1,Medium
R00480,C003,2026-01-01,6,5,0,4.7,Medium
R00480,C003,2026-02-01,4,0,2,3.8,Medium
R00480,C003,2026-03-01,5,3,1,4.7,Medium
R00480,C003,2026-04-01,7,4,2,3.4,High
R00480,C003,2026-05-01,6,4,1,3.7,Medium
R00480,C003,2026-06-01,5,2,0,4.4,Medium
R00481,C003,2026-01-01,0,0,0,3.3,Low
R00481,C003,2026-02-01,0,0,1,2.1,Low
R00481,C003,2026-03-01,0,0,0,3.6,Low
R00481,C003,2026-04-01,2,0,1,3.4,Low
R00481,C003,2026-05-01,0,0,2,2.3,Low
R00481,C003,2026-06-01,0,0,2,1.8,Low
R00482,C003,2026-01-01,6,4,1,5.0,Medium
R00482,C003,2026-02-01,6,5,2,3.5,Medium
R00482,C003,2026-03-01,4,2,1,3.5,Medium
R00482,C003,2026-04-01,7,4,1,5.0,High
R00482,C003,2026-05-01,7,2,0,3.7,High
R00482,C003,2026-06-01,6,4,1,4.0,Medium
R00483,C003,2026-01-01,2,5,0,4.2,Low
R00483,C003,2026-02-01,3,2,1,4.0,Low
R00483,C003,2026-03-01,5,3,0,4.4,Medium
R00483,C003,2026-04-01,4,4,1,3.7,Medium
R00483,C003,2026-05-01,3,1,1,3.5,Low
R00483,C003,2026-06-01,3,2,2,4.3,Low
R00484,C003,2026-01-01,4,4,2,3.7,Medium
R00484,C003,2026-02-01,3,1,5,3.0,Low
R00484,C003,2026-03-01,4,2,0,3.9,Medium
R00484,C003,2026-04-01,4,4,0,3.6,Medium
R00484,C003,2026-05-01,5,4,1,3.5,Medium
R00484,C003,2026-06-01,6,5,2,4.4,Medium
R00485,C003,2026-01-01,2,1,1,3.0,Low
R00485,C003,2026-02-01,3,3,4,4.6,Low
R00485,C003,2026-03-01,2,2,2,3.2,Low
R00485,C003,2026-04-01,2,1,1,3.0,Low
R00485,C003,2026-05-01,3,3,1,3.1,Low
R00485,C003,2026-06-01,4,2,2,3.4,Medium
R00486,C003,2026-01-01,3,3,0,4.2,Low
R00486,C003,2026-02-01,2,2,1,3.0,Low
R00486,C003,2026-03-01,3,3,1,3.7,Low
R00486,C003,2026-04-01,2,3,0,2.2,Low
R00486,C003,2026-05-01,2,0,1,3.5,Low
R00486,C003,2026-06-01,3,2,3,3.6,Low
R00487,C003,2026-01-01,5,3,0,4.9,Medium
R00487,C003,2026-02-01,5,4,4,3.4,Medium
R00487,C003,2026-03-01,4,3,2,3.5,Medium
R00487,C003,2026-04-01,5,4,2,3.7,Medium
R00487,C003,2026-05-01,5,4,1,4.5,Medium
R00487,C003,2026-06-01,4,3,0,2.9,Medium
R00488,C003,2026-01-01,4,3,0,3.7,Medium
R00488,C003,2026-02-01,3,2,2,3.1,Low
R00488,C003,2026-03-01,4,4,0,3.3,Medium
R00488,C003,2026-04-01,2,3,1,2.8,Low
R00488,C003,2026-05-01,3,2,1,3.2,Low
R00488,C003,2026-06-01,5,2,1,4.2,Medium
R00489,C003,2026-01-01,3,3,0,4.2,Low
R00489,C003,2026-02-01,4,2,2,4.7,Medium
R00489,C003,2026-03-01,3,4,4,3.9,Low
R00489,C003,2026-04-01,2,3,1,2.6,Low
R00489,C003,2026-05-01,5,3,2,4.7,Medium
R00489,C003,2026-06-01,3,4,1,3.2,Low
R00490,C003,2026-01-01,3,2,2,3.2,Low
R00490,C003,2026-02-01,4,5,1,4.9,Medium
R00490,C003,2026-03-01,1,0,1,3.0,Low
R00490,C003,2026-04-01,5,5,2,3.9,Medium
R00490,C003,2026-05-01,2,1,1,4.6,Low
R00490,C003,2026-06-01,4,4,0,3.4,Medium
R00491,C003,2026-01-01,2,2,0,3.5,Low
R00491,C003,2026-02-01,2,2,1,3.1,Low
R00491,C003,2026-03-01,2,0,2,3.9,Low
R00491,C003,2026-04-01,2,2,0,2.9,Low
R00491,C003,2026-05-01,2,0,1,3.9,Low
R00491,C003,2026-06-01,1,1,1,3.5,Low
R00492,C003,2026-01-01,5,3,1,3.5,Medium
R00492,C003,2026-02-01,5,4,3,4.1,Medium
R00492,C003,2026-03-01,5,3,1,4.1,Medium
R00492,C003,2026-04-01,5,5,1,4.7,Medium
R00492,C003,2026-05-01,5,4,2,3.7,Medium
R00492,C003,2026-06-01,3,3,2,3.2,Low
R00493,C003,2026-01-01,0,0,2,3.8,Low
R00493,C003,2026-02-01,0,0,2,3.5,Low
R00493,C003,2026-03-01,1,1,1,3.6,Low
R00493,C003,2026-04-01,1,0,0,3.8,Low
R00493,C003,2026-05-01,1,2,0,2.5,Low
R00493,C003,2026-06-01,1,0,2,3.9,Low
R00494,C003,2026-01-01,3,3,3,3.6,Low
R00494,C003,2026-02-01,2,1,1,2.3,Low
R00494,C003,2026-03-01,3,4,2,3.1,Low
R00494,C003,2026-04-01,1,1,1,3.2,Low
R00494,C003,2026-05-01,3,2,1,4.3,Low
R00494,C003,2026-06-01,2,2,2,3.7,Low
R00495,C003,2026-01-01,3,3,1,4.5,Low
R00495,C003,2026-02-01,4,2,2,3.4,Medium
R00495,C003,2026-03-01,3,2,2,3.9,Low
R00495,C003,2026-04-01,4,4,2,5.0,Medium
R00495,C003,2026-05-01,3,2,2,3.9,Low
R00495,C003,2026-06-01,2,1,1,4.2,Low
R00496,C003,2026-01-01,1,0,0,3.5,Low
R00496,C003,2026-02-01,3,2,2,3.4,Low
R00496,C003,2026-03-01,0,0,3,2.7,Low
R00496,C003,2026-04-01,3,1,1,3.0,Low
R00496,C003,2026-05-01,1,1,1,4.0,Low
R00496,C003,2026-06-01,1,0,2,2.2,Low
R00497,C003,2026-01-01,5,2,0,4.2,Medium
R00497,C003,2026-02-01,4,4,0,3.7,Medium
R00497,C003,2026-03-01,3,2,2,3.1,Low
R00497,C003,2026-04-01,5,4,1,4.1,Medium
R00497,C003,2026-05-01,4,4,1,4.2,Medium
R00497,C003,2026-06-01,3,3,1,5.0,Low
R00498,C003,2026-01-01,8,4,0,4.2,High
R00498,C003,2026-02-01,6,4,1,4.8,Medium
R00498,C003,2026-03-01,8,4,0,4.3,High
R00498,C003,2026-04-01,8,4,0,4.0,High
R00498,C003,2026-05-01,8,4,0,5.0,High
R00498,C003,2026-06-01,9,5,2,5.0,High
R00499,C003,2026-01-01,3,2,1,3.9,Low
R00499,C003,2026-02-01,3,1,1,3.6,Low
R00499,C003,2026-03-01,5,3,2,4.4,Medium
R00499,C003,2026-04-01,3,4,1,3.6,Low
R00499,C003,2026-05-01,4,4,0,4.0,Medium
R00499,C003,2026-06-01,3,2,1,3.6,Low
R00500,C003,2026-01-01,0,0,2,2.6,Low
R00500,C003,2026-02-01,1,1,3,2.5,Low
R00500,C003,2026-03-01,2,1,2,3.1,Low
R00500,C003,2026-04-01,2,2,0,3.9,Low
R00500,C003,2026-05-01,1,1,0,2.4,Low
R00500,C003,2026-06-01,3,2,1,2.9,Low
R00501,C003,2026-01-01,1,2,0,4.2,Low
R00501,C003,2026-02-01,1,0,0,4.9,Low
R00501,C003,2026-03-01,0,1,2,3.8,Low
R00501,C003,2026-04-01,1,2,1,4.3,Low
R00501,C003,2026-05-01,0,0,1,3.1,Low
R00501,C003,2026-06-01,0,0,2,3.3,Low
R00502,C003,2026-01-01,4,3,1,3.8,Medium
R00502,C003,2026-02-01,5,5,2,4.0,Medium
R00502,C003,2026-03-01,3,1,4,4.2,Low
R00502,C003,2026-04-01,3,3,1,4.2,Low
R00502,C003,2026-05-01,4,4,1,3.2,Medium
R00502,C003,2026-06-01,1,2,2,3.2,Low
R00503,C003,2026-01-01,6,5,0,4.5,Medium
R00503,C003,2026-02-01,5,4,0,3.9,Medium
R00503,C003,2026-03-01,4,2,0,3.8,Medium
R00503,C003,2026-04-01,5,4,1,4.8,Medium
R00503,C003,2026-05-01,6,3,1,3.3,Medium
R00503,C003,2026-06-01,5,4,1,3.6,Medium
R00504,C003,2026-01-01,8,2,0,4.5,High
R00504,C003,2026-02-01,7,3,1,4.2,High
R00504,C003,2026-03-01,6,2,1,4.3,Medium
R00504,C003,2026-04-01,5,2,2,4.0,Medium
R00504,C003,2026-05-01,5,3,4,4.2,Medium
R00504,C003,2026-06-01,6,3,2,4.9,Medium
R00505,C003,2026-01-01,2,2,2,3.1,Low
R00505,C003,2026-02-01,3,2,3,3.9,Low
R00505,C003,2026-03-01,0,0,1,2.8,Low
R00505,C003,2026-04-01,2,1,4,2.8,Low
R00505,C003,2026-05-01,2,0,2,3.9,Low
R00505,C003,2026-06-01,2,0,3,3.3,Low
R00506,C003,2026-01-01,1,2,0,2.9,Low
R00506,C003,2026-02-01,2,1,3,3.4,Low
R00506,C003,2026-03-01,2,2,1,3.7,Low
R00506,C003,2026-04-01,1,0,2,3.4,Low
R00506,C003,2026-05-01,2,3,1,4.3,Low
R00506,C003,2026-06-01,0,0,1,4.4,Low
R00507,C003,2026-01-01,5,3,1,4.2,Medium
R00507,C003,2026-02-01,3,1,1,3.5,Low
R00507,C003,2026-03-01,4,5,1,3.9,Medium
R00507,C003,2026-04-01,5,3,1,3.3,Medium
R00507,C003,2026-05-01,4,5,0,3.7,Medium
R00507,C003,2026-06-01,4,4,0,3.1,Medium
R00508,C003,2026-01-01,2,0,2,3.1,Low
R00508,C003,2026-02-01,0,0,0,3.2,Low
R00508,C003,2026-03-01,4,4,1,3.7,Medium
R00508,C003,2026-04-01,2,2,1,3.4,Low
R00508,C003,2026-05-01,1,0,2,3.0,Low
R00508,C003,2026-06-01,2,2,0,4.1,Low
R00509,C003,2026-01-01,4,2,1,4.8,Medium
R00509,C003,2026-02-01,4,4,1,4.5,Medium
R00509,C003,2026-03-01,6,3,2,3.5,Medium
R00509,C003,2026-04-01,4,4,2,3.6,Medium
R00509,C003,2026-05-01,5,5,2,3.7,Medium
R00509,C003,2026-06-01,3,4,3,3.7,Low
R00510,C003,2026-01-01,3,5,3,3.9,Low
R00510,C003,2026-02-01,2,2,1,3.5,Low
R00510,C003,2026-03-01,5,3,3,3.7,Medium
R00510,C003,2026-04-01,3,2,1,3.5,Low
R00510,C003,2026-05-01,3,2,1,3.7,Low
R00510,C003,2026-06-01,3,4,2,3.8,Low
R00511,C003,2026-01-01,2,1,1,4.3,Low
R00511,C003,2026-02-01,1,2,0,3.3,Low
R00511,C003,2026-03-01,2,0,1,2.8,Low
R00511,C003,2026-04-01,3,2,2,3.0,Low
R00511,C003,2026-05-01,1,1,2,3.4,Low
R00511,C003,2026-06-01,2,3,0,2.6,Low
R00512,C003,2026-01-01,3,2,1,3.2,Low
R00512,C003,2026-02-01,4,4,4,4.4,Medium
R00512,C003,2026-03-01,4,3,0,3.1,Medium
R00512,C003,2026-04-01,6,5,3,5.0,Medium
R00512,C003,2026-05-01,2,0,0,4.3,Low
R00512,C003,2026-06-01,2,3,1,4.1,Low
R00513,C003,2026-01-01,2,1,0,4.0,Low
R00513,C003,2026-02-01,1,0,2,2.8,Low
R00513,C003,2026-03-01,2,2,0,4.7,Low
R00513,C003,2026-04-01,2,0,0,3.9,Low
R00513,C003,2026-05-01,3,2,0,5.0,Low
R00513,C003,2026-06-01,2,1,1,3.5,Low
R00514,C003,2026-01-01,1,3,0,3.9,Low
R00514,C003,2026-02-01,1,0,1,2.7,Low
R00514,C003,2026-03-01,0,1,0,4.0,Low
R00514,C003,2026-04-01,1,1,1,3.4,Low
R00514,C003,2026-05-01,1,0,1,4.4,Low
R00514,C003,2026-06-01,0,0,2,3.3,Low
R00515,C003,2026-01-01,2,3,1,4.0,Low
R00515,C003,2026-02-01,0,0,1,3.4,Low
R00515,C003,2026-03-01,3,4,2,3.2,Low
R00515,C003,2026-04-01,1,0,1,3.9,Low
R00515,C003,2026-05-01,1,2,2,2.8,Low
R00515,C003,2026-06-01,2,1,1,3.2,Low
R00516,C003,2026-01-01,1,1,0,3.3,Low
R00516,C003,2026-02-01,2,1,2,2.1,Low
R00516,C003,2026-03-01,2,2,1,3.5,Low
R00516,C003,2026-04-01,1,1,0,4.0,Low
R00516,C003,2026-05-01,2,1,1,3.4,Low
R00516,C003,2026-06-01,1,2,2,3.5,Low
R00517,C003,2026-01-01,7,4,0,4.6,High
R00517,C003,2026-02-01,7,3,3,4.1,High
R00517,C003,2026-03-01,7,2,2,4.3,High
R00517,C003,2026-04-01,5,3,0,3.8,Medium
R00517,C003,2026-05-01,8,2,0,4.5,High
R00517,C003,2026-06-01,7,4,1,3.4,High
R00518,C003,2026-01-01,4,5,0,4.6,Medium
R00518,C003,2026-02-01,6,3,2,4.1,Medium
R00518,C003,2026-03-01,4,3,3,3.7,Medium
R00518,C003,2026-04-01,5,3,0,4.0,Medium
R00518,C003,2026-05-01,4,4,1,3.5,Medium
R00518,C003,2026-06-01,5,3,1,3.0,Medium
R00519,C003,2026-01-01,6,5,4,3.5,Medium
R00519,C003,2026-02-01,5,3,0,4.8,Medium
R00519,C003,2026-03-01,4,2,5,3.3,Medium
R00519,C003,2026-04-01,6,3,2,3.7,Medium
R00519,C003,2026-05-01,6,3,0,4.7,Medium
R00519,C003,2026-06-01,8,2,4,4.6,High
R00520,C003,2026-01-01,4,3,1,3.9,Medium
R00520,C003,2026-02-01,5,2,0,3.4,Medium
R00520,C003,2026-03-01,1,0,2,3.3,Low
R00520,C003,2026-04-01,2,2,1,3.0,Low
R00520,C003,2026-05-01,4,5,1,3.7,Medium
R00520,C003,2026-06-01,4,5,2,4.9,Medium
R00521,C003,2026-01-01,3,3,1,3.9,Low
R00521,C003,2026-02-01,3,4,0,3.9,Low
R00521,C003,2026-03-01,1,1,4,2.8,Low
R00521,C003,2026-04-01,3,3,0,4.2,Low
R00521,C003,2026-05-01,4,4,0,5.0,Medium
R00521,C003,2026-06-01,2,2,0,3.3,Low
R00522,C003,2026-01-01,4,3,2,3.7,Medium
R00522,C003,2026-02-01,4,4,1,3.6,Medium
R00522,C003,2026-03-01,6,3,0,4.1,Medium
R00522,C003,2026-04-01,6,4,0,4.6,Medium
R00522,C003,2026-05-01,6,4,0,4.5,Medium
R00522,C003,2026-06-01,5,5,3,4.2,Medium
R00523,C003,2026-01-01,3,2,1,3.7,Low
R00523,C003,2026-02-01,1,1,1,3.6,Low
R00523,C003,2026-03-01,1,0,0,3.5,Low
R00523,C003,2026-04-01,1,0,1,3.4,Low
R00523,C003,2026-05-01,3,3,4,3.2,Low
R00523,C003,2026-06-01,2,2,0,3.5,Low
R00524,C003,2026-01-01,5,4,1,3.2,Medium
R00524,C003,2026-02-01,5,4,0,3.6,Medium
R00524,C003,2026-03-01,7,4,0,4.2,High
R00524,C003,2026-04-01,7,3,1,4.2,High
R00524,C003,2026-05-01,6,5,0,5.0,Medium
R00524,C003,2026-06-01,5,3,1,5.0,Medium
R00525,C003,2026-01-01,7,3,0,4.9,High
R00525,C003,2026-02-01,8,5,0,4.3,High
R00525,C003,2026-03-01,8,3,0,5.0,High
R00525,C003,2026-04-01,10,3,1,4.1,High
R00525,C003,2026-05-01,8,5,1,3.9,High
R00525,C003,2026-06-01,9,2,0,4.9,High
R00526,C003,2026-01-01,6,5,8,3.5,Medium
R00526,C003,2026-02-01,6,3,1,4.7,Medium
R00526,C003,2026-03-01,5,4,1,3.5,Medium
R00526,C003,2026-04-01,4,4,2,3.5,Medium
R00526,C003,2026-05-01,5,4,3,3.5,Medium
R00526,C003,2026-06-01,5,3,0,4.0,Medium
R00527,C003,2026-01-01,3,2,2,3.6,Low
R00527,C003,2026-02-01,5,4,1,3.7,Medium
R00527,C003,2026-03-01,4,4,1,3.6,Medium
R00527,C003,2026-04-01,4,4,0,3.6,Medium
R00527,C003,2026-05-01,3,3,1,4.5,Low
R00527,C003,2026-06-01,6,1,1,4.6,Medium
R00528,C003,2026-01-01,3,4,0,3.5,Low
R00528,C003,2026-02-01,1,0,2,3.7,Low
R00528,C003,2026-03-01,1,0,3,3.8,Low
R00528,C003,2026-04-01,2,2,1,3.6,Low
R00528,C003,2026-05-01,3,3,2,3.2,Low
R00528,C003,2026-06-01,3,2,1,2.6,Low
R00529,C003,2026-01-01,6,4,2,4.4,Medium
R00529,C003,2026-02-01,3,1,1,4.8,Low
R00529,C003,2026-03-01,3,2,0,3.3,Low
R00529,C003,2026-04-01,2,0,1,3.7,Low
R00529,C003,2026-05-01,3,2,0,3.8,Low
R00529,C003,2026-06-01,3,2,1,4.0,Low
R00530,C003,2026-01-01,2,2,1,3.6,Low
R00530,C003,2026-02-01,3,2,2,2.1,Low
R00530,C003,2026-03-01,2,1,2,3.7,Low
R00530,C003,2026-04-01,2,2,2,4.3,Low
R00530,C003,2026-05-01,4,3,0,4.3,Medium
R00530,C003,2026-06-01,2,2,0,4.1,Low
R00531,C003,2026-01-01,6,3,0,4.2,Medium
R00531,C003,2026-02-01,6,5,0,5.0,Medium
R00531,C003,2026-03-01,6,5,0,3.7,Medium
R00531,C003,2026-04-01,5,5,1,4.2,Medium
R00531,C003,2026-05-01,5,2,2,3.0,Medium
R00531,C003,2026-06-01,5,1,2,3.7,Medium
R00532,C003,2026-01-01,3,3,0,2.9,Low
R00532,C003,2026-02-01,4,4,0,4.1,Medium
R00532,C003,2026-03-01,4,5,0,4.6,Medium
R00532,C003,2026-04-01,5,4,2,3.9,Medium
R00532,C003,2026-05-01,3,1,0,4.6,Low
R00532,C003,2026-06-01,4,3,1,3.8,Medium
R00533,C003,2026-01-01,6,2,3,4.7,Medium
R00533,C003,2026-02-01,7,2,2,4.4,High
R00533,C003,2026-03-01,5,5,0,4.7,Medium
R00533,C003,2026-04-01,6,2,1,4.5,Medium
R00533,C003,2026-05-01,6,5,3,4.2,Medium
R00533,C003,2026-06-01,6,3,1,4.1,Medium
R00534,C003,2026-01-01,3,3,0,4.3,Low
R00534,C003,2026-02-01,3,2,0,2.9,Low
R00534,C003,2026-03-01,3,3,0,4.0,Low
R00534,C003,2026-04-01,3,4,0,3.2,Low
R00534,C003,2026-05-01,3,3,2,3.7,Low
R00534,C003,2026-06-01,4,4,0,4.4,Medium
R00535,C003,2026-01-01,5,2,3,3.9,Medium
R00535,C003,2026-02-01,5,4,4,2.9,Medium
R00535,C003,2026-03-01,4,3,1,3.0,Medium
R00535,C003,2026-04-01,5,2,2,2.8,Medium
R00535,C003,2026-05-01,3,1,0,4.8,Low
R00535,C003,2026-06-01,4,4,1,4.2,Medium
R00536,C003,2026-01-01,1,0,1,3.7,Low
R00536,C003,2026-02-01,0,1,3,3.1,Low
R00536,C003,2026-03-01,1,0,3,2.8,Low
R00536,C003,2026-04-01,1,2,0,3.3,Low
R00536,C003,2026-05-01,0,0,3,3.8,Low
R00536,C003,2026-06-01,0,0,0,4.2,Low
R00537,C003,2026-01-01,6,3,1,3.8,Medium
R00537,C003,2026-02-01,7,4,1,4.3,High
R00537,C003,2026-03-01,7,3,1,3.1,High
R00537,C003,2026-04-01,6,4,1,3.6,Medium
R00537,C003,2026-05-01,7,4,1,4.8,High
R00537,C003,2026-06-01,6,3,1,4.6,Medium
R00538,C003,2026-01-01,5,5,2,4.7,Medium
R00538,C003,2026-02-01,5,2,3,3.5,Medium
R00538,C003,2026-03-01,5,5,0,3.9,Medium
R00538,C003,2026-04-01,6,3,1,4.3,Medium
R00538,C003,2026-05-01,8,4,0,5.0,High
R00538,C003,2026-06-01,5,5,3,3.7,Medium
R00539,C003,2026-01-01,2,2,0,3.6,Low
R00539,C003,2026-02-01,3,4,0,3.6,Low
R00539,C003,2026-03-01,1,0,1,3.0,Low
R00539,C003,2026-04-01,2,2,1,3.6,Low
R00539,C003,2026-05-01,3,2,2,4.3,Low
R00539,C003,2026-06-01,3,5,2,3.1,Low
R00540,C003,2026-01-01,10,2,0,4.4,High
R00540,C003,2026-02-01,6,2,1,4.4,Medium
R00540,C003,2026-03-01,5,5,0,4.0,Medium
R00540,C003,2026-04-01,7,3,1,4.8,High
R00540,C003,2026-05-01,6,4,1,4.3,Medium
R00540,C003,2026-06-01,7,3,0,4.1,High
R00541,C003,2026-01-01,4,2,0,3.6,Medium
R00541,C003,2026-02-01,3,1,2,3.1,Low
R00541,C003,2026-03-01,2,1,3,3.7,Low
R00541,C003,2026-04-01,3,1,2,4.2,Low
R00541,C003,2026-05-01,1,1,1,3.5,Low
R00541,C003,2026-06-01,2,1,1,3.7,Low
R00542,C003,2026-01-01,6,3,1,3.7,Medium
R00542,C003,2026-02-01,5,4,1,4.2,Medium
R00542,C003,2026-03-01,8,4,2,4.5,High
R00542,C003,2026-04-01,6,4,2,4.2,Medium
R00542,C003,2026-05-01,7,1,2,4.5,High
R00542,C003,2026-06-01,6,4,2,4.5,Medium
R00543,C003,2026-01-01,3,2,1,3.4,Low
R00543,C003,2026-02-01,3,2,1,4.4,Low
R00543,C003,2026-03-01,3,2,0,3.8,Low
R00543,C003,2026-04-01,3,4,0,3.2,Low
R00543,C003,2026-05-01,3,3,0,3.5,Low
R00543,C003,2026-06-01,4,2,2,4.0,Medium
R00544,C003,2026-01-01,4,2,4,2.8,Medium
R00544,C003,2026-02-01,3,5,0,3.4,Low
R00544,C003,2026-03-01,3,2,1,3.8,Low
R00544,C003,2026-04-01,5,3,0,3.6,Medium
R00544,C003,2026-05-01,6,4,3,3.5,Medium
R00544,C003,2026-06-01,5,4,0,4.7,Medium
R00545,C003,2026-01-01,5,3,2,3.6,Medium
R00545,C003,2026-02-01,4,2,1,4.2,Medium
R00545,C003,2026-03-01,5,3,1,2.6,Medium
R00545,C003,2026-04-01,4,4,0,4.1,Medium
R00545,C003,2026-05-01,5,3,0,3.5,Medium
R00545,C003,2026-06-01,4,4,0,5.0,Medium
R00546,C003,2026-01-01,4,5,0,4.0,Medium
R00546,C003,2026-02-01,4,4,2,3.4,Medium
R00546,C003,2026-03-01,5,5,0,4.0,Medium
R00546,C003,2026-04-01,3,3,1,3.9,Low
R00546,C003,2026-05-01,4,4,1,4.1,Medium
R00546,C003,2026-06-01,4,3,3,3.3,Medium
R00547,C003,2026-01-01,5,4,4,4.4,Medium
R00547,C003,2026-02-01,3,4,3,3.6,Low
R00547,C003,2026-03-01,4,2,1,3.3,Medium
R00547,C003,2026-04-01,6,5,5,4.5,Medium
R00547,C003,2026-05-01,5,4,2,3.5,Medium
R00547,C003,2026-06-01,3,2,2,3.3,Low
R00548,C003,2026-01-01,3,4,2,3.9,Low
R00548,C003,2026-02-01,3,2,0,3.7,Low
R00548,C003,2026-03-01,5,3,0,4.8,Medium
R00548,C003,2026-04-01,4,5,0,4.3,Medium
R00548,C003,2026-05-01,4,4,2,4.4,Medium
R00548,C003,2026-06-01,2,1,3,3.5,Low
R00549,C003,2026-01-01,5,5,2,3.4,Medium
R00549,C003,2026-02-01,7,5,3,4.1,High
R00549,C003,2026-03-01,3,2,3,2.8,Low
R00549,C003,2026-04-01,3,2,2,4.6,Low
R00549,C003,2026-05-01,5,3,2,3.1,Medium
R00549,C003,2026-06-01,4,3,2,3.9,Medium
R00550,C003,2026-01-01,2,2,3,3.5,Low
R00550,C003,2026-02-01,3,3,2,2.7,Low
R00550,C003,2026-03-01,0,0,1,2.4,Low
R00550,C003,2026-04-01,2,2,0,3.5,Low
R00550,C003,2026-05-01,4,4,1,3.7,Medium
R00550,C003,2026-06-01,2,3,0,3.2,Low
R00551,C003,2026-01-01,0,0,0,2.8,Low
R00551,C003,2026-02-01,3,2,3,3.1,Low
R00551,C003,2026-03-01,1,0,0,3.6,Low
R00551,C003,2026-04-01,1,2,2,3.2,Low
R00551,C003,2026-05-01,2,2,0,3.7,Low
R00551,C003,2026-06-01,1,0,1,3.8,Low
R00552,C003,2026-01-01,5,4,2,3.6,Medium
R00552,C003,2026-02-01,5,5,5,3.5,Medium
R00552,C003,2026-03-01,5,4,1,4.5,Medium
R00552,C003,2026-04-01,6,5,1,3.0,Medium
R00552,C003,2026-05-01,5,3,3,3.7,Medium
R00552,C003,2026-06-01,5,3,1,3.9,Medium
R00553,C003,2026-01-01,5,3,1,3.2,Medium
R00553,C003,2026-02-01,5,2,0,4.2,Medium
R00553,C003,2026-03-01,6,4,0,4.9,Medium
R00553,C003,2026-04-01,7,1,1,3.9,High
R00553,C003,2026-05-01,4,3,6,4.1,Medium
R00553,C003,2026-06-01,6,3,0,4.3,Medium
R00554,C003,2026-01-01,2,1,2,3.2,Low
R00554,C003,2026-02-01,4,3,0,3.5,Medium
R00554,C003,2026-03-01,5,4,4,4.2,Medium
R00554,C003,2026-04-01,4,3,0,4.4,Medium
R00554,C003,2026-05-01,4,4,0,4.0,Medium
R00554,C003,2026-06-01,6,4,1,4.3,Medium
R00555,C003,2026-01-01,3,2,2,3.6,Low
R00555,C003,2026-02-01,2,2,1,4.4,Low
R00555,C003,2026-03-01,4,4,1,4.3,Medium
R00555,C003,2026-04-01,4,2,1,3.0,Medium
R00555,C003,2026-05-01,4,2,0,4.5,Medium
R00555,C003,2026-06-01,4,3,1,4.1,Medium
R00556,C003,2026-01-01,3,1,1,3.0,Low
R00556,C003,2026-02-01,3,3,1,3.1,Low
R00556,C003,2026-03-01,1,0,0,4.2,Low
R00556,C003,2026-04-01,3,4,0,3.9,Low
R00556,C003,2026-05-01,5,2,3,4.0,Medium
R00556,C003,2026-06-01,2,3,4,3.8,Low
R00557,C003,2026-01-01,2,2,1,2.8,Low
R00557,C003,2026-02-01,5,4,2,3.5,Medium
R00557,C003,2026-03-01,3,4,2,2.6,Low
R00557,C003,2026-04-01,3,2,4,4.1,Low
R00557,C003,2026-05-01,4,4,1,3.2,Medium
R00557,C003,2026-06-01,2,0,2,3.2,Low
R00558,C003,2026-01-01,5,4,1,3.1,Medium
R00558,C003,2026-02-01,6,2,2,4.9,Medium
R00558,C003,2026-03-01,6,3,1,3.5,Medium
R00558,C003,2026-04-01,7,3,0,3.4,High
R00558,C003,2026-05-01,5,3,1,4.1,Medium
R00558,C003,2026-06-01,6,2,1,4.4,Medium
R00559,C003,2026-01-01,5,2,4,3.8,Medium
R00559,C003,2026-02-01,4,5,0,3.7,Medium
R00559,C003,2026-03-01,4,3,0,3.5,Medium
R00559,C003,2026-04-01,5,2,0,4.2,Medium
R00559,C003,2026-05-01,6,4,0,4.5,Medium
R00559,C003,2026-06-01,4,4,2,3.7,Medium
R00560,C003,2026-01-01,4,2,1,3.3,Medium
R00560,C003,2026-02-01,3,4,2,3.2,Low
R00560,C003,2026-03-01,3,2,0,3.6,Low
R00560,C003,2026-04-01,2,2,2,3.2,Low
R00560,C003,2026-05-01,4,3,2,4.7,Medium
R00560,C003,2026-06-01,0,0,1,3.0,Low
R00561,C003,2026-01-01,4,3,1,4.5,Medium
R00561,C003,2026-02-01,3,2,1,3.7,Low
R00561,C003,2026-03-01,3,4,2,3.6,Low
R00561,C003,2026-04-01,6,5,2,4.4,Medium
R00561,C003,2026-05-01,4,4,1,3.2,Medium
R00561,C003,2026-06-01,3,3,1,4.3,Low
R00562,C003,2026-01-01,4,3,1,3.2,Medium
R00562,C003,2026-02-01,3,2,1,3.9,Low
R00562,C003,2026-03-01,3,3,1,3.5,Low
R00562,C003,2026-04-01,2,4,3,3.5,Low
R00562,C003,2026-05-01,2,1,0,3.2,Low
R00562,C003,2026-06-01,2,3,2,2.5,Low
R00563,C003,2026-01-01,3,2,2,3.6,Low
R00563,C003,2026-02-01,0,0,2,3.2,Low
R00563,C003,2026-03-01,2,3,1,3.9,Low
R00563,C003,2026-04-01,3,0,1,4.3,Low
R00563,C003,2026-05-01,2,2,4,3.9,Low
R00563,C003,2026-06-01,3,3,2,3.1,Low
R00564,C003,2026-01-01,4,3,0,4.5,Medium
R00564,C003,2026-02-01,5,5,0,3.9,Medium
R00564,C003,2026-03-01,4,3,1,4.5,Medium
R00564,C003,2026-04-01,4,3,2,3.8,Medium
R00564,C003,2026-05-01,6,3,1,4.2,Medium
R00564,C003,2026-06-01,5,3,0,4.3,Medium
R00565,C003,2026-01-01,3,2,0,3.4,Low
R00565,C003,2026-02-01,4,3,0,4.3,Medium
R00565,C003,2026-03-01,3,3,1,3.3,Low
R00565,C003,2026-04-01,6,5,2,3.9,Medium
R00565,C003,2026-05-01,5,1,3,4.3,Medium
R00565,C003,2026-06-01,4,3,1,3.8,Medium
R00566,C003,2026-01-01,0,0,0,2.9,Low
R00566,C003,2026-02-01,1,0,2,2.8,Low
R00566,C003,2026-03-01,1,0,1,3.6,Low
R00566,C003,2026-04-01,2,0,2,3.5,Low
R00566,C003,2026-05-01,1,1,0,3.7,Low
R00566,C003,2026-06-01,0,1,0,3.1,Low
R00567,C003,2026-01-01,4,3,0,3.4,Medium
R00567,C003,2026-02-01,3,3,2,3.6,Low
R00567,C003,2026-03-01,7,3,0,4.2,High
R00567,C003,2026-04-01,5,3,3,3.7,Medium
R00567,C003,2026-05-01,5,2,1,3.6,Medium
R00567,C003,2026-06-01,5,4,2,3.6,Medium
R00568,C003,2026-01-01,7,4,4,3.4,High
R00568,C003,2026-02-01,7,4,1,3.4,High
R00568,C003,2026-03-01,6,3,0,3.4,Medium
R00568,C003,2026-04-01,8,3,1,4.6,High
R00568,C003,2026-05-01,7,4,1,4.6,High
R00568,C003,2026-06-01,9,4,2,4.7,High
R00569,C003,2026-01-01,2,2,3,2.4,Low
R00569,C003,2026-02-01,1,0,1,3.3,Low
R00569,C003,2026-03-01,4,4,1,4.4,Medium
R00569,C003,2026-04-01,3,4,0,3.0,Low
R00569,C003,2026-05-01,3,2,5,2.1,Low
R00569,C003,2026-06-01,4,3,3,3.2,Medium
R00570,C003,2026-01-01,1,1,1,4.2,Low
R00570,C003,2026-02-01,1,0,0,2.9,Low
R00570,C003,2026-03-01,2,2,5,3.7,Low
R00570,C003,2026-04-01,1,2,1,2.7,Low
R00570,C003,2026-05-01,2,2,0,3.1,Low
R00570,C003,2026-06-01,3,2,1,3.9,Low
R00571,C003,2026-01-01,6,3,0,5.0,Medium
R00571,C003,2026-02-01,6,3,0,4.5,Medium
R00571,C003,2026-03-01,3,2,3,3.4,Low
R00571,C003,2026-04-01,5,4,3,4.8,Medium
R00571,C003,2026-05-01,5,4,0,4.4,Medium
R00571,C003,2026-06-01,6,3,1,4.1,Medium
R00572,C003,2026-01-01,3,1,4,3.3,Low
R00572,C003,2026-02-01,2,0,1,4.5,Low
R00572,C003,2026-03-01,3,2,0,3.3,Low
R00572,C003,2026-04-01,2,2,1,3.6,Low
R00572,C003,2026-05-01,4,2,4,2.9,Medium
R00572,C003,2026-06-01,2,2,1,2.8,Low
R00573,C003,2026-01-01,6,4,1,3.6,Medium
R00573,C003,2026-02-01,5,4,3,3.8,Medium
R00573,C003,2026-03-01,7,2,1,5.0,High
R00573,C003,2026-04-01,4,3,2,3.2,Medium
R00573,C003,2026-05-01,7,4,1,5.0,High
R00573,C003,2026-06-01,6,3,1,3.6,Medium
R00574,C003,2026-01-01,3,3,2,4.3,Low
R00574,C003,2026-02-01,4,3,1,3.3,Medium
R00574,C003,2026-03-01,0,0,3,2.8,Low
R00574,C003,2026-04-01,2,3,2,3.9,Low
R00574,C003,2026-05-01,1,1,1,3.2,Low
R00574,C003,2026-06-01,3,3,0,4.0,Low
R00575,C003,2026-01-01,1,0,3,2.1,Low
R00575,C003,2026-02-01,1,3,2,2.6,Low
R00575,C003,2026-03-01,3,2,1,3.7,Low
R00575,C003,2026-04-01,2,2,0,4.2,Low
R00575,C003,2026-05-01,3,2,3,3.3,Low
R00575,C003,2026-06-01,0,0,0,3.7,Low
R00576,C003,2026-01-01,0,0,1,3.2,Low
R00576,C003,2026-02-01,0,1,2,3.0,Low
R00576,C003,2026-03-01,0,0,1,3.2,Low
R00576,C003,2026-04-01,0,2,3,2.5,Low
R00576,C003,2026-05-01,0,0,1,3.4,Low
R00576,C003,2026-06-01,0,0,1,2.1,Low
R00577,C003,2026-01-01,4,4,3,3.6,Medium
R00577,C003,2026-02-01,5,3,0,3.5,Medium
R00577,C003,2026-03-01,3,2,0,4.4,Low
R00577,C003,2026-04-01,4,3,0,3.9,Medium
R00577,C003,2026-05-01,3,2,1,3.2,Low
R00577,C003,2026-06-01,3,3,2,2.9,Low
R00578,C003,2026-01-01,4,2,0,3.4,Medium
R00578,C003,2026-02-01,4,5,1,2.9,Medium
R00578,C003,2026-03-01,3,3,0,3.1,Low
R00578,C003,2026-04-01,2,0,1,3.5,Low
R00578,C003,2026-05-01,2,2,1,4.3,Low
R00578,C003,2026-06-01,2,0,1,4.0,Low
R00579,C003,2026-01-01,2,1,1,4.4,Low
R00579,C003,2026-02-01,4,2,2,3.2,Medium
R00579,C003,2026-03-01,4,4,1,4.1,Medium
R00579,C003,2026-04-01,4,5,2,4.1,Medium
R00579,C003,2026-05-01,3,2,0,2.8,Low
R00579,C003,2026-06-01,4,4,2,4.0,Medium
R00580,C003,2026-01-01,4,4,1,3.8,Medium
R00580,C003,2026-02-01,4,3,0,3.6,Medium
R00580,C003,2026-03-01,5,5,0,3.7,Medium
R00580,C003,2026-04-01,5,3,0,3.5,Medium
R00580,C003,2026-05-01,4,2,2,4.0,Medium
R00580,C003,2026-06-01,6,5,2,3.6,Medium
R00581,C003,2026-01-01,5,3,2,3.2,Medium
R00581,C003,2026-02-01,6,3,2,3.4,Medium
R00581,C003,2026-03-01,4,3,0,5.0,Medium
R00581,C003,2026-04-01,7,5,2,4.5,High
R00581,C003,2026-05-01,3,2,0,4.9,Low
R00581,C003,2026-06-01,6,4,1,3.7,Medium
R00582,C003,2026-01-01,3,2,1,3.6,Low
R00582,C003,2026-02-01,3,3,1,2.7,Low
R00582,C003,2026-03-01,4,3,2,4.5,Medium
R00582,C003,2026-04-01,4,4,3,3.8,Medium
R00582,C003,2026-05-01,5,5,1,3.7,Medium
R00582,C003,2026-06-01,6,2,1,4.5,Medium
R00583,C003,2026-01-01,1,1,2,2.5,Low
R00583,C003,2026-02-01,3,2,3,4.0,Low
R00583,C003,2026-03-01,4,3,1,3.1,Medium
R00583,C003,2026-04-01,2,0,1,4.1,Low
R00583,C003,2026-05-01,1,0,1,3.2,Low
R00583,C003,2026-06-01,3,1,2,3.2,Low
R00584,C003,2026-01-01,2,1,0,4.3,Low
R00584,C003,2026-02-01,3,3,1,3.5,Low
R00584,C003,2026-03-01,4,3,0,3.7,Medium
R00584,C003,2026-04-01,2,2,1,3.3,Low
R00584,C003,2026-05-01,4,4,0,3.8,Medium
R00584,C003,2026-06-01,2,2,0,3.3,Low
R00585,C003,2026-01-01,0,0,1,1.5,Low
R00585,C003,2026-02-01,3,2,1,3.4,Low
R00585,C003,2026-03-01,3,3,0,3.5,Low
R00585,C003,2026-04-01,3,3,2,4.0,Low
R00585,C003,2026-05-01,2,2,2,3.0,Low
R00585,C003,2026-06-01,2,1,0,3.7,Low
R00586,C003,2026-01-01,3,2,1,3.8,Low
R00586,C003,2026-02-01,3,4,0,3.2,Low
R00586,C003,2026-03-01,2,1,2,3.8,Low
R00586,C003,2026-04-01,4,3,2,3.3,Medium
R00586,C003,2026-05-01,2,3,3,4.0,Low
R00586,C003,2026-06-01,4,3,1,2.9,Medium
R00587,C003,2026-01-01,4,2,2,3.2,Medium
R00587,C003,2026-02-01,5,4,3,3.6,Medium
R00587,C003,2026-03-01,3,3,0,4.8,Low
R00587,C003,2026-04-01,5,4,2,4.6,Medium
R00587,C003,2026-05-01,3,2,1,3.7,Low
R00587,C003,2026-06-01,3,2,2,3.3,Low
R00588,C003,2026-01-01,2,2,4,1.8,Low
R00588,C003,2026-02-01,3,5,4,3.1,Low
R00588,C003,2026-03-01,4,2,1,3.9,Medium
R00588,C003,2026-04-01,2,2,2,3.9,Low
R00588,C003,2026-05-01,4,3,1,3.7,Medium
R00588,C003,2026-06-01,4,3,1,4.0,Medium
R00589,C003,2026-01-01,7,3,3,4.1,High
R00589,C003,2026-02-01,8,4,1,4.0,High
R00589,C003,2026-03-01,5,3,0,4.3,Medium
R00589,C003,2026-04-01,6,3,2,4.7,Medium
R00589,C003,2026-05-01,4,3,0,4.2,Medium
R00589,C003,2026-06-01,4,5,1,3.9,Medium
R00590,C003,2026-01-01,5,4,1,3.9,Medium
R00590,C003,2026-02-01,7,4,0,4.6,High
R00590,C003,2026-03-01,7,3,0,3.8,High
R00590,C003,2026-04-01,6,5,1,3.9,Medium
R00590,C003,2026-05-01,6,2,0,5.0,Medium
R00590,C003,2026-06-01,8,3,1,4.2,High
R00591,C003,2026-01-01,4,5,1,3.2,Medium
R00591,C003,2026-02-01,6,5,3,4.3,Medium
R00591,C003,2026-03-01,2,2,0,4.5,Low
R00591,C003,2026-04-01,4,5,1,3.3,Medium
R00591,C003,2026-05-01,3,1,1,4.0,Low
R00591,C003,2026-06-01,6,2,2,4.0,Medium
R00592,C003,2026-01-01,2,1,3,3.1,Low
R00592,C003,2026-02-01,1,2,1,4.0,Low
R00592,C003,2026-03-01,2,3,2,3.7,Low
R00592,C003,2026-04-01,2,0,0,3.7,Low
R00592,C003,2026-05-01,2,2,0,3.9,Low
R00592,C003,2026-06-01,1,2,2,3.2,Low
R00593,C003,2026-01-01,3,3,1,3.8,Low
R00593,C003,2026-02-01,2,2,0,4.5,Low
R00593,C003,2026-03-01,2,1,1,3.9,Low
R00593,C003,2026-04-01,2,2,5,3.2,Low
R00593,C003,2026-05-01,1,0,0,3.3,Low
R00593,C003,2026-06-01,1,1,4,3.3,Low
R00594,C003,2026-01-01,6,4,0,4.8,Medium
R00594,C003,2026-02-01,6,2,0,4.6,Medium
R00594,C003,2026-03-01,6,4,0,3.7,Medium
R00594,C003,2026-04-01,8,4,0,4.0,High
R00594,C003,2026-05-01,5,3,1,3.2,Medium
R00594,C003,2026-06-01,5,3,2,3.7,Medium
R00595,C003,2026-01-01,2,0,1,2.7,Low
R00595,C003,2026-02-01,4,4,1,4.6,Medium
R00595,C003,2026-03-01,4,3,1,4.6,Medium
R00595,C003,2026-04-01,4,4,1,3.6,Medium
R00595,C003,2026-05-01,2,2,2,3.8,Low
R00595,C003,2026-06-01,2,1,2,2.9,Low
R00596,C003,2026-01-01,5,3,0,4.1,Medium
R00596,C003,2026-02-01,5,2,4,4.1,Medium
R00596,C003,2026-03-01,5,5,1,3.4,Medium
R00596,C003,2026-04-01,4,2,4,3.5,Medium
R00596,C003,2026-05-01,6,3,3,4.0,Medium
R00596,C003,2026-06-01,5,3,1,4.6,Medium
R00597,C003,2026-01-01,2,3,1,2.8,Low
R00597,C003,2026-02-01,4,3,2,4.4,Medium
R00597,C003,2026-03-01,1,1,1,3.1,Low
R00597,C003,2026-04-01,1,0,2,3.9,Low
R00597,C003,2026-05-01,3,3,0,3.7,Low
R00597,C003,2026-06-01,2,0,2,2.2,Low
R00598,C003,2026-01-01,1,1,2,2.6,Low
R00598,C003,2026-02-01,3,3,2,3.2,Low
R00598,C003,2026-03-01,2,2,0,3.6,Low
R00598,C003,2026-04-01,3,2,0,4.7,Low
R00598,C003,2026-05-01,1,3,3,3.6,Low
R00598,C003,2026-06-01,0,0,1,3.1,Low
R00599,C003,2026-01-01,4,2,0,3.6,Medium
R00599,C003,2026-02-01,6,3,0,3.9,Medium
R00599,C003,2026-03-01,5,3,1,4.0,Medium
R00599,C003,2026-04-01,3,2,2,2.8,Low
R00599,C003,2026-05-01,4,3,1,4.1,Medium
R00599,C003,2026-06-01,5,4,0,3.7,Medium
R00600,C003,2026-01-01,3,5,0,3.7,Low
R00600,C003,2026-02-01,2,2,2,3.4,Low
R00600,C003,2026-03-01,2,0,1,3.7,Low
R00600,C003,2026-04-01,0,0,1,3.5,Low
R00600,C003,2026-05-01,3,3,1,3.2,Low
R00600,C003,2026-06-01,1,0,3,2.0,Low
R00601,C003,2026-01-01,3,2,2,3.8,Low
R00601,C003,2026-02-01,3,2,3,4.4,Low
R00601,C003,2026-03-01,1,0,1,3.2,Low
R00601,C003,2026-04-01,2,3,1,3.2,Low
R00601,C003,2026-05-01,1,0,1,3.8,Low
R00601,C003,2026-06-01,3,2,1,3.7,Low
R00602,C003,2026-01-01,4,3,0,4.4,Medium
R00602,C003,2026-02-01,6,3,3,4.0,Medium
R00602,C003,2026-03-01,4,2,0,4.4,Medium
R00602,C003,2026-04-01,6,3,0,4.1,Medium
R00602,C003,2026-05-01,4,4,1,4.7,Medium
R00602,C003,2026-06-01,4,3,1,4.0,Medium
R00603,C003,2026-01-01,0,0,0,3.8,Low
R00603,C003,2026-02-01,2,3,2,3.1,Low
R00603,C003,2026-03-01,0,0,0,2.2,Low
R00603,C003,2026-04-01,0,0,0,3.9,Low
R00603,C003,2026-05-01,1,0,2,3.7,Low
R00603,C003,2026-06-01,1,1,5,3.5,Low
R00604,C003,2026-01-01,1,2,2,2.3,Low
R00604,C003,2026-02-01,3,0,1,3.3,Low
R00604,C003,2026-03-01,1,1,1,2.9,Low
R00604,C003,2026-04-01,2,2,0,3.7,Low
R00604,C003,2026-05-01,4,4,2,4.4,Medium
R00604,C003,2026-06-01,3,3,0,3.8,Low
R00605,C003,2026-01-01,3,2,0,5.0,Low
R00605,C003,2026-02-01,3,1,1,3.2,Low
R00605,C003,2026-03-01,5,3,0,5.0,Medium
R00605,C003,2026-04-01,3,2,0,4.2,Low
R00605,C003,2026-05-01,3,3,0,3.6,Low
R00605,C003,2026-06-01,2,2,0,3.5,Low
R00606,C003,2026-01-01,0,0,0,3.8,Low
R00606,C003,2026-02-01,0,0,0,3.0,Low
R00606,C003,2026-03-01,1,1,2,2.6,Low
R00606,C003,2026-04-01,1,2,1,2.2,Low
R00606,C003,2026-05-01,0,0,0,3.3,Low
R00606,C003,2026-06-01,1,0,1,3.2,Low
R00607,C003,2026-01-01,0,1,3,2.9,Low
R00607,C003,2026-02-01,1,1,1,3.1,Low
R00607,C003,2026-03-01,0,0,2,2.2,Low
R00607,C003,2026-04-01,0,0,1,3.5,Low
R00607,C003,2026-05-01,1,0,3,3.0,Low
R00607,C003,2026-06-01,0,1,3,2.3,Low
R00608,C003,2026-01-01,4,2,1,3.9,Medium
R00608,C003,2026-02-01,7,5,0,4.3,High
R00608,C003,2026-03-01,5,5,1,3.6,Medium
R00608,C003,2026-04-01,6,2,1,4.3,Medium
R00608,C003,2026-05-01,4,3,4,3.6,Medium
R00608,C003,2026-06-01,4,4,0,4.2,Medium
R00609,C003,2026-01-01,4,4,0,4.0,Medium
R00609,C003,2026-02-01,1,1,2,3.7,Low
R00609,C003,2026-03-01,2,0,1,2.7,Low
R00609,C003,2026-04-01,0,0,4,1.8,Low
R00609,C003,2026-05-01,1,0,4,2.1,Low
R00609,C003,2026-06-01,0,0,1,4.3,Low
R00610,C003,2026-01-01,3,3,0,4.6,Low
R00610,C003,2026-02-01,3,3,0,2.8,Low
R00610,C003,2026-03-01,4,3,2,4.0,Medium
R00610,C003,2026-04-01,3,1,5,2.5,Low
R00610,C003,2026-05-01,4,4,2,4.2,Medium
R00610,C003,2026-06-01,4,2,1,3.5,Medium
R00611,C003,2026-01-01,7,4,0,4.9,High
R00611,C003,2026-02-01,7,1,1,4.2,High
R00611,C003,2026-03-01,7,2,1,4.4,High
R00611,C003,2026-04-01,8,2,0,4.3,High
R00611,C003,2026-05-01,7,3,2,4.2,High
R00611,C003,2026-06-01,5,3,1,4.3,Medium
R00612,C003,2026-01-01,2,1,1,3.5,Low
R00612,C003,2026-02-01,2,3,4,3.2,Low
R00612,C003,2026-03-01,3,3,1,3.1,Low
R00612,C003,2026-04-01,2,2,1,3.8,Low
R00612,C003,2026-05-01,1,0,0,4.3,Low
R00612,C003,2026-06-01,1,0,2,3.9,Low
R00613,C003,2026-01-01,6,4,1,4.5,Medium
R00613,C003,2026-02-01,4,3,1,3.8,Medium
R00613,C003,2026-03-01,5,5,1,4.1,Medium
R00613,C003,2026-04-01,4,3,1,3.7,Medium
R00613,C003,2026-05-01,4,5,0,4.3,Medium
R00613,C003,2026-06-01,4,5,1,4.2,Medium
R00614,C003,2026-01-01,8,4,0,5.0,High
R00614,C003,2026-02-01,8,5,1,4.5,High
R00614,C003,2026-03-01,10,3,1,4.4,High
R00614,C003,2026-04-01,8,3,1,3.8,High
R00614,C003,2026-05-01,9,3,2,4.7,High
R00614,C003,2026-06-01,8,5,0,5.0,High
R00615,C003,2026-01-01,2,2,0,2.7,Low
R00615,C003,2026-02-01,4,1,2,3.3,Medium
R00615,C003,2026-03-01,5,3,0,5.0,Medium
R00615,C003,2026-04-01,4,3,0,2.8,Medium
R00615,C003,2026-05-01,5,4,0,3.8,Medium
R00615,C003,2026-06-01,3,3,1,3.3,Low
R00616,C003,2026-01-01,3,4,2,3.2,Low
R00616,C003,2026-02-01,3,3,2,3.7,Low
R00616,C003,2026-03-01,3,2,2,3.3,Low
R00616,C003,2026-04-01,2,2,0,3.0,Low
R00616,C003,2026-05-01,2,0,1,3.4,Low
R00616,C003,2026-06-01,3,2,1,3.6,Low
R00617,C003,2026-01-01,8,4,0,4.1,High
R00617,C003,2026-02-01,9,3,4,3.9,High
R00617,C003,2026-03-01,7,4,0,5.0,High
R00617,C003,2026-04-01,8,5,3,4.1,High
R00617,C003,2026-05-01,9,4,2,4.3,High
R00617,C003,2026-06-01,9,4,0,5.0,High
R00618,C003,2026-01-01,2,0,1,4.5,Low
R00618,C003,2026-02-01,1,0,1,3.5,Low
R00618,C003,2026-03-01,1,1,1,3.6,Low
R00618,C003,2026-04-01,1,1,1,3.8,Low
R00618,C003,2026-05-01,3,4,1,3.6,Low
R00618,C003,2026-06-01,2,1,2,3.4,Low
R00619,C003,2026-01-01,10,2,1,3.4,High
R00619,C003,2026-02-01,7,3,0,5.0,High
R00619,C003,2026-03-01,8,2,1,3.9,High
R00619,C003,2026-04-01,7,4,0,4.4,High
R00619,C003,2026-05-01,9,4,0,4.3,High
R00619,C003,2026-06-01,10,2,0,5.0,High
R00620,C003,2026-01-01,3,1,2,4.4,Low
R00620,C003,2026-02-01,5,3,2,4.1,Medium
R00620,C003,2026-03-01,6,3,0,4.0,Medium
R00620,C003,2026-04-01,5,2,2,4.3,Medium
R00620,C003,2026-05-01,6,3,1,4.1,Medium
R00620,C003,2026-06-01,5,4,1,3.6,Medium
R00621,C003,2026-01-01,5,3,2,2.9,Medium
R00621,C003,2026-02-01,8,4,0,5.0,High
R00621,C003,2026-03-01,6,2,1,4.3,Medium
R00621,C003,2026-04-01,6,4,0,3.8,Medium
R00621,C003,2026-05-01,5,5,0,5.0,Medium
R00621,C003,2026-06-01,7,5,1,5.0,High
R00622,C003,2026-01-01,5,3,2,3.8,Medium
R00622,C003,2026-02-01,6,5,2,3.6,Medium
R00622,C003,2026-03-01,3,1,1,3.4,Low
R00622,C003,2026-04-01,3,4,2,3.1,Low
R00622,C003,2026-05-01,4,3,0,4.1,Medium
R00622,C003,2026-06-01,4,4,0,4.1,Medium
R00623,C003,2026-01-01,2,2,3,3.4,Low
R00623,C003,2026-02-01,1,0,0,3.3,Low
R00623,C003,2026-03-01,3,4,0,4.2,Low
R00623,C003,2026-04-01,2,2,2,3.8,Low
R00623,C003,2026-05-01,1,0,0,3.2,Low
R00623,C003,2026-06-01,0,1,2,2.8,Low
R00624,C003,2026-01-01,1,2,2,1.6,Low
R00624,C003,2026-02-01,2,3,3,2.0,Low
R00624,C003,2026-03-01,1,0,2,3.1,Low
R00624,C003,2026-04-01,3,4,0,3.6,Low
R00624,C003,2026-05-01,2,2,3,3.0,Low
R00624,C003,2026-06-01,1,0,1,3.6,Low
R00625,C003,2026-01-01,1,2,2,3.2,Low
R00625,C003,2026-02-01,1,0,0,3.6,Low
R00625,C003,2026-03-01,1,0,1,2.6,Low
R00625,C003,2026-04-01,2,1,3,3.0,Low
R00625,C003,2026-05-01,1,0,2,3.6,Low
R00625,C003,2026-06-01,2,0,2,3.7,Low
R00626,C003,2026-01-01,2,1,2,2.4,Low
R00626,C003,2026-02-01,2,1,2,3.0,Low
R00626,C003,2026-03-01,2,1,0,3.5,Low
R00626,C003,2026-04-01,4,2,1,4.4,Medium
R00626,C003,2026-05-01,4,2,0,4.5,Medium
R00626,C003,2026-06-01,3,2,2,3.2,Low
R00627,C003,2026-01-01,6,4,1,4.4,Medium
R00627,C003,2026-02-01,7,3,1,3.2,High
R00627,C003,2026-03-01,4,2,0,3.8,Medium
R00627,C003,2026-04-01,6,4,0,4.5,Medium
R00627,C003,2026-05-01,5,5,1,3.4,Medium
R00627,C003,2026-06-01,6,3,1,3.6,Medium
R00628,C003,2026-01-01,4,5,0,4.2,Medium
R00628,C003,2026-02-01,5,5,2,3.7,Medium
R00628,C003,2026-03-01,5,4,2,4.3,Medium
R00628,C003,2026-04-01,4,5,0,3.5,Medium
R00628,C003,2026-05-01,5,5,0,5.0,Medium
R00628,C003,2026-06-01,4,2,1,3.9,Medium
R00629,C003,2026-01-01,3,2,2,4.0,Low
R00629,C003,2026-02-01,3,3,0,3.8,Low
R00629,C003,2026-03-01,5,4,1,3.9,Medium
R00629,C003,2026-04-01,2,3,1,3.6,Low
R00629,C003,2026-05-01,1,1,3,2.7,Low
R00629,C003,2026-06-01,3,3,2,3.3,Low
R00630,C003,2026-01-01,8,4,2,4.4,High
R00630,C003,2026-02-01,5,2,1,4.6,Medium
R00630,C003,2026-03-01,6,3,0,5.0,Medium
R00630,C003,2026-04-01,6,4,0,4.1,Medium
R00630,C003,2026-05-01,5,3,1,4.1,Medium
R00630,C003,2026-06-01,5,3,0,4.9,Medium
R00631,C003,2026-01-01,3,5,2,3.4,Low
R00631,C003,2026-02-01,3,3,0,3.3,Low
R00631,C003,2026-03-01,1,0,2,2.7,Low
R00631,C003,2026-04-01,2,3,1,3.8,Low
R00631,C003,2026-05-01,3,5,0,3.0,Low
R00631,C003,2026-06-01,0,0,2,3.2,Low
R00632,C003,2026-01-01,2,1,1,3.7,Low
R00632,C003,2026-02-01,4,2,0,3.4,Medium
R00632,C003,2026-03-01,3,4,3,3.9,Low
R00632,C003,2026-04-01,2,2,3,3.3,Low
R00632,C003,2026-05-01,2,1,3,2.7,Low
R00632,C003,2026-06-01,2,2,3,3.2,Low
R00633,C003,2026-01-01,2,1,1,4.5,Low
R00633,C003,2026-02-01,3,3,2,2.7,Low
R00633,C003,2026-03-01,4,5,0,3.7,Medium
R00633,C003,2026-04-01,2,0,3,2.8,Low
R00633,C003,2026-05-01,2,1,1,3.3,Low
R00633,C003,2026-06-01,2,0,0,3.1,Low
R00634,C003,2026-01-01,5,2,0,5.0,Medium
R00634,C003,2026-02-01,3,2,0,3.3,Low
R00634,C003,2026-03-01,4,3,2,4.4,Medium
R00634,C003,2026-04-01,6,4,3,3.2,Medium
R00634,C003,2026-05-01,5,3,1,3.9,Medium
R00634,C003,2026-06-01,5,4,0,4.4,Medium
R00635,C003,2026-01-01,4,3,2,3.8,Medium
R00635,C003,2026-02-01,5,3,0,4.4,Medium
R00635,C003,2026-03-01,3,2,1,3.0,Low
R00635,C003,2026-04-01,3,4,3,3.9,Low
R00635,C003,2026-05-01,2,0,0,4.1,Low
R00635,C003,2026-06-01,1,1,1,2.2,Low
R00636,C003,2026-01-01,1,0,1,3.9,Low
R00636,C003,2026-02-01,0,0,2,2.8,Low
R00636,C003,2026-03-01,0,0,1,3.4,Low
R00636,C003,2026-04-01,1,0,0,3.2,Low
R00636,C003,2026-05-01,0,0,2,2.7,Low
R00636,C003,2026-06-01,0,0,1,2.8,Low
R00637,C003,2026-01-01,6,3,0,3.2,Medium
R00637,C003,2026-02-01,5,4,2,3.4,Medium
R00637,C003,2026-03-01,6,2,2,3.6,Medium
R00637,C003,2026-04-01,6,2,2,4.3,Medium
R00637,C003,2026-05-01,6,4,1,4.4,Medium
R00637,C003,2026-06-01,7,4,0,4.6,High
R00638,C003,2026-01-01,6,4,0,4.8,Medium
R00638,C003,2026-02-01,5,2,0,3.8,Medium
R00638,C003,2026-03-01,4,5,1,4.9,Medium
R00638,C003,2026-04-01,4,3,2,4.5,Medium
R00638,C003,2026-05-01,6,5,0,4.4,Medium
R00638,C003,2026-06-01,6,4,0,3.5,Medium
R00639,C003,2026-01-01,4,3,3,3.7,Medium
R00639,C003,2026-02-01,4,4,2,2.9,Medium
R00639,C003,2026-03-01,6,2,1,4.3,Medium
R00639,C003,2026-04-01,3,3,0,3.5,Low
R00639,C003,2026-05-01,4,3,0,2.6,Medium
R00639,C003,2026-06-01,4,3,2,4.0,Medium
R00640,C003,2026-01-01,5,4,0,4.7,Medium
R00640,C003,2026-02-01,6,5,1,4.9,Medium
R00640,C003,2026-03-01,4,5,2,3.4,Medium
R00640,C003,2026-04-01,4,3,2,3.9,Medium
R00640,C003,2026-05-01,3,3,2,2.5,Low
R00640,C003,2026-06-01,4,4,1,3.6,Medium
R00641,C003,2026-01-01,1,0,0,4.1,Low
R00641,C003,2026-02-01,3,2,2,3.9,Low
R00641,C003,2026-03-01,2,1,0,4.3,Low
R00641,C003,2026-04-01,5,5,1,3.3,Medium
R00641,C003,2026-05-01,1,0,1,3.0,Low
R00641,C003,2026-06-01,4,4,1,3.5,Medium
R00642,C003,2026-01-01,1,0,0,4.2,Low
R00642,C003,2026-02-01,2,2,1,4.3,Low
R00642,C003,2026-03-01,2,0,0,4.4,Low
R00642,C003,2026-04-01,2,0,1,3.8,Low
R00642,C003,2026-05-01,3,5,1,2.1,Low
R00642,C003,2026-06-01,2,2,2,3.4,Low
R00643,C003,2026-01-01,1,0,0,3.2,Low
R00643,C003,2026-02-01,3,2,0,4.2,Low
R00643,C003,2026-03-01,2,0,2,1.9,Low
R00643,C003,2026-04-01,1,0,0,3.1,Low
R00643,C003,2026-05-01,2,2,2,3.7,Low
R00643,C003,2026-06-01,2,1,4,2.8,Low
R00644,C003,2026-01-01,3,4,0,3.2,Low
R00644,C003,2026-02-01,2,1,0,4.9,Low
R00644,C003,2026-03-01,2,2,0,3.3,Low
R00644,C003,2026-04-01,2,2,1,3.3,Low
R00644,C003,2026-05-01,3,3,0,4.1,Low
R00644,C003,2026-06-01,3,4,2,3.5,Low
R00645,C003,2026-01-01,5,3,1,4.1,Medium
R00645,C003,2026-02-01,3,3,1,4.1,Low
R00645,C003,2026-03-01,5,3,1,3.2,Medium
R00645,C003,2026-04-01,4,5,0,3.2,Medium
R00645,C003,2026-05-01,2,2,1,3.9,Low
R00645,C003,2026-06-01,5,5,0,5.0,Medium
R00646,C003,2026-01-01,3,2,2,3.0,Low
R00646,C003,2026-02-01,3,3,0,3.6,Low
R00646,C003,2026-03-01,5,3,2,2.3,Medium
R00646,C003,2026-04-01,5,3,2,4.0,Medium
R00646,C003,2026-05-01,4,3,2,3.5,Medium
R00646,C003,2026-06-01,2,2,2,3.5,Low
R00647,C003,2026-01-01,3,3,0,3.6,Low
R00647,C003,2026-02-01,3,2,1,4.5,Low
R00647,C003,2026-03-01,2,1,1,4.0,Low
R00647,C003,2026-04-01,3,2,2,3.6,Low
R00647,C003,2026-05-01,2,0,2,3.3,Low
R00647,C003,2026-06-01,3,1,0,3.9,Low
R00648,C003,2026-01-01,4,5,0,4.9,Medium
R00648,C003,2026-02-01,2,3,0,3.7,Low
R00648,C003,2026-03-01,0,0,2,3.2,Low
R00648,C003,2026-04-01,1,1,2,3.3,Low
R00648,C003,2026-05-01,2,0,1,3.3,Low
R00648,C003,2026-06-01,1,1,0,3.6,Low
R00649,C003,2026-01-01,7,4,1,5.0,High
R00649,C003,2026-02-01,7,3,2,2.9,High
R00649,C003,2026-03-01,6,3,0,4.0,Medium
R00649,C003,2026-04-01,7,4,0,4.0,High
R00649,C003,2026-05-01,7,5,2,5.0,High
R00649,C003,2026-06-01,5,3,1,4.0,Medium
R00650,C003,2026-01-01,0,0,0,3.4,Low
R00650,C003,2026-02-01,0,0,1,2.7,Low
R00650,C003,2026-03-01,2,3,2,3.7,Low
R00650,C003,2026-04-01,0,0,1,2.5,Low
R00650,C003,2026-05-01,0,0,2,3.4,Low
R00650,C003,2026-06-01,2,2,1,3.7,Low
R00651,C003,2026-01-01,9,3,2,4.5,High
R00651,C003,2026-02-01,7,1,0,4.8,High
R00651,C003,2026-03-01,6,5,3,3.1,Medium
R00651,C003,2026-04-01,10,3,0,4.9,High
R00651,C003,2026-05-01,8,2,1,4.8,High
R00651,C003,2026-06-01,8,3,2,4.7,High
R00652,C003,2026-01-01,3,3,1,3.4,Low
R00652,C003,2026-02-01,4,4,0,4.6,Medium
R00652,C003,2026-03-01,3,3,0,3.2,Low
R00652,C003,2026-04-01,4,4,4,3.8,Medium
R00652,C003,2026-05-01,4,3,2,3.4,Medium
R00652,C003,2026-06-01,5,4,0,3.6,Medium
R00653,C003,2026-01-01,5,2,2,4.7,Medium
R00653,C003,2026-02-01,3,2,0,4.1,Low
R00653,C003,2026-03-01,3,2,1,4.6,Low
R00653,C003,2026-04-01,3,2,2,2.9,Low
R00653,C003,2026-05-01,5,4,1,4.3,Medium
R00653,C003,2026-06-01,4,4,2,3.3,Medium
R00654,C003,2026-01-01,4,5,2,4.1,Medium
R00654,C003,2026-02-01,1,0,2,3.6,Low
R00654,C003,2026-03-01,3,2,1,3.0,Low
R00654,C003,2026-04-01,2,1,0,3.8,Low
R00654,C003,2026-05-01,1,0,1,3.8,Low
R00654,C003,2026-06-01,2,2,2,3.9,Low
R00655,C003,2026-01-01,4,2,1,3.2,Medium
R00655,C003,2026-02-01,4,4,1,3.3,Medium
R00655,C003,2026-03-01,4,4,0,4.5,Medium
R00655,C003,2026-04-01,5,3,1,4.7,Medium
R00655,C003,2026-05-01,4,3,1,4.0,Medium
R00655,C003,2026-06-01,3,3,0,4.7,Low
R00656,C003,2026-01-01,5,4,0,3.2,Medium
R00656,C003,2026-02-01,4,3,1,4.0,Medium
R00656,C003,2026-03-01,5,2,3,3.7,Medium
R00656,C003,2026-04-01,5,3,1,4.0,Medium
R00656,C003,2026-05-01,5,4,0,4.5,Medium
R00656,C003,2026-06-01,5,3,2,3.9,Medium
R00657,C003,2026-01-01,3,3,1,3.8,Low
R00657,C003,2026-02-01,4,4,0,4.2,Medium
R00657,C003,2026-03-01,3,1,2,4.4,Low
R00657,C003,2026-04-01,3,2,0,3.1,Low
R00657,C003,2026-05-01,5,4,0,5.0,Medium
R00657,C003,2026-06-01,2,1,1,2.9,Low
R00658,C003,2026-01-01,5,4,2,4.6,Medium
R00658,C003,2026-02-01,2,2,0,4.0,Low
R00658,C003,2026-03-01,2,1,1,3.3,Low
R00658,C003,2026-04-01,1,0,2,2.7,Low
R00658,C003,2026-05-01,1,1,1,4.3,Low
R00658,C003,2026-06-01,2,3,1,3.6,Low
R00659,C003,2026-01-01,6,2,2,3.7,Medium
R00659,C003,2026-02-01,4,4,0,3.5,Medium
R00659,C003,2026-03-01,4,4,2,2.2,Medium
R00659,C003,2026-04-01,4,4,1,3.5,Medium
R00659,C003,2026-05-01,3,2,3,4.1,Low
R00659,C003,2026-06-01,4,4,4,3.6,Medium
R00660,C003,2026-01-01,5,4,1,4.4,Medium
R00660,C003,2026-02-01,6,5,2,4.4,Medium
R00660,C003,2026-03-01,7,5,1,3.8,High
R00660,C003,2026-04-01,6,1,3,2.9,Medium
R00660,C003,2026-05-01,6,4,1,4.3,Medium
R00660,C003,2026-06-01,4,5,3,3.4,Medium
R00661,C003,2026-01-01,1,2,1,2.5,Low
R00661,C003,2026-02-01,4,4,2,3.9,Medium
R00661,C003,2026-03-01,4,3,0,3.9,Medium
R00661,C003,2026-04-01,4,3,2,4.1,Medium
R00661,C003,2026-05-01,2,3,1,4.4,Low
R00661,C003,2026-06-01,3,2,2,3.5,Low
R00662,C003,2026-01-01,4,3,1,4.1,Medium
R00662,C003,2026-02-01,5,4,1,2.9,Medium
R00662,C003,2026-03-01,7,3,0,4.2,High
R00662,C003,2026-04-01,4,3,0,3.5,Medium
R00662,C003,2026-05-01,4,3,2,2.8,Medium
R00662,C003,2026-06-01,4,4,1,3.3,Medium
R00663,C003,2026-01-01,1,1,0,2.4,Low
R00663,C003,2026-02-01,3,2,2,3.4,Low
R00663,C003,2026-03-01,2,0,1,3.4,Low
R00663,C003,2026-04-01,1,1,0,3.3,Low
R00663,C003,2026-05-01,1,2,2,3.7,Low
R00663,C003,2026-06-01,2,2,3,2.8,Low
R00664,C003,2026-01-01,5,4,6,3.6,Medium
R00664,C003,2026-02-01,5,5,1,3.6,Medium
R00664,C003,2026-03-01,4,4,1,4.6,Medium
R00664,C003,2026-04-01,5,4,2,3.5,Medium
R00664,C003,2026-05-01,5,3,0,4.9,Medium
R00664,C003,2026-06-01,4,2,2,3.9,Medium
R00665,C003,2026-01-01,1,1,2,3.5,Low
R00665,C003,2026-02-01,2,2,1,3.2,Low
R00665,C003,2026-03-01,3,3,2,2.9,Low
R00665,C003,2026-04-01,3,2,0,3.7,Low
R00665,C003,2026-05-01,2,1,2,3.4,Low
R00665,C003,2026-06-01,5,4,0,4.1,Medium
R00666,C003,2026-01-01,4,2,0,3.8,Medium
R00666,C003,2026-02-01,5,4,1,3.9,Medium
R00666,C003,2026-03-01,4,2,2,3.7,Medium
R00666,C003,2026-04-01,4,3,2,3.8,Medium
R00666,C003,2026-05-01,2,2,1,2.4,Low
R00666,C003,2026-06-01,5,5,0,4.8,Medium
R00667,C003,2026-01-01,3,3,1,4.2,Low
R00667,C003,2026-02-01,3,3,4,4.0,Low
R00667,C003,2026-03-01,2,3,1,3.3,Low
R00667,C003,2026-04-01,3,3,0,4.3,Low
R00667,C003,2026-05-01,4,5,1,3.6,Medium
R00667,C003,2026-06-01,4,3,2,3.4,Medium
R00668,C003,2026-01-01,3,1,0,3.4,Low
R00668,C003,2026-02-01,4,4,1,3.4,Medium
R00668,C003,2026-03-01,2,1,2,4.1,Low
R00668,C003,2026-04-01,3,5,2,3.9,Low
R00668,C003,2026-05-01,2,1,2,3.2,Low
R00668,C003,2026-06-01,3,2,1,3.6,Low
R00669,C003,2026-01-01,4,3,1,2.9,Medium
R00669,C003,2026-02-01,4,3,1,4.0,Medium
R00669,C003,2026-03-01,6,4,1,3.6,Medium
R00669,C003,2026-04-01,5,4,2,4.0,Medium
R00669,C003,2026-05-01,5,4,1,4.5,Medium
R00669,C003,2026-06-01,6,5,0,3.1,Medium
R00670,C003,2026-01-01,5,3,0,3.8,Medium
R00670,C003,2026-02-01,5,4,2,4.9,Medium
R00670,C003,2026-03-01,5,2,2,5.0,Medium
R00670,C003,2026-04-01,5,4,1,3.9,Medium
R00670,C003,2026-05-01,4,2,1,3.6,Medium
R00670,C003,2026-06-01,5,4,0,4.3,Medium
R00671,C003,2026-01-01,8,2,2,3.7,High
R00671,C003,2026-02-01,7,4,0,4.6,High
R00671,C003,2026-03-01,9,4,0,5.0,High
R00671,C003,2026-04-01,8,3,1,5.0,High
R00671,C003,2026-05-01,7,3,1,4.9,High
R00671,C003,2026-06-01,6,3,0,4.4,Medium
R00672,C003,2026-01-01,3,2,0,3.7,Low
R00672,C003,2026-02-01,4,5,0,4.0,Medium
R00672,C003,2026-03-01,4,3,2,3.3,Medium
R00672,C003,2026-04-01,5,3,1,3.7,Medium
R00672,C003,2026-05-01,5,3,1,5.0,Medium
R00672,C003,2026-06-01,3,1,2,3.3,Low
R00673,C003,2026-01-01,2,2,0,3.2,Low
R00673,C003,2026-02-01,2,2,3,3.6,Low
R00673,C003,2026-03-01,2,0,1,3.2,Low
R00673,C003,2026-04-01,2,2,1,3.5,Low
R00673,C003,2026-05-01,1,2,0,4.0,Low
R00673,C003,2026-06-01,2,2,1,4.1,Low
R00674,C003,2026-01-01,2,3,2,3.3,Low
R00674,C003,2026-02-01,4,4,1,3.3,Medium
R00674,C003,2026-03-01,4,5,0,4.5,Medium
R00674,C003,2026-04-01,1,1,1,2.7,Low
R00674,C003,2026-05-01,3,2,0,3.4,Low
R00674,C003,2026-06-01,2,1,2,3.6,Low
R00675,C003,2026-01-01,4,4,0,3.7,Medium
R00675,C003,2026-02-01,3,3,1,3.7,Low
R00675,C003,2026-03-01,4,3,1,5.0,Medium
R00675,C003,2026-04-01,3,1,0,3.2,Low
R00675,C003,2026-05-01,4,5,1,4.0,Medium
R00675,C003,2026-06-01,6,5,1,4.0,Medium
R00676,C003,2026-01-01,2,3,4,4.0,Low
R00676,C003,2026-02-01,3,5,1,3.6,Low
R00676,C003,2026-03-01,3,2,4,3.4,Low
R00676,C003,2026-04-01,2,1,1,3.1,Low
R00676,C003,2026-05-01,2,1,0,3.5,Low
R00676,C003,2026-06-01,2,2,2,3.6,Low
R00677,C003,2026-01-01,2,3,2,3.6,Low
R00677,C003,2026-02-01,2,2,0,3.9,Low
R00677,C003,2026-03-01,0,0,3,2.5,Low
R00677,C003,2026-04-01,1,2,0,2.9,Low
R00677,C003,2026-05-01,1,0,2,3.8,Low
R00677,C003,2026-06-01,1,1,1,3.8,Low
R00678,C003,2026-01-01,4,2,2,2.5,Medium
R00678,C003,2026-02-01,5,2,1,4.0,Medium
R00678,C003,2026-03-01,5,4,1,3.8,Medium
R00678,C003,2026-04-01,4,3,2,3.6,Medium
R00678,C003,2026-05-01,4,3,0,3.8,Medium
R00678,C003,2026-06-01,4,4,2,2.9,Medium
R00679,C003,2026-01-01,2,1,3,4.3,Low
R00679,C003,2026-02-01,4,4,2,4.1,Medium
R00679,C003,2026-03-01,2,1,2,2.4,Low
R00679,C003,2026-04-01,1,0,1,3.5,Low
R00679,C003,2026-05-01,4,4,1,3.4,Medium
R00679,C003,2026-06-01,3,3,1,3.0,Low
R00680,C003,2026-01-01,2,1,1,2.7,Low
R00680,C003,2026-02-01,3,2,1,4.2,Low
R00680,C003,2026-03-01,1,0,1,2.5,Low
R00680,C003,2026-04-01,2,0,3,4.1,Low
R00680,C003,2026-05-01,3,3,0,2.9,Low
R00680,C003,2026-06-01,2,2,2,3.6,Low
R00681,C003,2026-01-01,5,2,0,4.7,Medium
R00681,C003,2026-02-01,4,4,0,3.6,Medium
R00681,C003,2026-03-01,4,4,2,2.4,Medium
R00681,C003,2026-04-01,4,3,0,4.1,Medium
R00681,C003,2026-05-01,6,2,3,4.9,Medium
R00681,C003,2026-06-01,4,3,2,4.1,Medium
R00682,C003,2026-01-01,4,5,0,3.4,Medium
R00682,C003,2026-02-01,6,5,2,5.0,Medium
R00682,C003,2026-03-01,4,5,2,3.2,Medium
R00682,C003,2026-04-01,4,4,0,3.5,Medium
R00682,C003,2026-05-01,3,2,2,4.2,Low
R00682,C003,2026-06-01,5,4,1,3.7,Medium
R00683,C003,2026-01-01,3,2,2,4.4,Low
R00683,C003,2026-02-01,2,1,1,3.5,Low
R00683,C003,2026-03-01,1,1,1,3.1,Low
R00683,C003,2026-04-01,3,2,0,3.8,Low
R00683,C003,2026-05-01,3,1,0,4.0,Low
R00683,C003,2026-06-01,1,0,1,3.1,Low
R00684,C003,2026-01-01,3,3,3,3.6,Low
R00684,C003,2026-02-01,3,4,2,4.2,Low
R00684,C003,2026-03-01,4,2,1,3.7,Medium
R00684,C003,2026-04-01,4,1,1,3.9,Medium
R00684,C003,2026-05-01,4,2,0,3.9,Medium
R00684,C003,2026-06-01,3,1,1,3.5,Low
R00685,C003,2026-01-01,0,0,2,3.2,Low
R00685,C003,2026-02-01,1,0,2,3.0,Low
R00685,C003,2026-03-01,2,1,0,3.8,Low
R00685,C003,2026-04-01,2,1,2,3.1,Low
R00685,C003,2026-05-01,2,2,0,4.0,Low
R00685,C003,2026-06-01,1,0,2,2.5,Low
R00686,C003,2026-01-01,2,2,2,3.2,Low
R00686,C003,2026-02-01,5,3,1,4.0,Medium
R00686,C003,2026-03-01,3,3,0,3.4,Low
R00686,C003,2026-04-01,3,2,0,3.3,Low
R00686,C003,2026-05-01,2,2,1,4.5,Low
R00686,C003,2026-06-01,2,1,1,3.1,Low
R00687,C004,2026-01-01,4,2,1,3.7,Medium
R00687,C004,2026-02-01,4,3,1,4.5,Medium
R00687,C004,2026-03-01,2,0,2,3.7,Low
R00687,C004,2026-04-01,6,3,2,3.9,Medium
R00687,C004,2026-05-01,3,2,1,3.0,Low
R00687,C004,2026-06-01,3,2,1,3.5,Low
R00688,C004,2026-01-01,6,2,0,3.9,Medium
R00688,C004,2026-02-01,6,4,0,5.0,Medium
R00688,C004,2026-03-01,5,5,0,4.0,Medium
R00688,C004,2026-04-01,3,2,1,3.8,Low
R00688,C004,2026-05-01,4,4,2,3.3,Medium
R00688,C004,2026-06-01,5,2,1,3.8,Medium
R00689,C004,2026-01-01,7,4,0,5.0,High
R00689,C004,2026-02-01,7,5,1,4.0,High
R00689,C004,2026-03-01,4,4,3,3.9,Medium
R00689,C004,2026-04-01,6,3,0,3.9,Medium
R00689,C004,2026-05-01,4,4,0,4.0,Medium
R00689,C004,2026-06-01,8,2,1,5.0,High
R00690,C004,2026-01-01,5,3,2,3.7,Medium
R00690,C004,2026-02-01,5,3,0,3.8,Medium
R00690,C004,2026-03-01,5,4,2,2.1,Medium
R00690,C004,2026-04-01,6,3,0,3.9,Medium
R00690,C004,2026-05-01,4,3,1,3.9,Medium
R00690,C004,2026-06-01,5,3,2,2.8,Medium
R00691,C004,2026-01-01,2,2,0,3.6,Low
R00691,C004,2026-02-01,2,1,1,3.0,Low
R00691,C004,2026-03-01,2,0,1,3.7,Low
R00691,C004,2026-04-01,3,1,1,4.2,Low
R00691,C004,2026-05-01,2,1,2,3.1,Low
R00691,C004,2026-06-01,0,1,1,3.5,Low
R00692,C004,2026-01-01,3,2,2,2.2,Low
R00692,C004,2026-02-01,1,2,4,3.2,Low
R00692,C004,2026-03-01,4,3,1,3.1,Medium
R00692,C004,2026-04-01,3,4,0,3.7,Low
R00692,C004,2026-05-01,3,2,1,3.2,Low
R00692,C004,2026-06-01,2,1,2,2.6,Low
R00693,C004,2026-01-01,7,3,1,4.1,High
R00693,C004,2026-02-01,4,3,0,4.7,Medium
R00693,C004,2026-03-01,7,2,2,3.8,High
R00693,C004,2026-04-01,5,5,0,3.7,Medium
R00693,C004,2026-05-01,3,3,0,4.9,Low
R00693,C004,2026-06-01,5,3,0,3.9,Medium
R00694,C004,2026-01-01,0,1,2,2.7,Low
R00694,C004,2026-02-01,0,0,0,2.3,Low
R00694,C004,2026-03-01,3,3,2,3.6,Low
R00694,C004,2026-04-01,0,0,1,3.3,Low
R00694,C004,2026-05-01,1,0,2,1.9,Low
R00694,C004,2026-06-01,0,0,0,3.1,Low
R00695,C004,2026-01-01,5,5,1,3.8,Medium
R00695,C004,2026-02-01,7,4,3,3.6,High
R00695,C004,2026-03-01,6,4,1,4.0,Medium
R00695,C004,2026-04-01,9,4,0,4.5,High
R00695,C004,2026-05-01,7,5,1,4.6,High
R00695,C004,2026-06-01,6,4,2,4.8,Medium
R00696,C004,2026-01-01,6,4,2,3.9,Medium
R00696,C004,2026-02-01,5,4,1,3.6,Medium
R00696,C004,2026-03-01,7,4,0,4.3,High
R00696,C004,2026-04-01,6,3,2,4.7,Medium
R00696,C004,2026-05-01,5,5,1,4.8,Medium
R00696,C004,2026-06-01,6,3,1,4.3,Medium
R00697,C004,2026-01-01,2,2,2,3.9,Low
R00697,C004,2026-02-01,2,1,2,3.9,Low
R00697,C004,2026-03-01,3,3,0,4.4,Low
R00697,C004,2026-04-01,4,5,2,4.2,Medium
R00697,C004,2026-05-01,1,1,2,3.4,Low
R00697,C004,2026-06-01,2,0,2,3.4,Low
R00698,C004,2026-01-01,1,2,2,3.3,Low
R00698,C004,2026-02-01,0,0,2,2.0,Low
R00698,C004,2026-03-01,3,2,1,3.1,Low
R00698,C004,2026-04-01,1,0,1,2.8,Low
R00698,C004,2026-05-01,2,0,0,3.8,Low
R00698,C004,2026-06-01,2,2,0,3.9,Low
R00699,C004,2026-01-01,2,1,2,2.9,Low
R00699,C004,2026-02-01,5,5,1,3.6,Medium
R00699,C004,2026-03-01,3,2,1,4.2,Low
R00699,C004,2026-04-01,4,4,1,3.1,Medium
R00699,C004,2026-05-01,4,4,0,4.0,Medium
R00699,C004,2026-06-01,3,1,0,3.5,Low
R00700,C004,2026-01-01,2,2,1,4.2,Low
R00700,C004,2026-02-01,3,3,1,3.6,Low
R00700,C004,2026-03-01,3,2,1,3.5,Low
R00700,C004,2026-04-01,3,2,2,3.3,Low
R00700,C004,2026-05-01,4,4,3,2.9,Medium
R00700,C004,2026-06-01,3,3,2,3.6,Low
R00701,C004,2026-01-01,2,0,1,3.7,Low
R00701,C004,2026-02-01,5,5,4,2.6,Medium
R00701,C004,2026-03-01,5,4,0,3.3,Medium
R00701,C004,2026-04-01,6,1,1,3.7,Medium
R00701,C004,2026-05-01,3,4,3,3.8,Low
R00701,C004,2026-06-01,4,2,2,3.5,Medium
R00702,C004,2026-01-01,3,1,0,4.0,Low
R00702,C004,2026-02-01,3,3,1,3.6,Low
R00702,C004,2026-03-01,3,4,1,2.8,Low
R00702,C004,2026-04-01,2,2,1,4.2,Low
R00702,C004,2026-05-01,1,0,0,2.9,Low
R00702,C004,2026-06-01,1,2,4,3.1,Low
R00703,C004,2026-01-01,4,5,1,4.2,Medium
R00703,C004,2026-02-01,5,4,0,4.4,Medium
R00703,C004,2026-03-01,4,4,1,4.7,Medium
R00703,C004,2026-04-01,4,2,2,4.7,Medium
R00703,C004,2026-05-01,3,3,1,2.4,Low
R00703,C004,2026-06-01,6,4,4,2.8,Medium
R00704,C004,2026-01-01,1,0,1,2.8,Low
R00704,C004,2026-02-01,0,0,1,2.8,Low
R00704,C004,2026-03-01,2,2,2,3.7,Low
R00704,C004,2026-04-01,0,1,0,2.5,Low
R00704,C004,2026-05-01,1,2,1,2.6,Low
R00704,C004,2026-06-01,1,0,2,2.8,Low
R00705,C004,2026-01-01,3,3,2,3.2,Low
R00705,C004,2026-02-01,3,2,0,4.1,Low
R00705,C004,2026-03-01,3,2,3,4.6,Low
R00705,C004,2026-04-01,4,4,1,4.5,Medium
R00705,C004,2026-05-01,4,5,2,4.1,Medium
R00705,C004,2026-06-01,3,3,0,3.8,Low
R00706,C004,2026-01-01,2,2,1,3.3,Low
R00706,C004,2026-02-01,2,2,2,2.6,Low
R00706,C004,2026-03-01,2,1,2,4.5,Low
R00706,C004,2026-04-01,2,2,1,2.7,Low
R00706,C004,2026-05-01,3,2,1,4.1,Low
R00706,C004,2026-06-01,3,3,1,3.4,Low
R00707,C004,2026-01-01,5,5,0,4.6,Medium
R00707,C004,2026-02-01,2,2,2,4.0,Low
R00707,C004,2026-03-01,4,2,0,3.7,Medium
R00707,C004,2026-04-01,5,3,3,3.3,Medium
R00707,C004,2026-05-01,4,4,1,3.2,Medium
R00707,C004,2026-06-01,4,2,1,3.7,Medium
R00708,C004,2026-01-01,5,5,0,5.0,Medium
R00708,C004,2026-02-01,6,3,2,4.3,Medium
R00708,C004,2026-03-01,6,3,1,4.0,Medium
R00708,C004,2026-04-01,4,4,0,3.9,Medium
R00708,C004,2026-05-01,5,4,3,4.4,Medium
R00708,C004,2026-06-01,7,5,2,4.4,High
R00709,C004,2026-01-01,2,2,0,4.0,Low
R00709,C004,2026-02-01,3,2,1,3.9,Low
R00709,C004,2026-03-01,2,1,0,3.8,Low
R00709,C004,2026-04-01,3,2,1,3.9,Low
R00709,C004,2026-05-01,3,3,2,3.6,Low
R00709,C004,2026-06-01,3,3,1,3.8,Low
R00710,C004,2026-01-01,0,0,1,3.5,Low
R00710,C004,2026-02-01,0,0,1,3.4,Low
R00710,C004,2026-03-01,0,0,1,2.5,Low
R00710,C004,2026-04-01,2,4,1,2.6,Low
R00710,C004,2026-05-01,0,0,0,2.5,Low
R00710,C004,2026-06-01,1,0,0,3.4,Low
R00711,C004,2026-01-01,2,3,2,3.0,Low
R00711,C004,2026-02-01,3,4,1,4.3,Low
R00711,C004,2026-03-01,3,2,1,3.6,Low
R00711,C004,2026-04-01,3,2,1,3.5,Low
R00711,C004,2026-05-01,3,2,1,3.5,Low
R00711,C004,2026-06-01,3,3,1,2.5,Low
R00712,C004,2026-01-01,2,2,1,2.1,Low
R00712,C004,2026-02-01,2,0,1,3.4,Low
R00712,C004,2026-03-01,2,3,0,3.7,Low
R00712,C004,2026-04-01,2,1,1,3.4,Low
R00712,C004,2026-05-01,1,1,2,2.8,Low
R00712,C004,2026-06-01,2,3,1,3.4,Low
R00713,C004,2026-01-01,0,0,1,3.7,Low
R00713,C004,2026-02-01,1,0,0,3.8,Low
R00713,C004,2026-03-01,0,0,1,3.5,Low
R00713,C004,2026-04-01,1,1,2,2.8,Low
R00713,C004,2026-05-01,0,1,0,2.7,Low
R00713,C004,2026-06-01,0,0,1,2.7,Low
R00714,C004,2026-01-01,7,4,1,4.2,High
R00714,C004,2026-02-01,5,4,0,2.9,Medium
R00714,C004,2026-03-01,7,4,1,3.6,High
R00714,C004,2026-04-01,4,4,2,3.8,Medium
R00714,C004,2026-05-01,3,2,1,3.4,Low
R00714,C004,2026-06-01,3,3,2,3.9,Low
R00715,C004,2026-01-01,2,3,3,3.9,Low
R00715,C004,2026-02-01,2,2,1,3.2,Low
R00715,C004,2026-03-01,0,0,1,2.6,Low
R00715,C004,2026-04-01,0,0,0,3.3,Low
R00715,C004,2026-05-01,0,0,1,3.5,Low
R00715,C004,2026-06-01,0,1,3,3.4,Low
R00716,C004,2026-01-01,5,3,0,2.9,Medium
R00716,C004,2026-02-01,3,2,1,3.2,Low
R00716,C004,2026-03-01,5,4,2,3.7,Medium
R00716,C004,2026-04-01,3,3,2,3.4,Low
R00716,C004,2026-05-01,6,2,1,5.0,Medium
R00716,C004,2026-06-01,7,2,0,4.3,High
R00717,C004,2026-01-01,4,4,0,3.0,Medium
R00717,C004,2026-02-01,4,2,1,2.7,Medium
R00717,C004,2026-03-01,3,4,2,3.5,Low
R00717,C004,2026-04-01,3,1,0,4.1,Low
R00717,C004,2026-05-01,4,5,0,4.1,Medium
R00717,C004,2026-06-01,4,5,0,3.3,Medium
R00718,C004,2026-01-01,1,0,2,3.9,Low
R00718,C004,2026-02-01,1,1,0,3.8,Low
R00718,C004,2026-03-01,1,1,0,4.4,Low
R00718,C004,2026-04-01,2,2,1,3.7,Low
R00718,C004,2026-05-01,2,2,1,3.3,Low
R00718,C004,2026-06-01,0,0,1,2.4,Low
R00719,C004,2026-01-01,6,3,3,4.8,Medium
R00719,C004,2026-02-01,5,2,2,4.0,Medium
R00719,C004,2026-03-01,5,4,1,4.2,Medium
R00719,C004,2026-04-01,4,4,2,3.8,Medium
R00719,C004,2026-05-01,6,2,2,4.7,Medium
R00719,C004,2026-06-01,3,0,2,3.5,Low
R00720,C004,2026-01-01,3,2,0,3.2,Low
R00720,C004,2026-02-01,3,2,4,3.6,Low
R00720,C004,2026-03-01,1,1,3,2.3,Low
R00720,C004,2026-04-01,1,2,2,3.8,Low
R00720,C004,2026-05-01,2,2,2,2.9,Low
R00720,C004,2026-06-01,3,1,2,2.9,Low
R00721,C004,2026-01-01,5,3,0,3.7,Medium
R00721,C004,2026-02-01,4,3,3,3.5,Medium
R00721,C004,2026-03-01,6,4,1,5.0,Medium
R00721,C004,2026-04-01,5,2,0,3.4,Medium
R00721,C004,2026-05-01,2,2,1,4.5,Low
R00721,C004,2026-06-01,6,2,1,3.2,Medium
R00722,C004,2026-01-01,8,2,0,4.5,High
R00722,C004,2026-02-01,8,3,1,4.9,High
R00722,C004,2026-03-01,7,2,2,3.9,High
R00722,C004,2026-04-01,7,3,2,4.3,High
R00722,C004,2026-05-01,7,4,3,4.2,High
R00722,C004,2026-06-01,6,5,1,3.8,Medium
R00723,C004,2026-01-01,4,4,1,4.0,Medium
R00723,C004,2026-02-01,1,2,0,4.4,Low
R00723,C004,2026-03-01,3,3,3,4.1,Low
R00723,C004,2026-04-01,3,3,1,2.8,Low
R00723,C004,2026-05-01,3,3,1,4.3,Low
R00723,C004,2026-06-01,2,2,3,3.2,Low
R00724,C004,2026-01-01,6,2,1,4.3,Medium
R00724,C004,2026-02-01,4,4,0,4.3,Medium
R00724,C004,2026-03-01,6,3,2,4.3,Medium
R00724,C004,2026-04-01,5,3,2,4.1,Medium
R00724,C004,2026-05-01,6,4,4,4.1,Medium
R00724,C004,2026-06-01,5,5,2,4.2,Medium
R00725,C004,2026-01-01,0,0,3,3.9,Low
R00725,C004,2026-02-01,1,0,0,3.7,Low
R00725,C004,2026-03-01,0,0,2,3.6,Low
R00725,C004,2026-04-01,0,0,2,3.1,Low
R00725,C004,2026-05-01,0,0,1,3.4,Low
R00725,C004,2026-06-01,1,1,1,3.2,Low
R00726,C004,2026-01-01,8,3,1,3.8,High
R00726,C004,2026-02-01,7,4,1,4.7,High
R00726,C004,2026-03-01,7,2,1,4.6,High
R00726,C004,2026-04-01,8,3,0,4.2,High
R00726,C004,2026-05-01,8,1,0,4.2,High
R00726,C004,2026-06-01,9,4,0,4.7,High
R00727,C004,2026-01-01,3,2,2,2.6,Low
R00727,C004,2026-02-01,3,2,1,3.3,Low
R00727,C004,2026-03-01,2,1,1,3.3,Low
R00727,C004,2026-04-01,2,1,1,3.4,Low
R00727,C004,2026-05-01,2,3,1,3.1,Low
R00727,C004,2026-06-01,2,2,0,3.5,Low
R00728,C004,2026-01-01,4,3,4,3.0,Medium
R00728,C004,2026-02-01,1,2,2,3.1,Low
R00728,C004,2026-03-01,3,2,0,3.3,Low
R00728,C004,2026-04-01,2,2,3,2.4,Low
R00728,C004,2026-05-01,2,1,1,2.8,Low
R00728,C004,2026-06-01,1,0,0,2.9,Low
R00729,C004,2026-01-01,3,3,1,3.8,Low
R00729,C004,2026-02-01,5,3,0,4.4,Medium
R00729,C004,2026-03-01,4,4,4,3.3,Medium
R00729,C004,2026-04-01,3,3,3,4.1,Low
R00729,C004,2026-05-01,4,4,0,3.3,Medium
R00729,C004,2026-06-01,3,3,1,4.1,Low
R00730,C004,2026-01-01,4,5,0,4.3,Medium
R00730,C004,2026-02-01,2,1,2,3.2,Low
R00730,C004,2026-03-01,2,1,1,2.8,Low
R00730,C004,2026-04-01,3,4,1,3.5,Low
R00730,C004,2026-05-01,4,5,0,3.0,Medium
R00730,C004,2026-06-01,2,3,0,3.5,Low
R00731,C004,2026-01-01,2,1,1,4.4,Low
R00731,C004,2026-02-01,4,3,1,4.5,Medium
R00731,C004,2026-03-01,4,3,2,3.9,Medium
R00731,C004,2026-04-01,3,3,1,3.6,Low
R00731,C004,2026-05-01,5,4,1,3.6,Medium
R00731,C004,2026-06-01,5,4,0,3.5,Medium
R00732,C004,2026-01-01,5,3,0,3.0,Medium
R00732,C004,2026-02-01,6,5,0,3.5,Medium
R00732,C004,2026-03-01,6,5,3,4.4,Medium
R00732,C004,2026-04-01,6,4,2,3.7,Medium
R00732,C004,2026-05-01,5,4,1,3.8,Medium
R00732,C004,2026-06-01,5,4,0,4.1,Medium
R00733,C004,2026-01-01,2,2,1,3.3,Low
R00733,C004,2026-02-01,5,2,3,3.8,Medium
R00733,C004,2026-03-01,4,5,0,4.2,Medium
R00733,C004,2026-04-01,4,4,0,4.2,Medium
R00733,C004,2026-05-01,4,4,1,3.4,Medium
R00733,C004,2026-06-01,4,3,1,3.6,Medium
R00734,C004,2026-01-01,0,0,1,2.9,Low
R00734,C004,2026-02-01,0,0,1,2.5,Low
R00734,C004,2026-03-01,1,1,1,3.0,Low
R00734,C004,2026-04-01,1,0,1,3.5,Low
R00734,C004,2026-05-01,0,0,2,3.9,Low
R00734,C004,2026-06-01,0,1,0,2.8,Low
R00735,C004,2026-01-01,2,2,3,3.2,Low
R00735,C004,2026-02-01,1,1,1,3.1,Low
R00735,C004,2026-03-01,3,3,3,2.2,Low
R00735,C004,2026-04-01,2,0,0,3.1,Low
R00735,C004,2026-05-01,4,5,1,3.5,Medium
R00735,C004,2026-06-01,3,3,1,3.2,Low
R00736,C004,2026-01-01,4,4,2,4.0,Medium
R00736,C004,2026-02-01,4,4,2,3.8,Medium
R00736,C004,2026-03-01,4,4,0,4.5,Medium
R00736,C004,2026-04-01,4,3,1,2.9,Medium
R00736,C004,2026-05-01,3,2,0,4.0,Low
R00736,C004,2026-06-01,5,1,3,3.7,Medium
R00737,C004,2026-01-01,3,3,0,4.2,Low
R00737,C004,2026-02-01,4,3,2,3.5,Medium
R00737,C004,2026-03-01,5,5,3,4.1,Medium
R00737,C004,2026-04-01,4,3,1,3.2,Medium
R00737,C004,2026-05-01,4,2,0,4.4,Medium
R00737,C004,2026-06-01,4,2,1,3.8,Medium
R00738,C004,2026-01-01,6,3,1,3.9,Medium
R00738,C004,2026-02-01,6,4,2,3.8,Medium
R00738,C004,2026-03-01,4,3,4,2.9,Medium
R00738,C004,2026-04-01,3,2,0,4.0,Low
R00738,C004,2026-05-01,7,3,1,4.7,High
R00738,C004,2026-06-01,4,3,1,3.9,Medium
R00739,C004,2026-01-01,6,3,2,3.6,Medium
R00739,C004,2026-02-01,4,2,1,3.4,Medium
R00739,C004,2026-03-01,5,3,2,4.4,Medium
R00739,C004,2026-04-01,5,4,1,4.1,Medium
R00739,C004,2026-05-01,6,1,2,4.7,Medium
R00739,C004,2026-06-01,6,3,2,5.0,Medium
R00740,C004,2026-01-01,3,1,0,4.1,Low
R00740,C004,2026-02-01,3,3,3,3.7,Low
R00740,C004,2026-03-01,5,3,0,3.9,Medium
R00740,C004,2026-04-01,5,3,1,3.6,Medium
R00740,C004,2026-05-01,4,4,3,3.8,Medium
R00740,C004,2026-06-01,4,5,3,4.3,Medium
R00741,C004,2026-01-01,1,0,2,3.5,Low
R00741,C004,2026-02-01,1,1,4,2.5,Low
R00741,C004,2026-03-01,2,1,4,2.8,Low
R00741,C004,2026-04-01,2,1,1,3.6,Low
R00741,C004,2026-05-01,2,0,1,2.9,Low
R00741,C004,2026-06-01,1,0,3,3.0,Low
R00742,C004,2026-01-01,4,4,0,4.9,Medium
R00742,C004,2026-02-01,6,3,0,4.7,Medium
R00742,C004,2026-03-01,6,3,1,3.7,Medium
R00742,C004,2026-04-01,5,5,2,3.8,Medium
R00742,C004,2026-05-01,7,4,0,4.6,High
R00742,C004,2026-06-01,6,5,2,3.4,Medium
R00743,C004,2026-01-01,3,0,1,3.4,Low
R00743,C004,2026-02-01,3,1,2,2.9,Low
R00743,C004,2026-03-01,2,0,1,2.7,Low
R00743,C004,2026-04-01,1,1,1,2.9,Low
R00743,C004,2026-05-01,3,2,1,2.9,Low
R00743,C004,2026-06-01,0,1,0,2.3,Low
R00744,C004,2026-01-01,4,2,1,3.9,Medium
R00744,C004,2026-02-01,5,3,2,4.3,Medium
R00744,C004,2026-03-01,4,4,3,4.6,Medium
R00744,C004,2026-04-01,4,3,1,4.1,Medium
R00744,C004,2026-05-01,4,3,1,4.1,Medium
R00744,C004,2026-06-01,4,4,3,3.4,Medium
R00745,C004,2026-01-01,2,3,5,3.6,Low
R00745,C004,2026-02-01,3,2,0,4.0,Low
R00745,C004,2026-03-01,3,2,2,3.2,Low
R00745,C004,2026-04-01,3,2,2,3.2,Low
R00745,C004,2026-05-01,3,2,2,3.0,Low
R00745,C004,2026-06-01,2,3,1,4.3,Low
R00746,C004,2026-01-01,1,1,1,2.4,Low
R00746,C004,2026-02-01,2,1,2,3.9,Low
R00746,C004,2026-03-01,2,4,2,3.2,Low
R00746,C004,2026-04-01,1,2,1,4.2,Low
R00746,C004,2026-05-01,1,0,0,2.3,Low
R00746,C004,2026-06-01,3,1,0,3.1,Low
R00747,C004,2026-01-01,3,3,0,3.4,Low
R00747,C004,2026-02-01,2,1,1,2.9,Low
R00747,C004,2026-03-01,1,0,3,3.8,Low
R00747,C004,2026-04-01,2,0,3,2.8,Low
R00747,C004,2026-05-01,2,3,1,4.4,Low
R00747,C004,2026-06-01,3,3,0,3.7,Low
R00748,C004,2026-01-01,5,2,1,3.3,Medium
R00748,C004,2026-02-01,5,5,0,4.2,Medium
R00748,C004,2026-03-01,5,3,2,4.7,Medium
R00748,C004,2026-04-01,4,3,1,4.2,Medium
R00748,C004,2026-05-01,5,3,0,4.2,Medium
R00748,C004,2026-06-01,4,5,2,3.7,Medium
R00749,C004,2026-01-01,4,2,1,3.6,Medium
R00749,C004,2026-02-01,1,1,4,4.5,Low
R00749,C004,2026-03-01,2,1,0,2.8,Low
R00749,C004,2026-04-01,3,1,1,4.4,Low
R00749,C004,2026-05-01,2,2,2,3.7,Low
R00749,C004,2026-06-01,3,1,0,4.1,Low
R00750,C004,2026-01-01,6,4,0,4.1,Medium
R00750,C004,2026-02-01,7,4,0,5.0,High
R00750,C004,2026-03-01,5,2,2,4.8,Medium
R00750,C004,2026-04-01,6,4,2,3.7,Medium
R00750,C004,2026-05-01,6,2,0,4.2,Medium
R00750,C004,2026-06-01,8,2,2,4.0,High
R00751,C004,2026-01-01,5,4,0,5.0,Medium
R00751,C004,2026-02-01,4,4,0,3.7,Medium
R00751,C004,2026-03-01,4,4,1,3.5,Medium
R00751,C004,2026-04-01,3,2,1,4.5,Low
R00751,C004,2026-05-01,5,5,0,4.5,Medium
R00751,C004,2026-06-01,3,1,0,3.0,Low
R00752,C004,2026-01-01,3,3,4,3.0,Low
R00752,C004,2026-02-01,4,5,2,3.8,Medium
R00752,C004,2026-03-01,6,4,1,4.6,Medium
R00752,C004,2026-04-01,5,3,4,4.3,Medium
R00752,C004,2026-05-01,4,4,1,4.4,Medium
R00752,C004,2026-06-01,6,4,0,5.0,Medium
R00753,C004,2026-01-01,7,5,3,3.7,High
R00753,C004,2026-02-01,4,3,0,2.8,Medium
R00753,C004,2026-03-01,6,4,0,4.0,Medium
R00753,C004,2026-04-01,7,5,2,4.5,High
R00753,C004,2026-05-01,6,3,0,2.9,Medium
R00753,C004,2026-06-01,7,2,1,4.6,High
R00754,C004,2026-01-01,7,3,0,3.9,High
R00754,C004,2026-02-01,6,4,0,3.9,Medium
R00754,C004,2026-03-01,5,3,2,3.5,Medium
R00754,C004,2026-04-01,7,5,1,4.9,High
R00754,C004,2026-05-01,6,3,0,4.0,Medium
R00754,C004,2026-06-01,6,4,0,4.2,Medium
R00755,C004,2026-01-01,10,5,1,4.1,High
R00755,C004,2026-02-01,10,5,0,4.2,High
R00755,C004,2026-03-01,8,3,1,5.0,High
R00755,C004,2026-04-01,8,4,1,4.8,High
R00755,C004,2026-05-01,9,4,1,5.0,High
R00755,C004,2026-06-01,7,5,2,3.9,High
R00756,C004,2026-01-01,4,3,1,4.1,Medium
R00756,C004,2026-02-01,3,2,1,3.4,Low
R00756,C004,2026-03-01,2,2,1,3.4,Low
R00756,C004,2026-04-01,4,4,1,3.9,Medium
R00756,C004,2026-05-01,3,4,1,3.0,Low
R00756,C004,2026-06-01,3,4,0,5.0,Low
R00757,C004,2026-01-01,4,4,2,2.7,Medium
R00757,C004,2026-02-01,4,4,1,3.5,Medium
R00757,C004,2026-03-01,5,4,2,3.8,Medium
R00757,C004,2026-04-01,5,3,4,4.5,Medium
R00757,C004,2026-05-01,7,4,0,4.6,High
R00757,C004,2026-06-01,7,3,1,4.5,High
R00758,C004,2026-01-01,7,4,0,4.4,High
R00758,C004,2026-02-01,8,3,3,5.0,High
R00758,C004,2026-03-01,8,4,0,4.2,High
R00758,C004,2026-04-01,7,3,1,4.4,High
R00758,C004,2026-05-01,7,3,0,4.5,High
R00758,C004,2026-06-01,7,2,2,4.4,High
R00759,C004,2026-01-01,4,4,0,3.5,Medium
R00759,C004,2026-02-01,2,1,2,2.6,Low
R00759,C004,2026-03-01,3,1,0,4.5,Low
R00759,C004,2026-04-01,2,3,2,3.2,Low
R00759,C004,2026-05-01,4,4,4,3.7,Medium
R00759,C004,2026-06-01,3,3,1,4.0,Low
R00760,C004,2026-01-01,3,3,0,3.0,Low
R00760,C004,2026-02-01,2,0,1,3.0,Low
R00760,C004,2026-03-01,4,3,0,3.5,Medium
R00760,C004,2026-04-01,4,2,2,3.1,Medium
R00760,C004,2026-05-01,2,2,2,2.8,Low
R00760,C004,2026-06-01,2,2,1,3.0,Low
R00761,C004,2026-01-01,1,1,0,3.0,Low
R00761,C004,2026-02-01,0,0,1,4.1,Low
R00761,C004,2026-03-01,0,0,1,3.3,Low
R00761,C004,2026-04-01,0,1,2,3.7,Low
R00761,C004,2026-05-01,0,0,0,2.2,Low
R00761,C004,2026-06-01,0,0,2,3.1,Low
R00762,C004,2026-01-01,8,3,1,5.0,High
R00762,C004,2026-02-01,8,2,0,4.0,High
R00762,C004,2026-03-01,8,4,1,3.6,High
R00762,C004,2026-04-01,7,5,3,3.5,High
R00762,C004,2026-05-01,8,5,1,4.4,High
R00762,C004,2026-06-01,6,4,1,4.1,Medium
R00763,C004,2026-01-01,2,2,1,3.1,Low
R00763,C004,2026-02-01,3,2,1,2.8,Low
R00763,C004,2026-03-01,2,1,0,3.1,Low
R00763,C004,2026-04-01,1,0,4,2.5,Low
R00763,C004,2026-05-01,2,2,0,4.1,Low
R00763,C004,2026-06-01,1,1,1,3.2,Low
R00764,C004,2026-01-01,5,2,1,4.6,Medium
R00764,C004,2026-02-01,5,4,2,4.2,Medium
R00764,C004,2026-03-01,5,3,4,3.9,Medium
R00764,C004,2026-04-01,4,3,0,4.6,Medium
R00764,C004,2026-05-01,4,3,3,3.8,Medium
R00764,C004,2026-06-01,4,3,1,4.2,Medium
R00765,C004,2026-01-01,4,5,2,3.4,Medium
R00765,C004,2026-02-01,4,3,0,3.2,Medium
R00765,C004,2026-03-01,3,2,0,2.4,Low
R00765,C004,2026-04-01,3,3,2,3.0,Low
R00765,C004,2026-05-01,3,1,2,3.1,Low
R00765,C004,2026-06-01,5,4,0,3.9,Medium
R00766,C004,2026-01-01,3,2,2,2.4,Low
R00766,C004,2026-02-01,2,3,2,3.9,Low
R00766,C004,2026-03-01,4,2,0,4.2,Medium
R00766,C004,2026-04-01,2,2,3,3.3,Low
R00766,C004,2026-05-01,1,1,1,3.6,Low
R00766,C004,2026-06-01,1,0,0,3.4,Low
R00767,C004,2026-01-01,3,2,2,4.1,Low
R00767,C004,2026-02-01,3,3,1,2.6,Low
R00767,C004,2026-03-01,3,5,0,3.7,Low
R00767,C004,2026-04-01,4,5,1,3.2,Medium
R00767,C004,2026-05-01,3,3,3,2.9,Low
R00767,C004,2026-06-01,3,3,0,2.6,Low
R00768,C004,2026-01-01,2,2,1,3.7,Low
R00768,C004,2026-02-01,1,0,2,3.5,Low
R00768,C004,2026-03-01,3,2,1,3.4,Low
R00768,C004,2026-04-01,3,2,0,2.7,Low
R00768,C004,2026-05-01,2,1,2,3.4,Low
R00768,C004,2026-06-01,4,3,2,4.0,Medium
R00769,C004,2026-01-01,7,4,4,4.2,High
R00769,C004,2026-02-01,4,2,0,4.5,Medium
R00769,C004,2026-03-01,7,3,3,3.2,High
R00769,C004,2026-04-01,4,2,0,4.7,Medium
R00769,C004,2026-05-01,4,3,0,3.1,Medium
R00769,C004,2026-06-01,5,2,3,3.6,Medium
R00770,C004,2026-01-01,4,2,0,4.2,Medium
R00770,C004,2026-02-01,2,2,1,3.4,Low
R00770,C004,2026-03-01,2,0,3,3.3,Low
R00770,C004,2026-04-01,1,1,1,4.0,Low
R00770,C004,2026-05-01,2,1,1,3.7,Low
R00770,C004,2026-06-01,3,3,3,2.1,Low
R00771,C004,2026-01-01,2,1,0,3.0,Low
R00771,C004,2026-02-01,2,2,1,3.1,Low
R00771,C004,2026-03-01,0,0,1,2.8,Low
R00771,C004,2026-04-01,2,0,1,3.0,Low
R00771,C004,2026-05-01,0,0,1,2.9,Low
R00771,C004,2026-06-01,2,2,1,2.9,Low
R00772,C004,2026-01-01,3,1,1,4.1,Low
R00772,C004,2026-02-01,3,3,0,3.4,Low
R00772,C004,2026-03-01,3,3,0,4.7,Low
R00772,C004,2026-04-01,5,4,4,3.6,Medium
R00772,C004,2026-05-01,3,4,0,4.2,Low
R00772,C004,2026-06-01,3,3,1,3.5,Low
R00773,C004,2026-01-01,6,3,1,4.3,Medium
R00773,C004,2026-02-01,6,4,0,3.7,Medium
R00773,C004,2026-03-01,7,4,1,3.7,High
R00773,C004,2026-04-01,6,4,0,4.5,Medium
R00773,C004,2026-05-01,6,2,2,3.5,Medium
R00773,C004,2026-06-01,6,4,1,4.2,Medium
R00774,C004,2026-01-01,3,2,3,3.4,Low
R00774,C004,2026-02-01,5,1,1,3.3,Medium
R00774,C004,2026-03-01,3,5,1,2.7,Low
R00774,C004,2026-04-01,4,3,0,4.1,Medium
R00774,C004,2026-05-01,3,3,3,4.0,Low
R00774,C004,2026-06-01,3,4,3,3.0,Low
R00775,C004,2026-01-01,4,5,2,3.9,Medium
R00775,C004,2026-02-01,3,2,2,2.7,Low
R00775,C004,2026-03-01,1,1,0,3.1,Low
R00775,C004,2026-04-01,3,3,1,3.8,Low
R00775,C004,2026-05-01,3,3,0,4.2,Low
R00775,C004,2026-06-01,2,1,1,3.5,Low
R00776,C004,2026-01-01,3,4,2,3.3,Low
R00776,C004,2026-02-01,4,4,0,3.7,Medium
R00776,C004,2026-03-01,3,3,1,2.9,Low
R00776,C004,2026-04-01,3,1,4,4.4,Low
R00776,C004,2026-05-01,4,3,1,4.2,Medium
R00776,C004,2026-06-01,4,2,2,3.4,Medium
R00777,C004,2026-01-01,2,1,0,3.1,Low
R00777,C004,2026-02-01,3,1,1,3.5,Low
R00777,C004,2026-03-01,5,4,2,4.0,Medium
R00777,C004,2026-04-01,3,2,5,2.4,Low
R00777,C004,2026-05-01,4,2,0,4.0,Medium
R00777,C004,2026-06-01,3,4,2,2.5,Low
R00778,C004,2026-01-01,6,4,2,4.4,Medium
R00778,C004,2026-02-01,6,3,1,4.7,Medium
R00778,C004,2026-03-01,6,3,1,3.7,Medium
R00778,C004,2026-04-01,5,5,1,4.2,Medium
R00778,C004,2026-05-01,6,5,3,4.4,Medium
R00778,C004,2026-06-01,7,2,1,5.0,High
R00779,C004,2026-01-01,5,1,3,4.6,Medium
R00779,C004,2026-02-01,4,4,2,3.5,Medium
R00779,C004,2026-03-01,3,2,0,4.1,Low
R00779,C004,2026-04-01,3,2,2,3.9,Low
R00779,C004,2026-05-01,3,3,0,3.1,Low
R00779,C004,2026-06-01,5,4,2,4.5,Medium
R00780,C004,2026-01-01,5,3,0,4.7,Medium
R00780,C004,2026-02-01,7,5,0,4.2,High
R00780,C004,2026-03-01,7,3,1,5.0,High
R00780,C004,2026-04-01,5,3,2,3.6,Medium
R00780,C004,2026-05-01,4,3,1,4.5,Medium
R00780,C004,2026-06-01,7,2,1,3.4,High
R00781,C004,2026-01-01,8,2,0,5.0,High
R00781,C004,2026-02-01,9,3,0,4.8,High
R00781,C004,2026-03-01,8,3,2,4.4,High
R00781,C004,2026-04-01,7,1,1,4.0,High
R00781,C004,2026-05-01,7,2,2,4.4,High
R00781,C004,2026-06-01,8,2,1,4.3,High
R00782,C004,2026-01-01,1,1,2,3.6,Low
R00782,C004,2026-02-01,2,1,3,3.6,Low
R00782,C004,2026-03-01,1,1,0,4.6,Low
R00782,C004,2026-04-01,2,4,1,2.7,Low
R00782,C004,2026-05-01,1,1,0,3.0,Low
R00782,C004,2026-06-01,3,2,0,3.6,Low
R00783,C004,2026-01-01,6,5,0,3.7,Medium
R00783,C004,2026-02-01,7,4,1,4.3,High
R00783,C004,2026-03-01,5,3,1,3.1,Medium
R00783,C004,2026-04-01,4,4,3,3.3,Medium
R00783,C004,2026-05-01,6,3,1,4.7,Medium
R00783,C004,2026-06-01,5,0,2,4.3,Medium
R00784,C004,2026-01-01,5,2,1,4.4,Medium
R00784,C004,2026-02-01,3,2,1,2.8,Low
R00784,C004,2026-03-01,4,3,0,4.7,Medium
R00784,C004,2026-04-01,5,3,0,5.0,Medium
R00784,C004,2026-05-01,5,4,1,4.8,Medium
R00784,C004,2026-06-01,6,4,0,4.7,Medium
R00785,C004,2026-01-01,3,2,0,3.9,Low
R00785,C004,2026-02-01,2,3,1,4.3,Low
R00785,C004,2026-03-01,3,3,0,4.1,Low
R00785,C004,2026-04-01,5,3,0,3.6,Medium
R00785,C004,2026-05-01,3,2,1,3.5,Low
R00785,C004,2026-06-01,4,5,1,3.9,Medium
R00786,C004,2026-01-01,4,4,2,3.7,Medium
R00786,C004,2026-02-01,4,3,3,4.4,Medium
R00786,C004,2026-03-01,3,2,1,4.1,Low
R00786,C004,2026-04-01,3,3,0,3.5,Low
R00786,C004,2026-05-01,5,2,1,4.2,Medium
R00786,C004,2026-06-01,5,4,4,3.8,Medium
R00787,C004,2026-01-01,3,4,0,4.0,Low
R00787,C004,2026-02-01,3,3,2,2.4,Low
R00787,C004,2026-03-01,4,3,1,4.3,Medium
R00787,C004,2026-04-01,3,2,0,4.1,Low
R00787,C004,2026-05-01,3,2,0,5.0,Low
R00787,C004,2026-06-01,3,4,3,4.4,Low
R00788,C004,2026-01-01,2,3,3,3.0,Low
R00788,C004,2026-02-01,4,4,1,4.1,Medium
R00788,C004,2026-03-01,2,2,0,3.5,Low
R00788,C004,2026-04-01,1,0,0,3.8,Low
R00788,C004,2026-05-01,4,4,3,4.2,Medium
R00788,C004,2026-06-01,2,3,1,3.7,Low
R00789,C004,2026-01-01,6,4,2,3.8,Medium
R00789,C004,2026-02-01,6,4,2,3.2,Medium
R00789,C004,2026-03-01,8,3,1,4.1,High
R00789,C004,2026-04-01,6,5,2,3.8,Medium
R00789,C004,2026-05-01,6,3,0,4.6,Medium
R00789,C004,2026-06-01,7,3,2,3.7,High
R00790,C004,2026-01-01,1,0,1,3.2,Low
R00790,C004,2026-02-01,3,2,2,2.6,Low
R00790,C004,2026-03-01,2,3,1,3.9,Low
R00790,C004,2026-04-01,1,1,1,3.8,Low
R00790,C004,2026-05-01,0,0,0,3.1,Low
R00790,C004,2026-06-01,4,3,1,3.9,Medium
R00791,C004,2026-01-01,2,1,1,3.9,Low
R00791,C004,2026-02-01,4,5,1,4.1,Medium
R00791,C004,2026-03-01,2,1,2,3.5,Low
R00791,C004,2026-04-01,4,3,1,3.8,Medium
R00791,C004,2026-05-01,2,1,3,3.4,Low
R00791,C004,2026-06-01,3,2,0,3.7,Low
R00792,C004,2026-01-01,3,3,1,3.2,Low
R00792,C004,2026-02-01,3,1,4,3.9,Low
R00792,C004,2026-03-01,3,2,0,4.0,Low
R00792,C004,2026-04-01,4,3,0,3.9,Medium
R00792,C004,2026-05-01,3,1,1,3.3,Low
R00792,C004,2026-06-01,5,4,1,3.7,Medium
R00793,C004,2026-01-01,5,3,2,4.6,Medium
R00793,C004,2026-02-01,4,2,0,4.0,Medium
R00793,C004,2026-03-01,5,5,1,4.2,Medium
R00793,C004,2026-04-01,5,5,0,3.4,Medium
R00793,C004,2026-05-01,5,3,2,4.1,Medium
R00793,C004,2026-06-01,4,4,0,3.6,Medium
R00794,C004,2026-01-01,3,1,1,3.0,Low
R00794,C004,2026-02-01,4,4,2,3.5,Medium
R00794,C004,2026-03-01,3,3,0,4.5,Low
R00794,C004,2026-04-01,5,5,1,4.1,Medium
R00794,C004,2026-05-01,2,2,1,4.8,Low
R00794,C004,2026-06-01,3,2,0,4.7,Low
R00795,C004,2026-01-01,1,0,2,3.0,Low
R00795,C004,2026-02-01,2,1,2,3.5,Low
R00795,C004,2026-03-01,3,2,0,4.1,Low
R00795,C004,2026-04-01,1,2,1,3.3,Low
R00795,C004,2026-05-01,2,1,1,2.9,Low
R00795,C004,2026-06-01,0,0,4,3.5,Low
R00796,C004,2026-01-01,3,1,2,3.5,Low
R00796,C004,2026-02-01,0,0,1,2.4,Low
R00796,C004,2026-03-01,1,0,1,3.4,Low
R00796,C004,2026-04-01,1,1,1,2.8,Low
R00796,C004,2026-05-01,2,1,1,4.4,Low
R00796,C004,2026-06-01,3,3,3,2.8,Low
R00797,C004,2026-01-01,2,1,1,3.4,Low
R00797,C004,2026-02-01,4,2,4,4.2,Medium
R00797,C004,2026-03-01,4,4,2,3.3,Medium
R00797,C004,2026-04-01,4,3,0,4.8,Medium
R00797,C004,2026-05-01,4,4,2,3.8,Medium
R00797,C004,2026-06-01,4,2,2,4.8,Medium
R00798,C004,2026-01-01,5,4,0,4.2,Medium
R00798,C004,2026-02-01,5,4,2,4.2,Medium
R00798,C004,2026-03-01,4,1,0,3.5,Medium
R00798,C004,2026-04-01,4,3,1,3.2,Medium
R00798,C004,2026-05-01,4,3,2,3.4,Medium
R00798,C004,2026-06-01,5,4,0,4.1,Medium
R00799,C004,2026-01-01,2,3,1,3.8,Low
R00799,C004,2026-02-01,0,0,2,3.8,Low
R00799,C004,2026-03-01,0,0,1,2.7,Low
R00799,C004,2026-04-01,2,2,2,3.2,Low
R00799,C004,2026-05-01,3,3,1,3.2,Low
R00799,C004,2026-06-01,1,1,4,2.9,Low
R00800,C004,2026-01-01,2,0,2,3.4,Low
R00800,C004,2026-02-01,4,3,2,4.0,Medium
R00800,C004,2026-03-01,3,2,0,3.9,Low
R00800,C004,2026-04-01,3,3,2,2.9,Low
R00800,C004,2026-05-01,2,3,1,3.5,Low
R00800,C004,2026-06-01,4,3,3,3.0,Medium
R00801,C004,2026-01-01,5,2,1,4.1,Medium
R00801,C004,2026-02-01,6,3,0,5.0,Medium
R00801,C004,2026-03-01,3,2,0,3.3,Low
R00801,C004,2026-04-01,5,3,0,5.0,Medium
R00801,C004,2026-05-01,3,1,1,3.9,Low
R00801,C004,2026-06-01,4,3,4,4.6,Medium
R00802,C004,2026-01-01,7,4,2,5.0,High
R00802,C004,2026-02-01,6,5,2,4.3,Medium
R00802,C004,2026-03-01,7,4,2,4.6,High
R00802,C004,2026-04-01,7,5,1,5.0,High
R00802,C004,2026-05-01,9,4,0,4.9,High
R00802,C004,2026-06-01,7,1,0,5.0,High
R00803,C004,2026-01-01,6,2,2,4.2,Medium
R00803,C004,2026-02-01,5,2,1,3.9,Medium
R00803,C004,2026-03-01,4,4,1,4.1,Medium
R00803,C004,2026-04-01,5,5,1,3.2,Medium
R00803,C004,2026-05-01,6,4,1,3.4,Medium
R00803,C004,2026-06-01,7,2,1,4.7,High
R00804,C004,2026-01-01,5,4,1,4.5,Medium
R00804,C004,2026-02-01,5,4,1,4.1,Medium
R00804,C004,2026-03-01,2,0,0,4.1,Low
R00804,C004,2026-04-01,4,4,1,4.5,Medium
R00804,C004,2026-05-01,3,4,1,3.6,Low
R00804,C004,2026-06-01,2,2,0,4.0,Low
R00805,C004,2026-01-01,4,3,2,4.5,Medium
R00805,C004,2026-02-01,4,3,1,2.9,Medium
R00805,C004,2026-03-01,0,0,0,2.0,Low
R00805,C004,2026-04-01,1,2,1,3.8,Low
R00805,C004,2026-05-01,5,4,2,3.9,Medium
R00805,C004,2026-06-01,2,2,1,2.5,Low
R00806,C004,2026-01-01,3,3,1,3.7,Low
R00806,C004,2026-02-01,4,3,2,3.0,Medium
R00806,C004,2026-03-01,4,3,0,4.0,Medium
R00806,C004,2026-04-01,4,3,2,3.8,Medium
R00806,C004,2026-05-01,4,4,0,3.1,Medium
R00806,C004,2026-06-01,3,2,3,3.8,Low
R00807,C004,2026-01-01,4,3,0,3.2,Medium
R00807,C004,2026-02-01,3,2,2,3.3,Low
R00807,C004,2026-03-01,4,2,2,5.0,Medium
R00807,C004,2026-04-01,3,3,0,4.5,Low
R00807,C004,2026-05-01,4,5,1,3.5,Medium
R00807,C004,2026-06-01,4,3,0,3.4,Medium
R00808,C004,2026-01-01,4,3,1,3.4,Medium
R00808,C004,2026-02-01,6,4,0,4.5,Medium
R00808,C004,2026-03-01,5,4,0,4.3,Medium
R00808,C004,2026-04-01,4,4,1,4.2,Medium
R00808,C004,2026-05-01,6,4,3,3.9,Medium
R00808,C004,2026-06-01,4,2,1,4.2,Medium
R00809,C004,2026-01-01,1,1,1,2.6,Low
R00809,C004,2026-02-01,0,0,2,2.7,Low
R00809,C004,2026-03-01,0,0,0,4.1,Low
R00809,C004,2026-04-01,1,0,0,3.7,Low
R00809,C004,2026-05-01,0,0,2,2.6,Low
R00809,C004,2026-06-01,1,0,0,3.0,Low
R00810,C004,2026-01-01,6,5,1,4.1,Medium
R00810,C004,2026-02-01,6,4,6,3.5,Medium
R00810,C004,2026-03-01,7,3,2,4.5,High
R00810,C004,2026-04-01,7,4,2,4.1,High
R00810,C004,2026-05-01,6,4,0,3.8,Medium
R00810,C004,2026-06-01,6,4,2,4.6,Medium
R00811,C004,2026-01-01,2,2,1,3.6,Low
R00811,C004,2026-02-01,3,3,1,3.7,Low
R00811,C004,2026-03-01,4,2,2,4.9,Medium
R00811,C004,2026-04-01,5,5,1,4.6,Medium
R00811,C004,2026-05-01,4,3,1,4.1,Medium
R00811,C004,2026-06-01,2,1,1,3.0,Low
R00812,C004,2026-01-01,3,1,1,3.8,Low
R00812,C004,2026-02-01,3,3,1,3.3,Low
R00812,C004,2026-03-01,3,2,3,3.6,Low
R00812,C004,2026-04-01,2,0,3,3.3,Low
R00812,C004,2026-05-01,2,2,1,3.2,Low
R00812,C004,2026-06-01,2,0,2,3.6,Low
R00813,C004,2026-01-01,4,4,1,2.8,Medium
R00813,C004,2026-02-01,3,2,5,3.3,Low
R00813,C004,2026-03-01,5,1,2,3.4,Medium
R00813,C004,2026-04-01,5,4,0,4.5,Medium
R00813,C004,2026-05-01,5,4,1,3.6,Medium
R00813,C004,2026-06-01,5,5,3,4.2,Medium
R00814,C004,2026-01-01,3,4,1,4.5,Low
R00814,C004,2026-02-01,3,2,1,4.0,Low
R00814,C004,2026-03-01,2,1,1,3.2,Low
R00814,C004,2026-04-01,2,2,1,3.6,Low
R00814,C004,2026-05-01,2,1,0,4.5,Low
R00814,C004,2026-06-01,1,1,1,3.0,Low
R00815,C004,2026-01-01,0,0,1,3.2,Low
R00815,C004,2026-02-01,0,0,2,2.4,Low
R00815,C004,2026-03-01,0,0,0,2.8,Low
R00815,C004,2026-04-01,0,0,0,3.2,Low
R00815,C004,2026-05-01,0,0,3,2.8,Low
R00815,C004,2026-06-01,0,1,1,3.2,Low
R00816,C004,2026-01-01,1,1,2,3.4,Low
R00816,C004,2026-02-01,1,0,1,3.5,Low
R00816,C004,2026-03-01,3,4,2,4.2,Low
R00816,C004,2026-04-01,1,0,1,2.8,Low
R00816,C004,2026-05-01,1,0,1,3.5,Low
R00816,C004,2026-06-01,0,2,1,3.8,Low
R00817,C004,2026-01-01,1,1,1,2.1,Low
R00817,C004,2026-02-01,2,2,2,3.5,Low
R00817,C004,2026-03-01,3,2,0,3.9,Low
R00817,C004,2026-04-01,2,1,2,4.3,Low
R00817,C004,2026-05-01,0,0,2,4.3,Low
R00817,C004,2026-06-01,2,2,1,3.4,Low
R00818,C004,2026-01-01,3,2,1,3.9,Low
R00818,C004,2026-02-01,3,2,0,4.1,Low
R00818,C004,2026-03-01,5,3,1,5.0,Medium
R00818,C004,2026-04-01,2,0,0,2.4,Low
R00818,C004,2026-05-01,2,2,1,2.5,Low
R00818,C004,2026-06-01,3,2,0,3.3,Low
R00819,C004,2026-01-01,3,2,1,3.7,Low
R00819,C004,2026-02-01,5,3,1,4.2,Medium
R00819,C004,2026-03-01,4,5,2,3.3,Medium
R00819,C004,2026-04-01,3,1,2,3.4,Low
R00819,C004,2026-05-01,1,2,1,3.2,Low
R00819,C004,2026-06-01,3,4,2,3.9,Low
R00820,C004,2026-01-01,4,4,0,4.5,Medium
R00820,C004,2026-02-01,3,3,0,4.3,Low
R00820,C004,2026-03-01,4,3,0,4.2,Medium
R00820,C004,2026-04-01,3,3,0,4.0,Low
R00820,C004,2026-05-01,4,3,4,3.9,Medium
R00820,C004,2026-06-01,2,0,1,4.1,Low
R00821,C004,2026-01-01,0,0,5,2.7,Low
R00821,C004,2026-02-01,0,1,0,3.4,Low
R00821,C004,2026-03-01,1,0,0,3.8,Low
R00821,C004,2026-04-01,3,2,1,3.7,Low
R00821,C004,2026-05-01,3,1,0,4.2,Low
R00821,C004,2026-06-01,2,4,1,4.1,Low
R00822,C004,2026-01-01,2,2,1,2.7,Low
R00822,C004,2026-02-01,0,0,0,2.9,Low
R00822,C004,2026-03-01,1,0,2,2.9,Low
R00822,C004,2026-04-01,2,1,1,2.6,Low
R00822,C004,2026-05-01,0,0,0,2.5,Low
R00822,C004,2026-06-01,2,2,0,4.9,Low
R00823,C004,2026-01-01,3,4,0,3.8,Low
R00823,C004,2026-02-01,2,1,1,3.0,Low
R00823,C004,2026-03-01,0,0,1,2.9,Low
R00823,C004,2026-04-01,2,1,1,4.4,Low
R00823,C004,2026-05-01,0,0,1,2.3,Low
R00823,C004,2026-06-01,2,2,1,4.6,Low
R00824,C004,2026-01-01,5,4,2,4.6,Medium
R00824,C004,2026-02-01,8,3,1,4.5,High
R00824,C004,2026-03-01,6,4,0,4.3,Medium
R00824,C004,2026-04-01,9,3,0,4.0,High
R00824,C004,2026-05-01,8,4,0,4.0,High
R00824,C004,2026-06-01,6,4,3,3.6,Medium
R00825,C004,2026-01-01,1,0,1,2.3,Low
R00825,C004,2026-02-01,3,2,1,4.2,Low
R00825,C004,2026-03-01,3,4,0,3.4,Low
R00825,C004,2026-04-01,2,3,0,4.8,Low
R00825,C004,2026-05-01,3,3,0,4.7,Low
R00825,C004,2026-06-01,1,0,0,3.4,Low
R00826,C004,2026-01-01,1,0,1,4.1,Low
R00826,C004,2026-02-01,3,3,0,4.3,Low
R00826,C004,2026-03-01,3,3,1,3.7,Low
R00826,C004,2026-04-01,2,2,1,4.2,Low
R00826,C004,2026-05-01,3,4,2,3.9,Low
R00826,C004,2026-06-01,3,3,1,3.4,Low
R00827,C004,2026-01-01,3,3,3,3.4,Low
R00827,C004,2026-02-01,2,1,3,2.4,Low
R00827,C004,2026-03-01,3,4,1,2.8,Low
R00827,C004,2026-04-01,2,1,1,3.1,Low
R00827,C004,2026-05-01,4,3,2,3.5,Medium
R00827,C004,2026-06-01,1,0,0,3.8,Low
R00828,C004,2026-01-01,6,1,1,4.0,Medium
R00828,C004,2026-02-01,5,3,2,3.1,Medium
R00828,C004,2026-03-01,5,5,1,4.1,Medium
R00828,C004,2026-04-01,6,4,1,4.6,Medium
R00828,C004,2026-05-01,6,5,3,4.3,Medium
R00828,C004,2026-06-01,6,4,0,3.8,Medium
R00829,C004,2026-01-01,3,4,5,2.7,Low
R00829,C004,2026-02-01,2,1,0,3.8,Low
R00829,C004,2026-03-01,3,3,1,2.8,Low
R00829,C004,2026-04-01,2,1,1,3.3,Low
R00829,C004,2026-05-01,3,2,2,2.4,Low
R00829,C004,2026-06-01,4,4,4,3.6,Medium
R00830,C004,2026-01-01,3,3,2,2.4,Low
R00830,C004,2026-02-01,3,3,0,3.9,Low
R00830,C004,2026-03-01,2,1,1,3.4,Low
R00830,C004,2026-04-01,4,4,1,3.9,Medium
R00830,C004,2026-05-01,3,4,0,2.5,Low
R00830,C004,2026-06-01,4,5,0,3.9,Medium
R00831,C004,2026-01-01,6,4,3,4.1,Medium
R00831,C004,2026-02-01,7,4,0,4.4,High
R00831,C004,2026-03-01,8,3,0,4.0,High
R00831,C004,2026-04-01,9,5,2,5.0,High
R00831,C004,2026-05-01,6,2,1,3.2,Medium
R00831,C004,2026-06-01,7,2,0,4.3,High
R00832,C004,2026-01-01,3,1,1,3.6,Low
R00832,C004,2026-02-01,2,1,1,3.7,Low
R00832,C004,2026-03-01,1,0,2,3.6,Low
R00832,C004,2026-04-01,1,1,1,3.8,Low
R00832,C004,2026-05-01,1,0,2,3.1,Low
R00832,C004,2026-06-01,0,0,0,2.8,Low
R00833,C004,2026-01-01,2,2,2,3.8,Low
R00833,C004,2026-02-01,2,2,0,3.6,Low
R00833,C004,2026-03-01,3,4,1,3.3,Low
R00833,C004,2026-04-01,2,1,1,3.9,Low
R00833,C004,2026-05-01,2,1,2,3.3,Low
R00833,C004,2026-06-01,3,4,0,4.2,Low
R00834,C004,2026-01-01,0,0,0,3.3,Low
R00834,C004,2026-02-01,2,3,1,3.8,Low
R00834,C004,2026-03-01,0,1,2,3.3,Low
R00834,C004,2026-04-01,0,0,1,3.9,Low
R00834,C004,2026-05-01,0,0,0,3.2,Low
R00834,C004,2026-06-01,0,0,1,2.5,Low
R00835,C004,2026-01-01,4,3,0,3.7,Medium
R00835,C004,2026-02-01,2,0,1,2.5,Low
R00835,C004,2026-03-01,2,2,0,1.9,Low
R00835,C004,2026-04-01,2,0,1,3.5,Low
R00835,C004,2026-05-01,2,1,2,3.4,Low
R00835,C004,2026-06-01,2,2,1,2.8,Low
R00836,C004,2026-01-01,3,3,0,4.3,Low
R00836,C004,2026-02-01,4,5,1,3.5,Medium
R00836,C004,2026-03-01,4,5,2,3.5,Medium
R00836,C004,2026-04-01,4,3,0,4.5,Medium
R00836,C004,2026-05-01,3,3,1,3.4,Low
R00836,C004,2026-06-01,4,5,1,4.4,Medium
R00837,C004,2026-01-01,3,4,1,3.9,Low
R00837,C004,2026-02-01,2,1,1,3.5,Low
R00837,C004,2026-03-01,1,0,1,3.4,Low
R00837,C004,2026-04-01,1,1,0,3.4,Low
R00837,C004,2026-05-01,0,1,2,3.4,Low
R00837,C004,2026-06-01,1,0,1,3.3,Low
R00838,C004,2026-01-01,2,3,2,3.0,Low
R00838,C004,2026-02-01,0,0,2,2.9,Low
R00838,C004,2026-03-01,0,0,2,2.2,Low
R00838,C004,2026-04-01,1,0,0,3.5,Low
R00838,C004,2026-05-01,0,0,1,2.9,Low
R00838,C004,2026-06-01,1,0,0,3.0,Low
R00839,C004,2026-01-01,1,0,3,2.6,Low
R00839,C004,2026-02-01,1,0,1,2.4,Low
R00839,C004,2026-03-01,3,1,1,3.4,Low
R00839,C004,2026-04-01,3,1,1,2.6,Low
R00839,C004,2026-05-01,1,0,1,2.7,Low
R00839,C004,2026-06-01,4,2,2,3.5,Medium
R00840,C005,2026-01-01,3,3,2,3.6,Low
R00840,C005,2026-02-01,3,4,3,3.5,Low
R00840,C005,2026-03-01,4,3,1,3.3,Medium
R00840,C005,2026-04-01,4,4,1,4.7,Medium
R00840,C005,2026-05-01,2,2,4,3.6,Low
R00840,C005,2026-06-01,3,1,2,3.9,Low
R00841,C005,2026-01-01,1,1,0,3.6,Low
R00841,C005,2026-02-01,2,0,1,3.5,Low
R00841,C005,2026-03-01,1,0,1,4.0,Low
R00841,C005,2026-04-01,1,0,0,3.6,Low
R00841,C005,2026-05-01,2,0,5,2.4,Low
R00841,C005,2026-06-01,1,2,3,3.5,Low
R00842,C005,2026-01-01,1,2,2,2.6,Low
R00842,C005,2026-02-01,2,2,0,3.4,Low
R00842,C005,2026-03-01,1,0,0,2.5,Low
R00842,C005,2026-04-01,3,3,2,4.3,Low
R00842,C005,2026-05-01,2,2,2,2.7,Low
R00842,C005,2026-06-01,1,0,1,2.8,Low
R00843,C005,2026-01-01,7,4,2,4.5,High
R00843,C005,2026-02-01,7,4,1,4.5,High
R00843,C005,2026-03-01,7,2,1,5.0,High
R00843,C005,2026-04-01,7,2,0,4.0,High
R00843,C005,2026-05-01,6,3,2,4.4,Medium
R00843,C005,2026-06-01,7,4,1,4.2,High
R00844,C005,2026-01-01,2,0,3,3.9,Low
R00844,C005,2026-02-01,0,1,1,3.0,Low
R00844,C005,2026-03-01,3,2,2,3.9,Low
R00844,C005,2026-04-01,2,1,1,3.5,Low
R00844,C005,2026-05-01,0,0,0,3.3,Low
R00844,C005,2026-06-01,2,1,1,3.8,Low
R00845,C005,2026-01-01,8,3,0,4.7,High
R00845,C005,2026-02-01,6,3,3,4.4,Medium
R00845,C005,2026-03-01,7,3,0,4.3,High
R00845,C005,2026-04-01,6,5,2,3.6,Medium
R00845,C005,2026-05-01,8,3,0,4.7,High
R00845,C005,2026-06-01,9,1,1,4.6,High
R00846,C005,2026-01-01,0,0,0,2.8,Low
R00846,C005,2026-02-01,0,0,1,2.9,Low
R00846,C005,2026-03-01,0,0,1,2.9,Low
R00846,C005,2026-04-01,0,0,2,2.5,Low
R00846,C005,2026-05-01,1,0,1,2.6,Low
R00846,C005,2026-06-01,0,0,0,2.8,Low
R00847,C005,2026-01-01,3,1,1,4.6,Low
R00847,C005,2026-02-01,6,4,2,3.5,Medium
R00847,C005,2026-03-01,3,1,1,3.3,Low
R00847,C005,2026-04-01,4,4,1,3.8,Medium
R00847,C005,2026-05-01,3,5,2,4.9,Low
R00847,C005,2026-06-01,5,1,2,5.0,Medium
R00848,C005,2026-01-01,5,4,2,4.4,Medium
R00848,C005,2026-02-01,2,1,0,3.2,Low
R00848,C005,2026-03-01,2,3,1,3.2,Low
R00848,C005,2026-04-01,2,1,1,3.3,Low
R00848,C005,2026-05-01,3,3,3,3.4,Low
R00848,C005,2026-06-01,3,1,0,3.8,Low
R00849,C005,2026-01-01,3,3,0,3.7,Low
R00849,C005,2026-02-01,0,0,1,2.6,Low
R00849,C005,2026-03-01,2,0,1,2.3,Low
R00849,C005,2026-04-01,1,0,3,3.9,Low
R00849,C005,2026-05-01,1,0,1,3.4,Low
R00849,C005,2026-06-01,2,2,2,4.5,Low
R00850,C005,2026-01-01,6,2,3,3.6,Medium
R00850,C005,2026-02-01,7,1,1,5.0,High
R00850,C005,2026-03-01,8,2,2,3.7,High
R00850,C005,2026-04-01,5,3,1,4.1,Medium
R00850,C005,2026-05-01,7,2,1,4.2,High
R00850,C005,2026-06-01,8,3,5,3.7,High
R00851,C005,2026-01-01,1,1,3,1.5,Low
R00851,C005,2026-02-01,2,1,5,3.9,Low
R00851,C005,2026-03-01,2,2,1,3.1,Low
R00851,C005,2026-04-01,5,5,1,4.6,Medium
R00851,C005,2026-05-01,3,4,2,4.6,Low
R00851,C005,2026-06-01,3,2,1,3.2,Low
R00852,C005,2026-01-01,8,2,2,5.0,High
R00852,C005,2026-02-01,9,3,2,3.9,High
R00852,C005,2026-03-01,7,3,2,3.7,High
R00852,C005,2026-04-01,7,2,1,3.9,High
R00852,C005,2026-05-01,10,3,8,3.6,High
R00852,C005,2026-06-01,5,5,2,4.3,Medium
R00853,C005,2026-01-01,2,1,0,2.5,Low
R00853,C005,2026-02-01,5,2,1,3.9,Medium
R00853,C005,2026-03-01,2,1,1,3.7,Low
R00853,C005,2026-04-01,4,4,0,4.4,Medium
R00853,C005,2026-05-01,3,3,1,3.0,Low
R00853,C005,2026-06-01,1,0,2,3.4,Low
R00854,C005,2026-01-01,3,4,1,2.4,Low
R00854,C005,2026-02-01,2,2,2,3.3,Low
R00854,C005,2026-03-01,0,1,1,3.1,Low
R00854,C005,2026-04-01,1,1,2,2.7,Low
R00854,C005,2026-05-01,2,0,0,3.4,Low
R00854,C005,2026-06-01,2,0,0,3.5,Low
R00855,C005,2026-01-01,2,3,0,3.9,Low
R00855,C005,2026-02-01,2,1,2,3.3,Low
R00855,C005,2026-03-01,0,1,1,4.1,Low
R00855,C005,2026-04-01,1,0,0,3.5,Low
R00855,C005,2026-05-01,1,0,0,2.8,Low
R00855,C005,2026-06-01,2,2,0,4.0,Low
R00856,C005,2026-01-01,5,5,3,3.7,Medium
R00856,C005,2026-02-01,5,2,4,3.1,Medium
R00856,C005,2026-03-01,5,3,0,5.0,Medium
R00856,C005,2026-04-01,5,3,1,3.9,Medium
R00856,C005,2026-05-01,5,3,2,3.4,Medium
R00856,C005,2026-06-01,5,4,2,4.4,Medium
R00857,C005,2026-01-01,7,3,1,4.5,High
R00857,C005,2026-02-01,7,2,3,3.6,High
R00857,C005,2026-03-01,7,3,2,4.9,High
R00857,C005,2026-04-01,7,4,2,4.5,High
R00857,C005,2026-05-01,6,2,2,3.7,Medium
R00857,C005,2026-06-01,6,2,3,3.5,Medium
R00858,C005,2026-01-01,6,3,1,3.5,Medium
R00858,C005,2026-02-01,6,3,0,4.1,Medium
R00858,C005,2026-03-01,6,2,2,4.3,Medium
R00858,C005,2026-04-01,4,3,2,4.9,Medium
R00858,C005,2026-05-01,5,3,2,4.3,Medium
R00858,C005,2026-06-01,7,3,3,4.8,High
R00859,C005,2026-01-01,5,4,2,3.3,Medium
R00859,C005,2026-02-01,6,4,1,4.8,Medium
R00859,C005,2026-03-01,6,3,1,4.2,Medium
R00859,C005,2026-04-01,5,2,0,4.4,Medium
R00859,C005,2026-05-01,6,5,1,4.5,Medium
R00859,C005,2026-06-01,7,4,0,5.0,High
R00860,C005,2026-01-01,2,1,2,3.5,Low
R00860,C005,2026-02-01,1,1,0,3.8,Low
R00860,C005,2026-03-01,1,1,2,3.2,Low
R00860,C005,2026-04-01,2,1,0,2.9,Low
R00860,C005,2026-05-01,2,3,1,3.2,Low
R00860,C005,2026-06-01,2,0,0,3.7,Low
R00861,C005,2026-01-01,4,2,2,3.9,Medium
R00861,C005,2026-02-01,5,3,0,4.3,Medium
R00861,C005,2026-03-01,5,2,1,4.3,Medium
R00861,C005,2026-04-01,3,3,0,3.5,Low
R00861,C005,2026-05-01,4,3,0,3.2,Medium
R00861,C005,2026-06-01,5,5,1,4.4,Medium
R00862,C005,2026-01-01,6,3,1,4.2,Medium
R00862,C005,2026-02-01,4,5,1,4.3,Medium
R00862,C005,2026-03-01,2,4,3,3.1,Low
R00862,C005,2026-04-01,4,3,0,4.1,Medium
R00862,C005,2026-05-01,7,3,4,3.5,High
R00862,C005,2026-06-01,5,4,2,3.6,Medium
R00863,C005,2026-01-01,2,0,2,3.2,Low
R00863,C005,2026-02-01,1,3,0,2.8,Low
R00863,C005,2026-03-01,2,2,2,3.6,Low
R00863,C005,2026-04-01,4,3,2,4.9,Medium
R00863,C005,2026-05-01,3,2,0,4.0,Low
R00863,C005,2026-06-01,2,2,5,2.6,Low
R00864,C005,2026-01-01,6,5,1,4.4,Medium
R00864,C005,2026-02-01,4,2,0,4.4,Medium
R00864,C005,2026-03-01,5,1,4,4.1,Medium
R00864,C005,2026-04-01,5,5,1,3.7,Medium
R00864,C005,2026-05-01,6,3,0,4.4,Medium
R00864,C005,2026-06-01,5,3,0,4.3,Medium
R00865,C005,2026-01-01,4,4,1,3.7,Medium
R00865,C005,2026-02-01,5,3,1,3.9,Medium
R00865,C005,2026-03-01,4,3,2,3.8,Medium
R00865,C005,2026-04-01,4,5,2,4.2,Medium
R00865,C005,2026-05-01,4,4,2,4.6,Medium
R00865,C005,2026-06-01,5,4,1,4.8,Medium
R00866,C005,2026-01-01,2,0,1,3.1,Low
R00866,C005,2026-02-01,2,2,1,3.1,Low
R00866,C005,2026-03-01,2,2,1,2.6,Low
R00866,C005,2026-04-01,1,3,0,4.1,Low
R00866,C005,2026-05-01,2,3,0,4.3,Low
R00866,C005,2026-06-01,3,3,3,3.3,Low
R00867,C005,2026-01-01,2,1,0,2.2,Low
R00867,C005,2026-02-01,1,0,0,3.7,Low
R00867,C005,2026-03-01,2,2,2,3.0,Low
R00867,C005,2026-04-01,3,2,0,3.3,Low
R00867,C005,2026-05-01,0,0,1,3.2,Low
R00867,C005,2026-06-01,3,4,2,4.2,Low
R00868,C005,2026-01-01,3,2,0,3.1,Low
R00868,C005,2026-02-01,3,3,1,3.7,Low
R00868,C005,2026-03-01,3,2,3,2.6,Low
R00868,C005,2026-04-01,4,4,0,3.6,Medium
R00868,C005,2026-05-01,5,3,3,3.4,Medium
R00868,C005,2026-06-01,2,1,0,3.7,Low
R00869,C005,2026-01-01,5,4,1,3.3,Medium
R00869,C005,2026-02-01,5,3,1,4.0,Medium
R00869,C005,2026-03-01,7,3,1,5.0,High
R00869,C005,2026-04-01,6,3,0,4.6,Medium
R00869,C005,2026-05-01,4,3,0,4.2,Medium
R00869,C005,2026-06-01,5,1,2,4.2,Medium
R00870,C005,2026-01-01,1,0,1,2.3,Low
R00870,C005,2026-02-01,3,3,3,3.4,Low
R00870,C005,2026-03-01,2,0,0,3.5,Low
R00870,C005,2026-04-01,1,0,1,2.8,Low
R00870,C005,2026-05-01,2,2,0,4.0,Low
R00870,C005,2026-06-01,1,0,1,3.4,Low
R00871,C005,2026-01-01,2,1,1,3.7,Low
R00871,C005,2026-02-01,1,1,1,3.6,Low
R00871,C005,2026-03-01,2,1,2,3.4,Low
R00871,C005,2026-04-01,3,3,0,2.7,Low
R00871,C005,2026-05-01,4,2,1,3.5,Medium
R00871,C005,2026-06-01,4,5,2,3.9,Medium
R00872,C005,2026-01-01,5,4,1,4.5,Medium
R00872,C005,2026-02-01,3,3,2,3.1,Low
R00872,C005,2026-03-01,3,2,2,3.5,Low
R00872,C005,2026-04-01,2,0,1,3.0,Low
R00872,C005,2026-05-01,5,4,2,3.3,Medium
R00872,C005,2026-06-01,4,4,1,3.4,Medium
R00873,C005,2026-01-01,0,0,0,3.8,Low
R00873,C005,2026-02-01,2,2,0,3.9,Low
R00873,C005,2026-03-01,1,1,2,3.4,Low
R00873,C005,2026-04-01,0,0,0,2.5,Low
R00873,C005,2026-05-01,3,3,0,3.6,Low
R00873,C005,2026-06-01,2,2,1,4.3,Low
R00874,C005,2026-01-01,3,3,2,2.9,Low
R00874,C005,2026-02-01,0,0,5,2.8,Low
R00874,C005,2026-03-01,0,0,0,3.6,Low
R00874,C005,2026-04-01,0,0,1,3.4,Low
R00874,C005,2026-05-01,1,1,1,3.1,Low
R00874,C005,2026-06-01,1,0,4,1.6,Low
R00875,C005,2026-01-01,5,3,3,3.3,Medium
R00875,C005,2026-02-01,6,4,0,3.7,Medium
R00875,C005,2026-03-01,6,5,0,4.2,Medium
R00875,C005,2026-04-01,5,3,2,3.6,Medium
R00875,C005,2026-05-01,5,3,0,3.6,Medium
R00875,C005,2026-06-01,6,3,1,3.8,Medium
R00876,C005,2026-01-01,3,3,1,3.7,Low
R00876,C005,2026-02-01,1,0,2,3.3,Low
R00876,C005,2026-03-01,1,1,1,2.7,Low
R00876,C005,2026-04-01,2,0,1,3.6,Low
R00876,C005,2026-05-01,1,0,0,3.6,Low
R00876,C005,2026-06-01,2,2,1,3.5,Low
R00877,C005,2026-01-01,2,1,0,3.2,Low
R00877,C005,2026-02-01,1,1,2,3.9,Low
R00877,C005,2026-03-01,1,2,2,3.6,Low
R00877,C005,2026-04-01,1,0,0,3.7,Low
R00877,C005,2026-05-01,2,0,2,3.9,Low
R00877,C005,2026-06-01,1,2,2,3.3,Low
R00878,C005,2026-01-01,6,2,1,4.1,Medium
R00878,C005,2026-02-01,8,4,0,4.9,High
R00878,C005,2026-03-01,7,4,1,4.4,High
R00878,C005,2026-04-01,8,2,3,3.8,High
R00878,C005,2026-05-01,5,4,0,5.0,Medium
R00878,C005,2026-06-01,6,4,1,4.7,Medium
R00879,C005,2026-01-01,8,2,2,3.7,High
R00879,C005,2026-02-01,8,2,2,4.5,High
R00879,C005,2026-03-01,6,3,1,4.6,Medium
R00879,C005,2026-04-01,7,2,0,5.0,High
R00879,C005,2026-05-01,8,3,2,4.4,High
R00879,C005,2026-06-01,8,1,1,4.1,High
R00880,C005,2026-01-01,6,3,2,3.7,Medium
R00880,C005,2026-02-01,6,4,1,4.8,Medium
R00880,C005,2026-03-01,5,4,0,4.5,Medium
R00880,C005,2026-04-01,5,3,2,4.2,Medium
R00880,C005,2026-05-01,6,4,2,4.1,Medium
R00880,C005,2026-06-01,4,3,2,3.8,Medium
R00881,C005,2026-01-01,3,0,1,3.7,Low
R00881,C005,2026-02-01,2,0,4,3.1,Low
R00881,C005,2026-03-01,5,4,0,2.7,Medium
R00881,C005,2026-04-01,3,2,2,2.8,Low
R00881,C005,2026-05-01,2,2,3,4.0,Low
R00881,C005,2026-06-01,1,1,5,3.2,Low
R00882,C005,2026-01-01,4,3,0,3.6,Medium
R00882,C005,2026-02-01,2,2,1,4.3,Low
R00882,C005,2026-03-01,3,3,0,3.3,Low
R00882,C005,2026-04-01,3,1,0,3.1,Low
R00882,C005,2026-05-01,3,4,2,4.9,Low
R00882,C005,2026-06-01,4,3,3,3.7,Medium
R00883,C005,2026-01-01,4,3,1,3.8,Medium
R00883,C005,2026-02-01,2,0,3,2.5,Low
R00883,C005,2026-03-01,4,5,1,4.1,Medium
R00883,C005,2026-04-01,3,3,3,4.1,Low
R00883,C005,2026-05-01,4,5,1,3.4,Medium
R00883,C005,2026-06-01,5,4,0,4.4,Medium
R00884,C005,2026-01-01,7,4,1,4.2,High
R00884,C005,2026-02-01,5,3,1,4.4,Medium
R00884,C005,2026-03-01,6,3,2,4.7,Medium
R00884,C005,2026-04-01,5,4,1,4.0,Medium
R00884,C005,2026-05-01,4,4,0,3.8,Medium
R00884,C005,2026-06-01,5,3,0,3.7,Medium
R00885,C005,2026-01-01,3,2,0,4.4,Low
R00885,C005,2026-02-01,4,4,1,4.0,Medium
R00885,C005,2026-03-01,4,4,1,3.8,Medium
R00885,C005,2026-04-01,4,2,1,3.4,Medium
R00885,C005,2026-05-01,4,3,1,4.2,Medium
R00885,C005,2026-06-01,4,3,1,3.5,Medium
R00886,C005,2026-01-01,5,3,1,3.4,Medium
R00886,C005,2026-02-01,6,4,1,4.0,Medium
R00886,C005,2026-03-01,5,3,4,3.1,Medium
R00886,C005,2026-04-01,5,2,2,4.2,Medium
R00886,C005,2026-05-01,5,3,1,2.9,Medium
R00886,C005,2026-06-01,6,2,3,4.0,Medium
R00887,C005,2026-01-01,4,2,2,3.4,Medium
R00887,C005,2026-02-01,4,2,1,3.2,Medium
R00887,C005,2026-03-01,5,3,1,3.4,Medium
R00887,C005,2026-04-01,6,4,2,4.7,Medium
R00887,C005,2026-05-01,3,2,3,3.3,Low
R00887,C005,2026-06-01,3,4,0,4.1,Low
R00888,C005,2026-01-01,2,0,0,3.1,Low
R00888,C005,2026-02-01,4,3,2,3.3,Medium
R00888,C005,2026-03-01,5,3,1,3.5,Medium
R00888,C005,2026-04-01,6,4,1,4.1,Medium
R00888,C005,2026-05-01,6,3,0,5.0,Medium
R00888,C005,2026-06-01,5,3,0,4.1,Medium
R00889,C005,2026-01-01,6,2,2,3.7,Medium
R00889,C005,2026-02-01,5,3,1,3.7,Medium
R00889,C005,2026-03-01,5,3,0,3.3,Medium
R00889,C005,2026-04-01,3,3,1,3.6,Low
R00889,C005,2026-05-01,3,2,1,4.0,Low
R00889,C005,2026-06-01,2,2,2,2.1,Low
R00890,C005,2026-01-01,1,0,1,3.5,Low
R00890,C005,2026-02-01,1,1,1,2.5,Low
R00890,C005,2026-03-01,0,0,0,2.6,Low
R00890,C005,2026-04-01,0,0,0,3.7,Low
R00890,C005,2026-05-01,1,0,0,3.2,Low
R00890,C005,2026-06-01,1,0,0,4.3,Low
R00891,C005,2026-01-01,2,0,1,3.8,Low
R00891,C005,2026-02-01,3,4,0,3.7,Low
R00891,C005,2026-03-01,2,1,1,3.0,Low
R00891,C005,2026-04-01,4,4,2,4.4,Medium
R00891,C005,2026-05-01,5,3,2,4.3,Medium
R00891,C005,2026-06-01,4,3,4,4.1,Medium
R00892,C005,2026-01-01,4,3,0,4.3,Medium
R00892,C005,2026-02-01,5,4,3,3.4,Medium
R00892,C005,2026-03-01,4,4,5,3.2,Medium
R00892,C005,2026-04-01,5,4,2,3.9,Medium
R00892,C005,2026-05-01,3,3,1,4.2,Low
R00892,C005,2026-06-01,5,2,1,4.3,Medium
R00893,C005,2026-01-01,1,1,2,4.2,Low
R00893,C005,2026-02-01,1,0,2,2.9,Low
R00893,C005,2026-03-01,3,1,1,3.2,Low
R00893,C005,2026-04-01,3,4,1,3.2,Low
R00893,C005,2026-05-01,2,1,2,2.9,Low
R00893,C005,2026-06-01,3,1,0,3.7,Low
R00894,C005,2026-01-01,4,2,3,3.0,Medium
R00894,C005,2026-02-01,5,2,0,4.5,Medium
R00894,C005,2026-03-01,3,2,4,5.0,Low
R00894,C005,2026-04-01,2,1,0,4.0,Low
R00894,C005,2026-05-01,3,3,1,4.3,Low
R00894,C005,2026-06-01,3,2,3,3.1,Low
R00895,C005,2026-01-01,4,3,0,3.9,Medium
R00895,C005,2026-02-01,3,1,0,3.5,Low
R00895,C005,2026-03-01,3,2,1,2.8,Low
R00895,C005,2026-04-01,3,4,2,4.1,Low
R00895,C005,2026-05-01,3,3,2,4.1,Low
R00895,C005,2026-06-01,3,4,0,3.9,Low
R00896,C005,2026-01-01,3,3,1,3.8,Low
R00896,C005,2026-02-01,1,0,2,3.1,Low
R00896,C005,2026-03-01,3,3,0,3.2,Low
R00896,C005,2026-04-01,2,2,1,3.6,Low
R00896,C005,2026-05-01,0,0,0,3.0,Low
R00896,C005,2026-06-01,2,2,1,3.0,Low
R00897,C005,2026-01-01,2,2,0,3.9,Low
R00897,C005,2026-02-01,4,4,0,4.1,Medium
R00897,C005,2026-03-01,3,3,0,2.6,Low
R00897,C005,2026-04-01,4,4,2,3.9,Medium
R00897,C005,2026-05-01,4,2,1,3.2,Medium
R00897,C005,2026-06-01,3,2,1,3.6,Low
R00898,C005,2026-01-01,3,1,2,3.5,Low
R00898,C005,2026-02-01,1,1,1,2.9,Low
R00898,C005,2026-03-01,2,0,3,3.7,Low
R00898,C005,2026-04-01,2,2,0,3.5,Low
R00898,C005,2026-05-01,4,2,3,3.7,Medium
R00898,C005,2026-06-01,3,3,2,3.3,Low
R00899,C005,2026-01-01,5,5,0,4.1,Medium
R00899,C005,2026-02-01,5,4,1,4.3,Medium
R00899,C005,2026-03-01,6,5,2,4.4,Medium
R00899,C005,2026-04-01,5,4,2,4.8,Medium
R00899,C005,2026-05-01,7,2,1,3.9,High
R00899,C005,2026-06-01,4,4,3,3.1,Medium
R00900,C005,2026-01-01,1,2,0,3.8,Low
R00900,C005,2026-02-01,0,1,0,4.0,Low
R00900,C005,2026-03-01,2,2,3,2.4,Low
R00900,C005,2026-04-01,0,0,4,3.4,Low
R00900,C005,2026-05-01,1,0,0,3.7,Low
R00900,C005,2026-06-01,3,1,1,4.0,Low
R00901,C005,2026-01-01,2,1,0,4.3,Low
R00901,C005,2026-02-01,3,4,1,4.4,Low
R00901,C005,2026-03-01,2,3,0,3.2,Low
R00901,C005,2026-04-01,1,1,2,2.5,Low
R00901,C005,2026-05-01,3,3,1,3.1,Low
R00901,C005,2026-06-01,3,2,1,3.5,Low
R00902,C005,2026-01-01,6,4,0,4.1,Medium
R00902,C005,2026-02-01,5,2,0,3.5,Medium
R00902,C005,2026-03-01,4,4,0,4.1,Medium
R00902,C005,2026-04-01,5,4,2,4.2,Medium
R00902,C005,2026-05-01,5,5,4,3.5,Medium
R00902,C005,2026-06-01,4,3,2,4.7,Medium
R00903,C005,2026-01-01,4,3,2,3.8,Medium
R00903,C005,2026-02-01,3,2,2,2.4,Low
R00903,C005,2026-03-01,4,3,1,4.1,Medium
R00903,C005,2026-04-01,3,3,0,3.5,Low
R00903,C005,2026-05-01,3,2,1,3.5,Low
R00903,C005,2026-06-01,3,4,2,4.0,Low
R00904,C005,2026-01-01,10,5,2,4.5,High
R00904,C005,2026-02-01,10,4,3,5.0,High
R00904,C005,2026-03-01,6,5,1,3.2,Medium
R00904,C005,2026-04-01,9,5,0,5.0,High
R00904,C005,2026-05-01,7,2,1,4.4,High
R00904,C005,2026-06-01,7,4,3,3.7,High
R00905,C005,2026-01-01,4,4,0,3.5,Medium
R00905,C005,2026-02-01,2,1,0,4.2,Low
R00905,C005,2026-03-01,3,3,0,2.8,Low
R00905,C005,2026-04-01,2,1,1,3.3,Low
R00905,C005,2026-05-01,5,2,0,3.4,Medium
R00905,C005,2026-06-01,2,2,2,3.7,Low
R00906,C005,2026-01-01,4,4,1,4.9,Medium
R00906,C005,2026-02-01,5,3,3,4.3,Medium
R00906,C005,2026-03-01,4,4,2,4.0,Medium
R00906,C005,2026-04-01,5,2,3,3.2,Medium
R00906,C005,2026-05-01,6,4,4,3.4,Medium
R00906,C005,2026-06-01,8,0,1,4.1,High
R00907,C005,2026-01-01,2,1,1,3.2,Low
R00907,C005,2026-02-01,3,3,0,3.6,Low
R00907,C005,2026-03-01,4,5,2,4.8,Medium
R00907,C005,2026-04-01,2,2,0,3.8,Low
R00907,C005,2026-05-01,3,1,3,3.1,Low
R00907,C005,2026-06-01,4,2,1,4.5,Medium
R00908,C005,2026-01-01,3,4,2,3.5,Low
R00908,C005,2026-02-01,4,4,0,3.5,Medium
R00908,C005,2026-03-01,3,2,2,3.8,Low
R00908,C005,2026-04-01,3,3,1,4.1,Low
R00908,C005,2026-05-01,4,5,1,5.0,Medium
R00908,C005,2026-06-01,4,3,0,3.8,Medium
R00909,C005,2026-01-01,2,2,4,3.0,Low
R00909,C005,2026-02-01,0,0,2,3.1,Low
R00909,C005,2026-03-01,1,1,1,2.8,Low
R00909,C005,2026-04-01,1,1,2,3.3,Low
R00909,C005,2026-05-01,2,1,0,2.6,Low
R00909,C005,2026-06-01,1,0,1,3.3,Low
R00910,C005,2026-01-01,7,4,0,4.9,High
R00910,C005,2026-02-01,5,1,1,4.1,Medium
R00910,C005,2026-03-01,4,5,0,4.2,Medium
R00910,C005,2026-04-01,4,4,2,3.5,Medium
R00910,C005,2026-05-01,5,2,3,3.8,Medium
R00910,C005,2026-06-01,7,3,1,3.2,High
R00911,C005,2026-01-01,1,1,0,3.8,Low
R00911,C005,2026-02-01,0,0,1,3.0,Low
R00911,C005,2026-03-01,0,0,2,2.8,Low
R00911,C005,2026-04-01,0,0,2,4.1,Low
R00911,C005,2026-05-01,0,0,4,2.6,Low
R00911,C005,2026-06-01,1,1,2,3.1,Low
R00912,C005,2026-01-01,5,3,0,5.0,Medium
R00912,C005,2026-02-01,5,3,1,4.7,Medium
R00912,C005,2026-03-01,5,4,3,4.0,Medium
R00912,C005,2026-04-01,3,3,2,4.1,Low
R00912,C005,2026-05-01,2,2,1,3.5,Low
R00912,C005,2026-06-01,5,2,1,3.9,Medium
R00913,C005,2026-01-01,4,2,3,3.2,Medium
R00913,C005,2026-02-01,2,2,1,4.7,Low
R00913,C005,2026-03-01,1,0,1,3.0,Low
R00913,C005,2026-04-01,3,2,0,3.8,Low
R00913,C005,2026-05-01,2,1,1,3.4,Low
R00913,C005,2026-06-01,2,3,0,4.0,Low
R00914,C005,2026-01-01,2,1,3,3.8,Low
R00914,C005,2026-02-01,4,3,0,3.5,Medium
R00914,C005,2026-03-01,3,2,1,4.2,Low
R00914,C005,2026-04-01,2,3,4,3.3,Low
R00914,C005,2026-05-01,4,4,1,4.0,Medium
R00914,C005,2026-06-01,4,3,1,3.9,Medium
R00915,C005,2026-01-01,3,0,2,4.7,Low
R00915,C005,2026-02-01,4,3,1,4.2,Medium
R00915,C005,2026-03-01,5,4,0,4.2,Medium
R00915,C005,2026-04-01,5,4,0,4.4,Medium
R00915,C005,2026-05-01,4,3,1,5.0,Medium
R00915,C005,2026-06-01,3,1,2,3.9,Low
R00916,C005,2026-01-01,3,2,1,3.9,Low
R00916,C005,2026-02-01,5,3,2,3.7,Medium
R00916,C005,2026-03-01,4,2,0,3.9,Medium
R00916,C005,2026-04-01,7,3,1,4.9,High
R00916,C005,2026-05-01,5,4,0,3.9,Medium
R00916,C005,2026-06-01,4,4,2,3.5,Medium
R00917,C005,2026-01-01,9,5,1,4.8,High
R00917,C005,2026-02-01,8,3,3,4.4,High
R00917,C005,2026-03-01,8,4,0,4.4,High
R00917,C005,2026-04-01,6,5,0,4.7,Medium
R00917,C005,2026-05-01,8,4,3,4.4,High
R00917,C005,2026-06-01,7,4,2,4.6,High
R00918,C005,2026-01-01,5,4,1,4.0,Medium
R00918,C005,2026-02-01,5,2,0,3.1,Medium
R00918,C005,2026-03-01,6,4,0,4.4,Medium
R00918,C005,2026-04-01,5,3,1,4.2,Medium
R00918,C005,2026-05-01,5,3,0,4.1,Medium
R00918,C005,2026-06-01,6,3,1,4.7,Medium
R00919,C005,2026-01-01,7,1,0,4.4,High
R00919,C005,2026-02-01,4,3,1,2.7,Medium
R00919,C005,2026-03-01,6,3,0,3.8,Medium
R00919,C005,2026-04-01,7,3,0,5.0,High
R00919,C005,2026-05-01,5,2,1,3.9,Medium
R00919,C005,2026-06-01,6,5,1,3.9,Medium
R00920,C005,2026-01-01,2,1,0,4.3,Low
R00920,C005,2026-02-01,1,1,4,3.8,Low
R00920,C005,2026-03-01,3,1,1,3.1,Low
R00920,C005,2026-04-01,1,0,4,2.9,Low
R00920,C005,2026-05-01,2,2,1,3.3,Low
R00920,C005,2026-06-01,1,0,2,3.0,Low
R00921,C005,2026-01-01,4,4,0,3.0,Medium
R00921,C005,2026-02-01,2,2,1,3.3,Low
R00921,C005,2026-03-01,3,4,0,3.8,Low
R00921,C005,2026-04-01,2,2,2,2.6,Low
R00921,C005,2026-05-01,4,4,2,3.1,Medium
R00921,C005,2026-06-01,1,1,1,2.9,Low
R00922,C005,2026-01-01,8,1,2,3.6,High
R00922,C005,2026-02-01,8,4,0,4.3,High
R00922,C005,2026-03-01,8,4,0,5.0,High
R00922,C005,2026-04-01,11,4,1,5.0,High
R00922,C005,2026-05-01,8,2,1,4.2,High
R00922,C005,2026-06-01,8,3,2,5.0,High
R00923,C005,2026-01-01,1,0,1,3.5,Low
R00923,C005,2026-02-01,2,1,2,3.8,Low
R00923,C005,2026-03-01,1,0,1,3.9,Low
R00923,C005,2026-04-01,2,1,1,2.8,Low
R00923,C005,2026-05-01,1,2,1,3.3,Low
R00923,C005,2026-06-01,1,0,0,3.4,Low
R00924,C005,2026-01-01,5,5,3,4.4,Medium
R00924,C005,2026-02-01,5,4,3,4.3,Medium
R00924,C005,2026-03-01,3,2,1,3.6,Low
R00924,C005,2026-04-01,5,3,0,3.3,Medium
R00924,C005,2026-05-01,6,3,1,4.8,Medium
R00924,C005,2026-06-01,7,3,0,5.0,High
R00925,C005,2026-01-01,2,1,3,2.9,Low
R00925,C005,2026-02-01,4,5,1,4.2,Medium
R00925,C005,2026-03-01,4,3,0,2.7,Medium
R00925,C005,2026-04-01,3,3,1,2.9,Low
R00925,C005,2026-05-01,3,2,3,3.7,Low
R00925,C005,2026-06-01,2,1,1,3.1,Low
R00926,C005,2026-01-01,7,4,0,4.3,High
R00926,C005,2026-02-01,6,3,0,4.6,Medium
R00926,C005,2026-03-01,7,4,0,4.2,High
R00926,C005,2026-04-01,8,4,0,5.0,High
R00926,C005,2026-05-01,7,4,1,4.7,High
R00926,C005,2026-06-01,6,3,2,3.7,Medium
R00927,C005,2026-01-01,7,5,0,4.7,High
R00927,C005,2026-02-01,9,4,1,5.0,High
R00927,C005,2026-03-01,8,3,0,5.0,High
R00927,C005,2026-04-01,9,3,1,4.6,High
R00927,C005,2026-05-01,7,3,2,4.6,High
R00927,C005,2026-06-01,10,5,1,4.6,High
R00928,C005,2026-01-01,2,1,3,3.4,Low
R00928,C005,2026-02-01,3,4,1,3.6,Low
R00928,C005,2026-03-01,2,2,1,4.6,Low
R00928,C005,2026-04-01,3,3,0,3.3,Low
R00928,C005,2026-05-01,2,2,0,4.1,Low
R00928,C005,2026-06-01,2,2,2,4.1,Low
R00929,C005,2026-01-01,1,1,3,2.7,Low
R00929,C005,2026-02-01,3,1,0,4.2,Low
R00929,C005,2026-03-01,2,2,0,3.4,Low
R00929,C005,2026-04-01,0,0,3,2.0,Low
R00929,C005,2026-05-01,0,1,1,3.1,Low
R00929,C005,2026-06-01,2,0,3,4.0,Low
R00930,C005,2026-01-01,3,4,1,4.4,Low
R00930,C005,2026-02-01,3,2,3,3.6,Low
R00930,C005,2026-03-01,3,2,2,3.8,Low
R00930,C005,2026-04-01,1,0,0,3.4,Low
R00930,C005,2026-05-01,2,1,5,3.5,Low
R00930,C005,2026-06-01,2,0,3,3.7,Low
R00931,C005,2026-01-01,3,4,3,3.3,Low
R00931,C005,2026-02-01,4,4,1,4.2,Medium
R00931,C005,2026-03-01,5,5,1,4.0,Medium
R00931,C005,2026-04-01,4,4,1,3.5,Medium
R00931,C005,2026-05-01,7,5,3,4.1,High
R00931,C005,2026-06-01,3,0,3,3.3,Low
R00932,C005,2026-01-01,4,1,0,2.6,Medium
R00932,C005,2026-02-01,3,3,2,3.8,Low
R00932,C005,2026-03-01,2,2,3,2.7,Low
R00932,C005,2026-04-01,4,3,0,3.0,Medium
R00932,C005,2026-05-01,3,3,0,3.0,Low
R00932,C005,2026-06-01,4,3,0,3.9,Medium
R00933,C005,2026-01-01,3,3,0,3.6,Low
R00933,C005,2026-02-01,2,1,2,3.9,Low
R00933,C005,2026-03-01,3,3,0,2.9,Low
R00933,C005,2026-04-01,3,4,0,4.6,Low
R00933,C005,2026-05-01,3,4,2,2.6,Low
R00933,C005,2026-06-01,3,2,0,4.0,Low
R00934,C005,2026-01-01,0,0,0,3.6,Low
R00934,C005,2026-02-01,0,1,0,3.0,Low
R00934,C005,2026-03-01,0,0,1,2.6,Low
R00934,C005,2026-04-01,1,0,1,3.2,Low
R00934,C005,2026-05-01,1,2,0,3.7,Low
R00934,C005,2026-06-01,0,0,1,3.6,Low
R00935,C005,2026-01-01,0,1,0,4.1,Low
R00935,C005,2026-02-01,2,3,2,3.0,Low
R00935,C005,2026-03-01,0,0,0,3.2,Low
R00935,C005,2026-04-01,1,1,1,2.5,Low
R00935,C005,2026-05-01,2,1,1,4.1,Low
R00935,C005,2026-06-01,0,0,0,4.1,Low
R00936,C005,2026-01-01,5,4,2,4.2,Medium
R00936,C005,2026-02-01,5,3,1,4.3,Medium
R00936,C005,2026-03-01,3,3,0,4.2,Low
R00936,C005,2026-04-01,5,4,2,3.7,Medium
R00936,C005,2026-05-01,5,2,3,4.3,Medium
R00936,C005,2026-06-01,5,4,0,4.7,Medium
R00937,C005,2026-01-01,6,2,1,4.3,Medium
R00937,C005,2026-02-01,6,3,0,3.9,Medium
R00937,C005,2026-03-01,4,4,2,4.2,Medium
R00937,C005,2026-04-01,4,4,2,2.6,Medium
R00937,C005,2026-05-01,5,4,0,3.5,Medium
R00937,C005,2026-06-01,6,2,0,4.6,Medium
R00938,C005,2026-01-01,4,4,0,3.8,Medium
R00938,C005,2026-02-01,4,4,0,3.4,Medium
R00938,C005,2026-03-01,3,2,1,2.9,Low
R00938,C005,2026-04-01,3,5,1,3.9,Low
R00938,C005,2026-05-01,5,3,1,3.6,Medium
R00938,C005,2026-06-01,4,4,1,3.3,Medium
R00939,C005,2026-01-01,3,2,0,3.5,Low
R00939,C005,2026-02-01,2,1,3,4.0,Low
R00939,C005,2026-03-01,4,2,1,3.3,Medium
R00939,C005,2026-04-01,3,5,2,4.1,Low
R00939,C005,2026-05-01,5,3,0,3.0,Medium
R00939,C005,2026-06-01,3,0,2,3.6,Low
R00940,C005,2026-01-01,4,3,1,3.8,Medium
R00940,C005,2026-02-01,3,4,3,3.7,Low
R00940,C005,2026-03-01,3,3,4,1.7,Low
R00940,C005,2026-04-01,4,2,3,3.8,Medium
R00940,C005,2026-05-01,5,3,2,4.1,Medium
R00940,C005,2026-06-01,3,3,1,4.6,Low
R00941,C005,2026-01-01,2,3,3,2.5,Low
R00941,C005,2026-02-01,1,1,1,2.8,Low
R00941,C005,2026-03-01,3,0,1,3.7,Low
R00941,C005,2026-04-01,1,1,1,3.1,Low
R00941,C005,2026-05-01,3,2,0,3.8,Low
R00941,C005,2026-06-01,0,1,2,2.0,Low
R00942,C005,2026-01-01,4,3,1,4.9,Medium
R00942,C005,2026-02-01,2,2,0,4.3,Low
R00942,C005,2026-03-01,4,3,1,3.9,Medium
R00942,C005,2026-04-01,2,0,3,3.4,Low
R00942,C005,2026-05-01,2,2,1,3.9,Low
R00942,C005,2026-06-01,3,2,1,3.6,Low
R00943,C005,2026-01-01,8,4,2,5.0,High
R00943,C005,2026-02-01,8,3,0,4.3,High
R00943,C005,2026-03-01,8,4,2,5.0,High
R00943,C005,2026-04-01,8,3,2,3.9,High
R00943,C005,2026-05-01,5,3,0,4.0,Medium
R00943,C005,2026-06-01,8,2,3,4.5,High
R00944,C005,2026-01-01,1,3,2,3.5,Low
R00944,C005,2026-02-01,2,2,3,3.3,Low
R00944,C005,2026-03-01,0,0,1,4.5,Low
R00944,C005,2026-04-01,0,2,1,3.5,Low
R00944,C005,2026-05-01,2,2,1,4.2,Low
R00944,C005,2026-06-01,2,3,0,3.3,Low
R00945,C005,2026-01-01,4,2,1,4.4,Medium
R00945,C005,2026-02-01,5,1,2,3.8,Medium
R00945,C005,2026-03-01,6,1,0,4.0,Medium
R00945,C005,2026-04-01,4,3,1,3.7,Medium
R00945,C005,2026-05-01,3,2,3,3.4,Low
R00945,C005,2026-06-01,5,3,1,3.8,Medium
R00946,C005,2026-01-01,7,3,2,3.4,High
R00946,C005,2026-02-01,5,3,0,4.8,Medium
R00946,C005,2026-03-01,6,5,0,4.5,Medium
R00946,C005,2026-04-01,8,5,2,4.4,High
R00946,C005,2026-05-01,8,5,2,5.0,High
R00946,C005,2026-06-01,5,2,1,3.2,Medium
R00947,C005,2026-01-01,2,0,1,4.2,Low
R00947,C005,2026-02-01,3,1,0,4.0,Low
R00947,C005,2026-03-01,4,4,2,4.3,Medium
R00947,C005,2026-04-01,3,3,0,4.6,Low
R00947,C005,2026-05-01,2,2,0,3.8,Low
R00947,C005,2026-06-01,4,4,2,3.5,Medium
R00948,C005,2026-01-01,4,4,1,3.6,Medium
R00948,C005,2026-02-01,3,3,3,3.6,Low
R00948,C005,2026-03-01,4,2,1,4.1,Medium
R00948,C005,2026-04-01,4,2,2,3.3,Medium
R00948,C005,2026-05-01,5,4,1,4.0,Medium
R00948,C005,2026-06-01,5,5,0,2.8,Medium
R00949,C005,2026-01-01,2,2,2,4.3,Low
R00949,C005,2026-02-01,3,2,1,3.3,Low
R00949,C005,2026-03-01,1,1,1,3.4,Low
R00949,C005,2026-04-01,1,0,4,3.8,Low
R00949,C005,2026-05-01,1,0,3,4.0,Low
R00949,C005,2026-06-01,2,2,0,4.1,Low
R00950,C005,2026-01-01,1,1,3,3.0,Low
R00950,C005,2026-02-01,2,3,0,4.5,Low
R00950,C005,2026-03-01,4,1,0,3.6,Medium
R00950,C005,2026-04-01,2,2,1,2.9,Low
R00950,C005,2026-05-01,0,0,2,2.6,Low
R00950,C005,2026-06-01,3,3,1,3.5,Low
R00951,C005,2026-01-01,4,4,2,2.7,Medium
R00951,C005,2026-02-01,5,3,1,3.8,Medium
R00951,C005,2026-03-01,2,1,0,4.4,Low
R00951,C005,2026-04-01,3,3,1,4.5,Low
R00951,C005,2026-05-01,3,4,1,4.0,Low
R00951,C005,2026-06-01,3,2,2,3.5,Low
R00952,C005,2026-01-01,3,4,1,4.3,Low
R00952,C005,2026-02-01,5,4,0,4.1,Medium
R00952,C005,2026-03-01,6,3,0,4.9,Medium
R00952,C005,2026-04-01,5,4,3,3.3,Medium
R00952,C005,2026-05-01,7,4,1,4.3,High
R00952,C005,2026-06-01,6,2,0,4.5,Medium
R00953,C005,2026-01-01,5,4,0,3.9,Medium
R00953,C005,2026-02-01,6,3,1,4.5,Medium
R00953,C005,2026-03-01,6,3,1,4.5,Medium
R00953,C005,2026-04-01,7,5,0,3.7,High
R00953,C005,2026-05-01,6,2,1,3.4,Medium
R00953,C005,2026-06-01,7,3,2,3.8,High
R00954,C005,2026-01-01,0,0,0,3.8,Low
R00954,C005,2026-02-01,0,0,2,3.3,Low
R00954,C005,2026-03-01,1,0,1,3.2,Low
R00954,C005,2026-04-01,3,2,0,4.1,Low
R00954,C005,2026-05-01,0,2,1,4.1,Low
R00954,C005,2026-06-01,1,1,1,2.9,Low
R00955,C005,2026-01-01,0,0,4,3.0,Low
R00955,C005,2026-02-01,0,0,0,3.0,Low
R00955,C005,2026-03-01,0,0,2,3.9,Low
R00955,C005,2026-04-01,0,0,1,3.0,Low
R00955,C005,2026-05-01,0,0,0,2.4,Low
R00955,C005,2026-06-01,1,0,1,3.8,Low
R00956,C005,2026-01-01,2,2,1,2.4,Low
R00956,C005,2026-02-01,1,1,2,4.1,Low
R00956,C005,2026-03-01,1,0,1,3.5,Low
R00956,C005,2026-04-01,1,0,1,3.2,Low
R00956,C005,2026-05-01,4,3,3,3.4,Medium
R00956,C005,2026-06-01,2,2,0,4.6,Low
R00957,C005,2026-01-01,5,5,0,3.9,Medium
R00957,C005,2026-02-01,6,5,3,3.5,Medium
R00957,C005,2026-03-01,6,5,1,4.0,Medium
R00957,C005,2026-04-01,3,1,2,2.9,Low
R00957,C005,2026-05-01,7,2,5,2.7,High
R00957,C005,2026-06-01,5,5,1,3.3,Medium
R00958,C005,2026-01-01,4,3,2,3.9,Medium
R00958,C005,2026-02-01,4,2,0,4.4,Medium
R00958,C005,2026-03-01,6,5,2,4.4,Medium
R00958,C005,2026-04-01,5,3,1,4.0,Medium
R00958,C005,2026-05-01,7,2,0,4.6,High
R00958,C005,2026-06-01,6,2,1,3.6,Medium
R00959,C005,2026-01-01,0,0,0,3.2,Low
R00959,C005,2026-02-01,0,0,0,3.4,Low
R00959,C005,2026-03-01,0,0,1,3.1,Low
R00959,C005,2026-04-01,0,1,3,3.3,Low
R00959,C005,2026-05-01,1,0,1,4.3,Low
R00959,C005,2026-06-01,0,2,0,3.4,Low
R00960,C005,2026-01-01,3,2,1,3.7,Low
R00960,C005,2026-02-01,1,1,2,3.2,Low
R00960,C005,2026-03-01,1,1,1,2.7,Low
R00960,C005,2026-04-01,2,1,0,3.5,Low
R00960,C005,2026-05-01,2,2,2,3.3,Low
R00960,C005,2026-06-01,2,2,2,3.8,Low
R00961,C005,2026-01-01,5,5,1,4.2,Medium
R00961,C005,2026-02-01,4,3,0,4.1,Medium
R00961,C005,2026-03-01,3,5,1,4.1,Low
R00961,C005,2026-04-01,3,3,3,4.0,Low
R00961,C005,2026-05-01,4,4,0,4.2,Medium
R00961,C005,2026-06-01,3,3,0,3.7,Low
R00962,C005,2026-01-01,4,4,1,4.0,Medium
R00962,C005,2026-02-01,4,4,0,4.1,Medium
R00962,C005,2026-03-01,5,4,1,4.2,Medium
R00962,C005,2026-04-01,4,4,0,4.5,Medium
R00962,C005,2026-05-01,3,3,0,3.6,Low
R00962,C005,2026-06-01,5,4,0,4.0,Medium
R00963,C005,2026-01-01,7,4,0,5.0,High
R00963,C005,2026-02-01,8,5,1,4.7,High
R00963,C005,2026-03-01,10,3,4,4.5,High
R00963,C005,2026-04-01,8,5,0,4.3,High
R00963,C005,2026-05-01,8,2,3,5.0,High
R00963,C005,2026-06-01,8,2,2,4.3,High
R00964,C005,2026-01-01,5,3,0,3.8,Medium
R00964,C005,2026-02-01,3,2,1,3.7,Low
R00964,C005,2026-03-01,6,2,1,3.7,Medium
R00964,C005,2026-04-01,3,4,1,3.4,Low
R00964,C005,2026-05-01,3,4,3,2.7,Low
R00964,C005,2026-06-01,4,2,1,3.8,Medium
R00965,C005,2026-01-01,6,3,0,4.2,Medium
R00965,C005,2026-02-01,5,4,2,3.3,Medium
R00965,C005,2026-03-01,6,3,3,4.0,Medium
R00965,C005,2026-04-01,5,1,2,3.7,Medium
R00965,C005,2026-05-01,6,2,0,4.4,Medium
R00965,C005,2026-06-01,5,5,0,4.5,Medium
R00966,C005,2026-01-01,3,2,2,4.0,Low
R00966,C005,2026-02-01,4,2,1,4.6,Medium
R00966,C005,2026-03-01,5,4,0,3.5,Medium
R00966,C005,2026-04-01,4,3,2,3.3,Medium
R00966,C005,2026-05-01,3,2,4,3.9,Low
R00966,C005,2026-06-01,6,3,0,4.8,Medium
R00967,C005,2026-01-01,2,3,1,3.9,Low
R00967,C005,2026-02-01,5,4,0,5.0,Medium
R00967,C005,2026-03-01,3,2,1,3.5,Low
R00967,C005,2026-04-01,2,3,0,3.5,Low
R00967,C005,2026-05-01,3,3,0,3.2,Low
R00967,C005,2026-06-01,3,2,1,3.9,Low
R00968,C005,2026-01-01,0,0,1,2.9,Low
R00968,C005,2026-02-01,0,0,0,2.4,Low
R00968,C005,2026-03-01,1,2,0,4.0,Low
R00968,C005,2026-04-01,2,1,0,2.8,Low
R00968,C005,2026-05-01,2,2,3,2.9,Low
R00968,C005,2026-06-01,0,0,0,3.2,Low
R00969,C005,2026-01-01,8,3,1,4.4,High
R00969,C005,2026-02-01,9,4,1,4.5,High
R00969,C005,2026-03-01,9,2,0,5.0,High
R00969,C005,2026-04-01,8,5,1,4.3,High
R00969,C005,2026-05-01,8,2,1,4.4,High
R00969,C005,2026-06-01,10,3,0,5.0,High
R00970,C005,2026-01-01,5,4,1,3.8,Medium
R00970,C005,2026-02-01,7,3,0,3.8,High
R00970,C005,2026-03-01,5,3,1,4.5,Medium
R00970,C005,2026-04-01,6,3,1,4.4,Medium
R00970,C005,2026-05-01,4,2,0,4.5,Medium
R00970,C005,2026-06-01,6,5,1,4.4,Medium
R00971,C005,2026-01-01,6,5,2,3.7,Medium
R00971,C005,2026-02-01,6,3,0,4.5,Medium
R00971,C005,2026-03-01,4,5,3,3.8,Medium
R00971,C005,2026-04-01,5,3,1,3.1,Medium
R00971,C005,2026-05-01,7,3,0,4.4,High
R00971,C005,2026-06-01,6,4,0,4.7,Medium
R00972,C005,2026-01-01,4,4,1,4.4,Medium
R00972,C005,2026-02-01,5,3,1,3.1,Medium
R00972,C005,2026-03-01,3,3,2,3.3,Low
R00972,C005,2026-04-01,5,3,1,3.2,Medium
R00972,C005,2026-05-01,6,2,1,4.7,Medium
R00972,C005,2026-06-01,4,3,1,3.9,Medium
R00973,C005,2026-01-01,0,0,1,4.1,Low
R00973,C005,2026-02-01,1,1,2,3.1,Low
R00973,C005,2026-03-01,0,0,0,2.9,Low
R00973,C005,2026-04-01,0,0,1,2.6,Low
R00973,C005,2026-05-01,0,0,3,1.9,Low
R00973,C005,2026-06-01,0,0,1,3.2,Low
R00974,C005,2026-01-01,6,5,3,4.1,Medium
R00974,C005,2026-02-01,1,1,0,4.1,Low
R00974,C005,2026-03-01,5,2,1,3.6,Medium
R00974,C005,2026-04-01,5,5,1,2.7,Medium
R00974,C005,2026-05-01,3,2,1,2.8,Low
R00974,C005,2026-06-01,6,4,4,3.8,Medium
R00975,C005,2026-01-01,6,3,2,3.9,Medium
R00975,C005,2026-02-01,4,5,0,3.8,Medium
R00975,C005,2026-03-01,3,2,1,3.2,Low
R00975,C005,2026-04-01,6,5,3,3.8,Medium
R00975,C005,2026-05-01,3,4,0,3.3,Low
R00975,C005,2026-06-01,4,4,0,3.3,Medium
R00976,C005,2026-01-01,2,1,2,3.3,Low
R00976,C005,2026-02-01,1,0,4,2.4,Low
R00976,C005,2026-03-01,3,4,2,3.5,Low
R00976,C005,2026-04-01,1,1,2,3.3,Low
R00976,C005,2026-05-01,3,3,1,2.8,Low
R00976,C005,2026-06-01,2,0,2,3.6,Low
R00977,C005,2026-01-01,4,3,2,2.8,Medium
R00977,C005,2026-02-01,4,3,1,3.2,Medium
R00977,C005,2026-03-01,3,2,3,3.2,Low
R00977,C005,2026-04-01,6,4,3,3.6,Medium
R00977,C005,2026-05-01,4,2,0,4.0,Medium
R00977,C005,2026-06-01,6,4,1,4.5,Medium
R00978,C005,2026-01-01,4,5,1,5.0,Medium
R00978,C005,2026-02-01,6,4,2,3.9,Medium
R00978,C005,2026-03-01,6,3,0,4.0,Medium
R00978,C005,2026-04-01,7,3,0,4.3,High
R00978,C005,2026-05-01,5,4,4,3.6,Medium
R00978,C005,2026-06-01,8,5,3,3.6,High
R00979,C005,2026-01-01,3,2,1,4.4,Low
R00979,C005,2026-02-01,3,2,1,4.1,Low
R00979,C005,2026-03-01,3,3,0,3.3,Low
R00979,C005,2026-04-01,3,4,2,4.2,Low
R00979,C005,2026-05-01,2,1,1,2.5,Low
R00979,C005,2026-06-01,3,3,3,4.0,Low
R00980,C005,2026-01-01,4,3,0,3.7,Medium
R00980,C005,2026-02-01,2,2,1,4.3,Low
R00980,C005,2026-03-01,2,2,4,2.1,Low
R00980,C005,2026-04-01,3,3,1,2.6,Low
R00980,C005,2026-05-01,2,2,0,3.8,Low
R00980,C005,2026-06-01,4,4,2,4.0,Medium
R00981,C005,2026-01-01,3,2,1,3.6,Low
R00981,C005,2026-02-01,5,4,0,4.3,Medium
R00981,C005,2026-03-01,4,4,0,3.3,Medium
R00981,C005,2026-04-01,6,4,3,3.5,Medium
R00981,C005,2026-05-01,4,3,1,4.7,Medium
R00981,C005,2026-06-01,5,3,1,4.0,Medium
R00982,C005,2026-01-01,0,0,2,3.0,Low
R00982,C005,2026-02-01,3,3,2,3.4,Low
R00982,C005,2026-03-01,2,0,0,4.0,Low
R00982,C005,2026-04-01,1,1,0,3.5,Low
R00982,C005,2026-05-01,0,0,2,3.4,Low
R00982,C005,2026-06-01,3,2,1,4.3,Low
R00983,C005,2026-01-01,8,5,0,4.7,High
R00983,C005,2026-02-01,8,3,2,4.6,High
R00983,C005,2026-03-01,10,3,0,4.9,High
R00983,C005,2026-04-01,10,5,1,5.0,High
R00983,C005,2026-05-01,11,3,0,5.0,High
R00983,C005,2026-06-01,9,4,0,4.7,High
R00984,C005,2026-01-01,0,0,1,3.8,Low
R00984,C005,2026-02-01,1,1,1,3.5,Low
R00984,C005,2026-03-01,2,2,3,3.7,Low
R00984,C005,2026-04-01,2,4,0,3.6,Low
R00984,C005,2026-05-01,1,3,3,4.0,Low
R00984,C005,2026-06-01,1,1,4,2.7,Low
R00985,C005,2026-01-01,6,3,0,4.1,Medium
R00985,C005,2026-02-01,7,3,2,3.1,High
R00985,C005,2026-03-01,7,3,1,5.0,High
R00985,C005,2026-04-01,6,3,2,3.9,Medium
R00985,C005,2026-05-01,5,3,1,3.8,Medium
R00985,C005,2026-06-01,5,2,0,4.3,Medium
R00986,C005,2026-01-01,1,0,1,3.3,Low
R00986,C005,2026-02-01,2,1,2,3.1,Low
R00986,C005,2026-03-01,0,0,1,2.2,Low
R00986,C005,2026-04-01,1,1,1,2.7,Low
R00986,C005,2026-05-01,0,1,0,3.1,Low
R00986,C005,2026-06-01,2,0,0,4.7,Low
R00987,C005,2026-01-01,3,3,0,4.6,Low
R00987,C005,2026-02-01,1,3,1,2.8,Low
R00987,C005,2026-03-01,3,2,0,4.0,Low
R00987,C005,2026-04-01,3,3,1,2.8,Low
R00987,C005,2026-05-01,2,0,0,2.8,Low
R00987,C005,2026-06-01,5,4,1,2.9,Medium
R00988,C005,2026-01-01,2,1,0,2.6,Low
R00988,C005,2026-02-01,2,3,1,3.6,Low
R00988,C005,2026-03-01,2,1,1,3.6,Low
R00988,C005,2026-04-01,3,2,1,3.2,Low
R00988,C005,2026-05-01,3,1,0,3.0,Low
R00988,C005,2026-06-01,2,2,1,4.1,Low
R00989,C005,2026-01-01,7,3,0,4.6,High
R00989,C005,2026-02-01,6,5,0,3.0,Medium
R00989,C005,2026-03-01,5,3,2,3.2,Medium
R00989,C005,2026-04-01,6,4,3,4.9,Medium
R00989,C005,2026-05-01,6,4,2,3.7,Medium
R00989,C005,2026-06-01,5,2,2,3.4,Medium
R00990,C005,2026-01-01,2,2,0,3.0,Low
R00990,C005,2026-02-01,1,0,2,3.4,Low
R00990,C005,2026-03-01,4,2,0,3.5,Medium
R00990,C005,2026-04-01,3,2,1,3.5,Low
R00990,C005,2026-05-01,1,0,0,2.0,Low
R00990,C005,2026-06-01,2,2,3,2.8,Low
R00991,C005,2026-01-01,4,4,2,3.4,Medium
R00991,C005,2026-02-01,4,3,2,3.1,Medium
R00991,C005,2026-03-01,4,2,0,2.5,Medium
R00991,C005,2026-04-01,5,4,2,3.6,Medium
R00991,C005,2026-05-01,5,4,4,5.0,Medium
R00991,C005,2026-06-01,4,4,1,4.4,Medium
R00992,C005,2026-01-01,3,3,2,3.5,Low
R00992,C005,2026-02-01,1,0,2,4.1,Low
R00992,C005,2026-03-01,1,0,0,4.9,Low
R00992,C005,2026-04-01,2,2,2,3.0,Low
R00992,C005,2026-05-01,2,1,1,2.9,Low
R00992,C005,2026-06-01,1,0,3,3.1,Low
R00993,C005,2026-01-01,4,2,0,3.8,Medium
R00993,C005,2026-02-01,6,3,2,4.8,Medium
R00993,C005,2026-03-01,6,2,1,3.6,Medium
R00993,C005,2026-04-01,3,3,1,3.4,Low
R00993,C005,2026-05-01,7,5,1,4.1,High
R00993,C005,2026-06-01,5,3,3,3.5,Medium
R00994,C005,2026-01-01,1,0,2,3.5,Low
R00994,C005,2026-02-01,3,2,0,3.4,Low
R00994,C005,2026-03-01,1,1,1,3.8,Low
R00994,C005,2026-04-01,1,0,2,3.0,Low
R00994,C005,2026-05-01,1,0,1,4.1,Low
R00994,C005,2026-06-01,1,0,0,4.4,Low
R00995,C005,2026-01-01,8,2,0,4.6,High
R00995,C005,2026-02-01,6,2,3,3.3,Medium
R00995,C005,2026-03-01,7,3,2,4.3,High
R00995,C005,2026-04-01,9,4,1,4.2,High
R00995,C005,2026-05-01,9,3,1,4.3,High
R00995,C005,2026-06-01,6,4,3,4.5,Medium
R00996,C005,2026-01-01,5,3,1,5.0,Medium
R00996,C005,2026-02-01,3,3,1,4.5,Low
R00996,C005,2026-03-01,5,3,1,4.6,Medium
R00996,C005,2026-04-01,3,1,3,3.6,Low
R00996,C005,2026-05-01,3,2,3,3.1,Low
R00996,C005,2026-06-01,5,2,0,3.3,Medium
R00997,C005,2026-01-01,5,3,0,4.2,Medium
R00997,C005,2026-02-01,4,5,3,3.8,Medium
R00997,C005,2026-03-01,5,3,1,3.6,Medium
R00997,C005,2026-04-01,5,3,3,3.8,Medium
R00997,C005,2026-05-01,4,1,1,3.3,Medium
R00997,C005,2026-06-01,6,5,0,4.6,Medium
R00998,C005,2026-01-01,9,4,2,5.0,High
R00998,C005,2026-02-01,7,3,1,3.6,High
R00998,C005,2026-03-01,9,3,2,5.0,High
R00998,C005,2026-04-01,10,2,0,4.8,High
R00998,C005,2026-05-01,8,3,1,4.6,High
R00998,C005,2026-06-01,8,3,1,4.6,High
R00999,C005,2026-01-01,9,5,2,4.4,High
R00999,C005,2026-02-01,5,4,0,4.1,Medium
R00999,C005,2026-03-01,6,3,1,4.2,Medium
R00999,C005,2026-04-01,4,4,2,3.0,Medium
R00999,C005,2026-05-01,9,2,0,5.0,High
R00999,C005,2026-06-01,6,4,0,3.7,Medium
R01000,C005,2026-01-01,7,5,1,4.8,High
R01000,C005,2026-02-01,5,4,1,3.6,Medium
R01000,C005,2026-03-01,6,4,2,3.7,Medium
R01000,C005,2026-04-01,7,4,1,4.8,High
R01000,C005,2026-05-01,4,3,0,3.4,Medium
R01000,C005,2026-06-01,7,4,1,4.3,High
R01001,C005,2026-01-01,3,2,0,4.3,Low
R01001,C005,2026-02-01,3,4,0,4.1,Low
R01001,C005,2026-03-01,4,2,1,3.5,Medium
R01001,C005,2026-04-01,4,5,1,3.4,Medium
R01001,C005,2026-05-01,3,1,2,3.1,Low
R01001,C005,2026-06-01,3,2,2,4.0,Low
R01002,C005,2026-01-01,3,3,1,3.1,Low
R01002,C005,2026-02-01,1,1,2,2.6,Low
R01002,C005,2026-03-01,3,4,1,3.4,Low
R01002,C005,2026-04-01,1,0,1,4.6,Low
R01002,C005,2026-05-01,0,0,5,2.2,Low
R01002,C005,2026-06-01,1,1,1,3.3,Low
R01003,C005,2026-01-01,8,3,1,4.7,High
R01003,C005,2026-02-01,8,3,5,3.4,High
R01003,C005,2026-03-01,10,4,1,5.0,High
R01003,C005,2026-04-01,10,3,3,3.6,High
R01003,C005,2026-05-01,11,5,2,5.0,High
R01003,C005,2026-06-01,9,5,1,4.4,High
R01004,C005,2026-01-01,3,4,3,3.0,Low
R01004,C005,2026-02-01,2,1,2,3.5,Low
R01004,C005,2026-03-01,1,0,2,2.9,Low
R01004,C005,2026-04-01,2,2,1,3.5,Low
R01004,C005,2026-05-01,2,0,6,2.6,Low
R01004,C005,2026-06-01,3,2,1,3.2,Low
R01005,C005,2026-01-01,2,0,1,3.3,Low
R01005,C005,2026-02-01,4,2,1,3.2,Medium
R01005,C005,2026-03-01,2,0,0,4.0,Low
R01005,C005,2026-04-01,2,1,0,3.8,Low
R01005,C005,2026-05-01,4,4,0,4.2,Medium
R01005,C005,2026-06-01,3,3,2,3.1,Low
R01006,C005,2026-01-01,4,4,1,3.0,Medium
R01006,C005,2026-02-01,4,4,1,3.4,Medium
R01006,C005,2026-03-01,4,2,1,4.2,Medium
R01006,C005,2026-04-01,4,3,0,3.2,Medium
R01006,C005,2026-05-01,5,3,0,3.7,Medium
R01006,C005,2026-06-01,2,2,3,3.1,Low
R01007,C005,2026-01-01,7,4,1,4.5,High
R01007,C005,2026-02-01,8,5,1,4.5,High
R01007,C005,2026-03-01,9,3,0,5.0,High
R01007,C005,2026-04-01,5,5,1,4.0,Medium
R01007,C005,2026-05-01,8,3,0,5.0,High
R01007,C005,2026-06-01,6,5,0,4.7,Medium
R01008,C005,2026-01-01,3,3,1,4.1,Low
R01008,C005,2026-02-01,2,2,0,3.0,Low
R01008,C005,2026-03-01,3,1,1,3.0,Low
R01008,C005,2026-04-01,3,3,1,3.0,Low
R01008,C005,2026-05-01,4,5,0,4.0,Medium
R01008,C005,2026-06-01,4,4,3,2.9,Medium
R01009,C005,2026-01-01,3,2,1,3.0,Low
R01009,C005,2026-02-01,3,2,2,2.9,Low
R01009,C005,2026-03-01,3,2,0,4.1,Low
R01009,C005,2026-04-01,3,2,2,3.2,Low
R01009,C005,2026-05-01,2,2,1,2.8,Low
R01009,C005,2026-06-01,4,4,2,3.1,Medium
R01010,C005,2026-01-01,3,3,4,4.2,Low
R01010,C005,2026-02-01,4,3,0,3.3,Medium
R01010,C005,2026-03-01,4,3,0,3.9,Medium
R01010,C005,2026-04-01,2,1,2,2.4,Low
R01010,C005,2026-05-01,3,1,2,4.3,Low
R01010,C005,2026-06-01,2,1,5,3.7,Low
R01011,C005,2026-01-01,0,0,2,4.1,Low
R01011,C005,2026-02-01,2,1,1,3.3,Low
R01011,C005,2026-03-01,0,0,3,2.3,Low
R01011,C005,2026-04-01,0,0,0,2.8,Low
R01011,C005,2026-05-01,0,0,1,2.4,Low
R01011,C005,2026-06-01,0,0,0,4.0,Low
R01012,C005,2026-01-01,6,3,2,3.5,Medium
R01012,C005,2026-02-01,4,5,1,3.7,Medium
R01012,C005,2026-03-01,2,4,2,3.7,Low
R01012,C005,2026-04-01,4,4,1,4.5,Medium
R01012,C005,2026-05-01,3,3,2,5.0,Low
R01012,C005,2026-06-01,3,3,0,4.5,Low
R01013,C005,2026-01-01,1,0,1,3.1,Low
R01013,C005,2026-02-01,2,2,1,3.6,Low
R01013,C005,2026-03-01,1,1,0,3.4,Low
R01013,C005,2026-04-01,3,3,0,3.3,Low
R01013,C005,2026-05-01,2,1,2,3.7,Low
R01013,C005,2026-06-01,4,3,2,2.9,Medium
R01014,C005,2026-01-01,2,2,1,3.7,Low
R01014,C005,2026-02-01,3,0,0,4.6,Low
R01014,C005,2026-03-01,2,2,1,3.3,Low
R01014,C005,2026-04-01,2,0,1,3.5,Low
R01014,C005,2026-05-01,3,3,1,3.2,Low
R01014,C005,2026-06-01,1,1,0,3.7,Low
R01015,C005,2026-01-01,0,0,1,3.2,Low
R01015,C005,2026-02-01,0,0,1,4.0,Low
R01015,C005,2026-03-01,0,0,2,2.3,Low
R01015,C005,2026-04-01,2,4,2,2.5,Low
R01015,C005,2026-05-01,0,0,0,2.3,Low
R01015,C005,2026-06-01,1,3,1,2.9,Low
R01016,C005,2026-01-01,2,3,1,3.3,Low
R01016,C005,2026-02-01,1,0,1,4.0,Low
R01016,C005,2026-03-01,2,2,1,4.1,Low
R01016,C005,2026-04-01,1,0,1,3.1,Low
R01016,C005,2026-05-01,0,0,1,3.2,Low
R01016,C005,2026-06-01,2,1,2,4.0,Low
R01017,C005,2026-01-01,8,4,1,4.6,High
R01017,C005,2026-02-01,9,5,3,4.7,High
R01017,C005,2026-03-01,9,3,1,5.0,High
R01017,C005,2026-04-01,8,3,1,5.0,High
R01017,C005,2026-05-01,8,2,2,4.0,High
R01017,C005,2026-06-01,8,3,1,5.0,High
R01018,C005,2026-01-01,8,5,2,4.8,High
R01018,C005,2026-02-01,8,3,1,4.1,High
R01018,C005,2026-03-01,5,1,2,2.4,Medium
R01018,C005,2026-04-01,7,4,0,4.3,High
R01018,C005,2026-05-01,7,3,0,4.9,High
R01018,C005,2026-06-01,7,3,0,4.1,High
R01019,C005,2026-01-01,3,3,0,3.6,Low
R01019,C005,2026-02-01,5,2,0,5.0,Medium
R01019,C005,2026-03-01,4,4,0,4.4,Medium
R01019,C005,2026-04-01,1,2,2,4.2,Low
R01019,C005,2026-05-01,5,4,1,4.8,Medium
R01019,C005,2026-06-01,5,2,3,4.0,Medium
R01020,C005,2026-01-01,2,2,4,2.2,Low
R01020,C005,2026-02-01,3,2,0,3.6,Low
R01020,C005,2026-03-01,2,2,2,4.0,Low
R01020,C005,2026-04-01,2,2,1,3.2,Low
R01020,C005,2026-05-01,3,2,0,4.6,Low
R01020,C005,2026-06-01,3,1,3,4.0,Low
R01021,C005,2026-01-01,6,4,0,4.1,Medium
R01021,C005,2026-02-01,3,2,1,4.2,Low
R01021,C005,2026-03-01,6,3,1,4.1,Medium
R01021,C005,2026-04-01,5,3,2,3.3,Medium
R01021,C005,2026-05-01,5,3,0,4.5,Medium
R01021,C005,2026-06-01,5,3,3,3.1,Medium
R01022,C005,2026-01-01,0,0,3,3.3,Low
R01022,C005,2026-02-01,0,0,2,3.6,Low
R01022,C005,2026-03-01,0,0,0,3.2,Low
R01022,C005,2026-04-01,0,0,1,3.4,Low
R01022,C005,2026-05-01,0,0,2,2.8,Low
R01022,C005,2026-06-01,0,1,1,2.6,Low
R01023,C005,2026-01-01,3,2,3,3.6,Low
R01023,C005,2026-02-01,4,4,3,3.9,Medium
R01023,C005,2026-03-01,4,4,2,3.6,Medium
R01023,C005,2026-04-01,4,4,1,3.3,Medium
R01023,C005,2026-05-01,3,1,2,3.1,Low
R01023,C005,2026-06-01,4,3,1,4.0,Medium
R01024,C005,2026-01-01,4,3,0,4.5,Medium
R01024,C005,2026-02-01,4,3,1,3.7,Medium
R01024,C005,2026-03-01,3,2,0,3.4,Low
R01024,C005,2026-04-01,2,1,2,3.5,Low
R01024,C005,2026-05-01,2,2,1,3.6,Low
R01024,C005,2026-06-01,4,4,1,3.9,Medium
R01025,C005,2026-01-01,4,5,2,3.0,Medium
R01025,C005,2026-02-01,6,3,1,4.0,Medium
R01025,C005,2026-03-01,6,4,0,4.8,Medium
R01025,C005,2026-04-01,6,2,0,4.5,Medium
R01025,C005,2026-05-01,5,4,0,3.6,Medium
R01025,C005,2026-06-01,6,5,2,4.3,Medium
R01026,C005,2026-01-01,2,1,0,3.3,Low
R01026,C005,2026-02-01,3,4,1,3.9,Low
R01026,C005,2026-03-01,5,2,2,4.8,Medium
R01026,C005,2026-04-01,3,3,0,3.8,Low
R01026,C005,2026-05-01,3,2,2,3.6,Low
R01026,C005,2026-06-01,2,1,1,2.8,Low
R01027,C005,2026-01-01,5,4,1,4.3,Medium
R01027,C005,2026-02-01,5,4,2,4.1,Medium
R01027,C005,2026-03-01,6,3,3,4.2,Medium
R01027,C005,2026-04-01,5,2,3,3.6,Medium
R01027,C005,2026-05-01,6,4,2,4.1,Medium
R01027,C005,2026-06-01,4,4,0,4.1,Medium
R01028,C005,2026-01-01,4,4,2,3.6,Medium
R01028,C005,2026-02-01,3,3,2,3.3,Low
R01028,C005,2026-03-01,2,2,2,4.2,Low
R01028,C005,2026-04-01,3,1,1,2.8,Low
R01028,C005,2026-05-01,1,0,2,3.8,Low
R01028,C005,2026-06-01,3,5,0,3.7,Low
R01029,C005,2026-01-01,5,2,1,3.8,Medium
R01029,C005,2026-02-01,2,2,3,2.8,Low
R01029,C005,2026-03-01,3,4,0,5.0,Low
R01029,C005,2026-04-01,3,3,1,4.0,Low
R01029,C005,2026-05-01,3,2,1,3.5,Low
R01029,C005,2026-06-01,1,0,1,2.5,Low
R01030,C005,2026-01-01,3,3,2,4.5,Low
R01030,C005,2026-02-01,4,4,0,3.5,Medium
R01030,C005,2026-03-01,6,2,0,3.3,Medium
R01030,C005,2026-04-01,4,5,1,3.0,Medium
R01030,C005,2026-05-01,4,3,5,3.1,Medium
R01030,C005,2026-06-01,4,4,2,3.0,Medium
R01031,C005,2026-01-01,5,4,0,4.3,Medium
R01031,C005,2026-02-01,5,2,1,3.7,Medium
R01031,C005,2026-03-01,5,3,1,4.6,Medium
R01031,C005,2026-04-01,3,5,4,3.2,Low
R01031,C005,2026-05-01,4,2,0,3.5,Medium
R01031,C005,2026-06-01,3,0,1,3.5,Low
R01032,C005,2026-01-01,2,0,3,3.5,Low
R01032,C005,2026-02-01,4,3,2,3.7,Medium
R01032,C005,2026-03-01,1,0,0,3.1,Low
R01032,C005,2026-04-01,2,2,2,3.3,Low
R01032,C005,2026-05-01,2,2,1,4.0,Low
R01032,C005,2026-06-01,4,4,1,3.7,Medium
R01033,C005,2026-01-01,0,1,1,3.0,Low
R01033,C005,2026-02-01,1,0,4,2.4,Low
R01033,C005,2026-03-01,1,1,2,2.2,Low
R01033,C005,2026-04-01,1,0,0,3.5,Low
R01033,C005,2026-05-01,2,2,2,3.4,Low
R01033,C005,2026-06-01,2,1,1,3.0,Low
R01034,C005,2026-01-01,6,3,1,4.5,Medium
R01034,C005,2026-02-01,6,3,2,4.3,Medium
R01034,C005,2026-03-01,4,3,3,3.7,Medium
R01034,C005,2026-04-01,6,5,1,4.1,Medium
R01034,C005,2026-05-01,6,4,7,3.8,Medium
R01034,C005,2026-06-01,4,2,1,3.2,Medium
R01035,C005,2026-01-01,7,3,1,3.1,High
R01035,C005,2026-02-01,8,5,4,4.4,High
R01035,C005,2026-03-01,7,2,3,5.0,High
R01035,C005,2026-04-01,8,4,2,4.4,High
R01035,C005,2026-05-01,9,4,2,5.0,High
R01035,C005,2026-06-01,8,2,2,3.7,High
R01036,C005,2026-01-01,9,5,0,5.0,High
R01036,C005,2026-02-01,7,4,0,4.3,High
R01036,C005,2026-03-01,7,5,0,4.9,High
R01036,C005,2026-04-01,6,5,0,3.4,Medium
R01036,C005,2026-05-01,8,1,1,5.0,High
R01036,C005,2026-06-01,7,3,0,4.0,High
R01037,C005,2026-01-01,1,0,0,3.2,Low
R01037,C005,2026-02-01,1,0,0,3.8,Low
R01037,C005,2026-03-01,1,0,1,4.4,Low
R01037,C005,2026-04-01,2,2,1,3.6,Low
R01037,C005,2026-05-01,3,1,2,4.1,Low
R01037,C005,2026-06-01,1,3,1,2.4,Low
R01038,C005,2026-01-01,5,3,1,4.0,Medium
R01038,C005,2026-02-01,5,5,2,4.1,Medium
R01038,C005,2026-03-01,4,5,1,3.2,Medium
R01038,C005,2026-04-01,5,4,1,3.5,Medium
R01038,C005,2026-05-01,6,4,2,3.2,Medium
R01038,C005,2026-06-01,5,4,0,3.8,Medium
R01039,C005,2026-01-01,6,3,2,2.9,Medium
R01039,C005,2026-02-01,5,4,0,4.9,Medium
R01039,C005,2026-03-01,4,5,1,4.5,Medium
R01039,C005,2026-04-01,5,4,1,3.9,Medium
R01039,C005,2026-05-01,6,0,0,3.3,Medium
R01039,C005,2026-06-01,3,2,2,3.3,Low
R01040,C005,2026-01-01,5,3,2,3.9,Medium
R01040,C005,2026-02-01,2,2,2,4.0,Low
R01040,C005,2026-03-01,4,3,0,4.7,Medium
R01040,C005,2026-04-01,4,2,1,4.7,Medium
R01040,C005,2026-05-01,4,5,1,3.8,Medium
R01040,C005,2026-06-01,5,4,3,4.6,Medium
R01041,C005,2026-01-01,4,3,0,4.0,Medium
R01041,C005,2026-02-01,4,2,1,3.3,Medium
R01041,C005,2026-03-01,4,3,3,4.6,Medium
R01041,C005,2026-04-01,2,2,1,4.5,Low
R01041,C005,2026-05-01,1,0,0,3.5,Low
R01041,C005,2026-06-01,3,1,0,3.4,Low
R01042,C005,2026-01-01,1,0,2,4.2,Low
R01042,C005,2026-02-01,2,1,1,3.1,Low
R01042,C005,2026-03-01,5,3,1,4.0,Medium
R01042,C005,2026-04-01,1,0,2,3.7,Low
R01042,C005,2026-05-01,4,4,0,3.3,Medium
R01042,C005,2026-06-01,1,0,0,3.7,Low
R01043,C005,2026-01-01,4,3,0,3.9,Medium
R01043,C005,2026-02-01,3,1,1,4.3,Low
R01043,C005,2026-03-01,5,3,1,3.2,Medium
R01043,C005,2026-04-01,4,4,1,4.4,Medium
R01043,C005,2026-05-01,3,1,1,4.7,Low
R01043,C005,2026-06-01,5,2,1,3.6,Medium
R01044,C005,2026-01-01,4,2,0,3.7,Medium
R01044,C005,2026-02-01,4,2,2,3.4,Medium
R01044,C005,2026-03-01,2,3,1,2.5,Low
R01044,C005,2026-04-01,3,2,3,3.0,Low
R01044,C005,2026-05-01,5,3,2,4.7,Medium
R01044,C005,2026-06-01,4,4,2,3.8,Medium
R01045,C005,2026-01-01,0,0,1,2.6,Low
R01045,C005,2026-02-01,0,0,2,3.3,Low
R01045,C005,2026-03-01,0,1,1,3.2,Low
R01045,C005,2026-04-01,0,0,1,3.4,Low
R01045,C005,2026-05-01,0,0,2,3.3,Low
R01045,C005,2026-06-01,0,0,3,2.9,Low
R01046,C005,2026-01-01,2,1,2,3.8,Low
R01046,C005,2026-02-01,3,1,2,3.6,Low
R01046,C005,2026-03-01,2,1,2,3.2,Low
R01046,C005,2026-04-01,4,4,1,3.3,Medium
R01046,C005,2026-05-01,3,2,0,4.0,Low
R01046,C005,2026-06-01,1,0,2,3.2,Low
R01047,C005,2026-01-01,3,3,3,3.5,Low
R01047,C005,2026-02-01,2,1,1,3.3,Low
R01047,C005,2026-03-01,4,2,1,3.8,Medium
R01047,C005,2026-04-01,2,1,3,3.5,Low
R01047,C005,2026-05-01,0,0,1,2.6,Low
R01047,C005,2026-06-01,0,0,1,2.1,Low
R01048,C005,2026-01-01,6,4,1,3.4,Medium
R01048,C005,2026-02-01,6,4,2,3.6,Medium
R01048,C005,2026-03-01,5,2,5,3.0,Medium
R01048,C005,2026-04-01,5,5,0,4.0,Medium
R01048,C005,2026-05-01,6,4,1,4.3,Medium
R01048,C005,2026-06-01,5,3,0,4.4,Medium
R01049,C005,2026-01-01,4,3,3,2.7,Medium
R01049,C005,2026-02-01,4,2,3,3.7,Medium
R01049,C005,2026-03-01,2,3,1,3.7,Low
R01049,C005,2026-04-01,3,2,0,4.6,Low
R01049,C005,2026-05-01,2,0,0,4.4,Low
R01049,C005,2026-06-01,3,2,2,3.7,Low
R01050,C005,2026-01-01,3,2,0,3.8,Low
R01050,C005,2026-02-01,4,3,1,4.1,Medium
R01050,C005,2026-03-01,5,5,1,3.0,Medium
R01050,C005,2026-04-01,6,5,3,3.8,Medium
R01050,C005,2026-05-01,4,1,0,4.5,Medium
R01050,C005,2026-06-01,4,4,1,4.4,Medium
R01051,C005,2026-01-01,3,3,0,4.0,Low
R01051,C005,2026-02-01,2,3,0,3.7,Low
R01051,C005,2026-03-01,4,1,3,2.7,Medium
R01051,C005,2026-04-01,3,2,0,4.0,Low
R01051,C005,2026-05-01,0,0,2,3.1,Low
R01051,C005,2026-06-01,4,3,1,3.8,Medium
R01052,C005,2026-01-01,2,2,3,2.2,Low
R01052,C005,2026-02-01,4,5,1,4.8,Medium
R01052,C005,2026-03-01,1,1,0,4.8,Low
R01052,C005,2026-04-01,2,2,1,3.2,Low
R01052,C005,2026-05-01,1,1,1,3.8,Low
R01052,C005,2026-06-01,1,1,0,3.7,Low
R01053,C005,2026-01-01,1,1,1,2.9,Low
R01053,C005,2026-02-01,2,2,3,3.6,Low
R01053,C005,2026-03-01,2,3,1,3.1,Low
R01053,C005,2026-04-01,2,1,0,3.4,Low
R01053,C005,2026-05-01,0,0,0,3.2,Low
R01053,C005,2026-06-01,0,0,1,3.1,Low
R01054,C005,2026-01-01,2,3,0,4.3,Low
R01054,C005,2026-02-01,3,1,0,2.4,Low
R01054,C005,2026-03-01,4,3,1,2.2,Medium
R01054,C005,2026-04-01,4,4,1,4.1,Medium
R01054,C005,2026-05-01,4,4,1,4.6,Medium
R01054,C005,2026-06-01,3,2,0,3.0,Low
R01055,C005,2026-01-01,9,3,1,4.5,High
R01055,C005,2026-02-01,10,3,2,4.2,High
R01055,C005,2026-03-01,7,4,2,4.2,High
R01055,C005,2026-04-01,6,3,1,4.6,Medium
R01055,C005,2026-05-01,7,3,0,3.4,High
R01055,C005,2026-06-01,8,4,0,4.6,High
R01056,C005,2026-01-01,5,4,0,4.5,Medium
R01056,C005,2026-02-01,3,2,0,3.9,Low
R01056,C005,2026-03-01,4,4,1,3.8,Medium
R01056,C005,2026-04-01,4,3,1,4.0,Medium
R01056,C005,2026-05-01,3,3,2,3.6,Low
R01056,C005,2026-06-01,4,3,0,2.5,Medium
R01057,C005,2026-01-01,3,3,1,3.5,Low
R01057,C005,2026-02-01,1,0,1,4.1,Low
R01057,C005,2026-03-01,2,2,2,3.5,Low
R01057,C005,2026-04-01,3,2,0,3.5,Low
R01057,C005,2026-05-01,2,2,1,3.4,Low
R01057,C005,2026-06-01,2,3,0,3.8,Low
R01058,C005,2026-01-01,1,1,1,2.9,Low
R01058,C005,2026-02-01,1,0,2,3.3,Low
R01058,C005,2026-03-01,1,1,0,3.2,Low
R01058,C005,2026-04-01,1,1,0,3.9,Low
R01058,C005,2026-05-01,2,2,0,4.4,Low
R01058,C005,2026-06-01,0,1,1,2.6,Low
R01059,C005,2026-01-01,2,0,0,3.7,Low
R01059,C005,2026-02-01,5,4,0,4.0,Medium
R01059,C005,2026-03-01,4,3,0,4.0,Medium
R01059,C005,2026-04-01,4,3,0,4.4,Medium
R01059,C005,2026-05-01,2,2,0,3.8,Low
R01059,C005,2026-06-01,3,3,1,3.2,Low
R01060,C005,2026-01-01,6,4,1,4.5,Medium
R01060,C005,2026-02-01,5,3,3,5.0,Medium
R01060,C005,2026-03-01,3,1,1,3.2,Low
R01060,C005,2026-04-01,4,2,2,2.5,Medium
R01060,C005,2026-05-01,5,3,0,4.1,Medium
R01060,C005,2026-06-01,5,3,0,3.5,Medium
R01061,C005,2026-01-01,3,3,1,4.1,Low
R01061,C005,2026-02-01,4,3,0,3.9,Medium
R01061,C005,2026-03-01,2,3,3,2.8,Low
R01061,C005,2026-04-01,2,2,0,4.2,Low
R01061,C005,2026-05-01,2,0,2,3.7,Low
R01061,C005,2026-06-01,1,0,3,3.0,Low
R01062,C005,2026-01-01,4,3,3,4.6,Medium
R01062,C005,2026-02-01,3,2,1,3.6,Low
R01062,C005,2026-03-01,2,1,0,4.4,Low
R01062,C005,2026-04-01,4,3,2,4.4,Medium
R01062,C005,2026-05-01,3,3,1,3.3,Low
R01062,C005,2026-06-01,2,1,5,3.3,Low
R01063,C005,2026-01-01,1,0,0,3.9,Low
R01063,C005,2026-02-01,2,2,0,3.3,Low
R01063,C005,2026-03-01,0,1,1,1.9,Low
R01063,C005,2026-04-01,2,0,3,3.8,Low
R01063,C005,2026-05-01,2,2,1,4.2,Low
R01063,C005,2026-06-01,1,1,1,3.2,Low
R01064,C005,2026-01-01,2,0,1,2.9,Low
R01064,C005,2026-02-01,3,2,1,3.5,Low
R01064,C005,2026-03-01,2,0,0,2.5,Low
R01064,C005,2026-04-01,2,2,3,3.5,Low
R01064,C005,2026-05-01,4,1,1,3.5,Medium
R01064,C005,2026-06-01,3,3,0,3.2,Low
R01065,C005,2026-01-01,0,2,2,3.3,Low
R01065,C005,2026-02-01,0,0,1,4.0,Low
R01065,C005,2026-03-01,2,2,0,3.3,Low
R01065,C005,2026-04-01,0,0,0,3.7,Low
R01065,C005,2026-05-01,0,0,1,3.0,Low
R01065,C005,2026-06-01,0,0,1,2.0,Low
R01066,C005,2026-01-01,1,0,1,3.1,Low
R01066,C005,2026-02-01,1,1,0,3.6,Low
R01066,C005,2026-03-01,0,0,1,4.0,Low
R01066,C005,2026-04-01,2,2,1,2.9,Low
R01066,C005,2026-05-01,0,0,0,3.4,Low
R01066,C005,2026-06-01,1,0,1,4.2,Low
R01067,C005,2026-01-01,5,4,1,3.1,Medium
R01067,C005,2026-02-01,3,3,2,3.6,Low
R01067,C005,2026-03-01,4,3,2,3.9,Medium
R01067,C005,2026-04-01,2,0,0,3.4,Low
R01067,C005,2026-05-01,3,3,1,4.1,Low
R01067,C005,2026-06-01,3,2,3,4.4,Low
R01068,C005,2026-01-01,2,2,3,3.5,Low
R01068,C005,2026-02-01,3,3,2,3.5,Low
R01068,C005,2026-03-01,2,4,0,2.8,Low
R01068,C005,2026-04-01,1,2,0,3.4,Low
R01068,C005,2026-05-01,4,4,2,3.8,Medium
R01068,C005,2026-06-01,1,0,0,3.5,Low
R01069,C005,2026-01-01,4,3,2,3.4,Medium
R01069,C005,2026-02-01,1,2,4,3.8,Low
R01069,C005,2026-03-01,0,0,1,2.8,Low
R01069,C005,2026-04-01,3,2,0,3.2,Low
R01069,C005,2026-05-01,1,0,0,3.0,Low
R01069,C005,2026-06-01,3,2,3,3.3,Low
R01070,C005,2026-01-01,5,3,0,3.5,Medium
R01070,C005,2026-02-01,5,5,0,3.9,Medium
R01070,C005,2026-03-01,4,3,0,3.2,Medium
R01070,C005,2026-04-01,5,3,0,4.5,Medium
R01070,C005,2026-05-01,4,3,0,3.6,Medium
R01070,C005,2026-06-01,5,4,1,4.4,Medium
R01071,C005,2026-01-01,3,2,2,3.6,Low
R01071,C005,2026-02-01,4,2,2,3.9,Medium
R01071,C005,2026-03-01,4,3,0,3.8,Medium
R01071,C005,2026-04-01,4,5,1,3.5,Medium
R01071,C005,2026-05-01,5,5,1,4.4,Medium
R01071,C005,2026-06-01,2,3,1,3.0,Low
R01072,C005,2026-01-01,4,3,1,3.4,Medium
R01072,C005,2026-02-01,6,4,1,4.1,Medium
R01072,C005,2026-03-01,3,3,2,3.2,Low
R01072,C005,2026-04-01,3,1,2,4.1,Low
R01072,C005,2026-05-01,4,4,0,3.8,Medium
R01072,C005,2026-06-01,4,4,3,3.4,Medium
R01073,C005,2026-01-01,8,3,0,3.8,High
R01073,C005,2026-02-01,8,3,1,3.9,High
R01073,C005,2026-03-01,6,5,1,3.5,Medium
R01073,C005,2026-04-01,9,4,0,5.0,High
R01073,C005,2026-05-01,8,2,0,4.4,High
R01073,C005,2026-06-01,8,3,0,4.1,High
R01074,C005,2026-01-01,2,3,1,3.5,Low
R01074,C005,2026-02-01,3,4,0,3.2,Low
R01074,C005,2026-03-01,4,2,2,3.8,Medium
R01074,C005,2026-04-01,3,4,1,3.4,Low
R01074,C005,2026-05-01,3,3,2,3.3,Low
R01074,C005,2026-06-01,3,3,3,3.8,Low
R01075,C005,2026-01-01,5,4,0,4.8,Medium
R01075,C005,2026-02-01,5,3,0,3.8,Medium
R01075,C005,2026-03-01,5,2,0,4.6,Medium
R01075,C005,2026-04-01,5,4,2,4.2,Medium
R01075,C005,2026-05-01,5,4,2,4.7,Medium
R01075,C005,2026-06-01,7,2,1,4.5,High
R01076,C005,2026-01-01,4,3,1,3.7,Medium
R01076,C005,2026-02-01,5,5,2,3.5,Medium
R01076,C005,2026-03-01,5,2,2,3.9,Medium
R01076,C005,2026-04-01,3,4,1,3.5,Low
R01076,C005,2026-05-01,3,2,2,4.2,Low
R01076,C005,2026-06-01,4,5,1,2.3,Medium
R01077,C005,2026-01-01,1,0,0,4.0,Low
R01077,C005,2026-02-01,1,1,1,3.0,Low
R01077,C005,2026-03-01,0,0,1,4.1,Low
R01077,C005,2026-04-01,0,0,0,2.8,Low
R01077,C005,2026-05-01,0,0,2,2.5,Low
R01077,C005,2026-06-01,1,2,0,3.5,Low
R01078,C005,2026-01-01,2,1,2,3.4,Low
R01078,C005,2026-02-01,2,2,2,3.4,Low
R01078,C005,2026-03-01,1,1,2,2.4,Low
R01078,C005,2026-04-01,2,1,1,3.7,Low
R01078,C005,2026-05-01,0,0,1,3.1,Low
R01078,C005,2026-06-01,3,2,1,3.4,Low
R01079,C005,2026-01-01,3,1,0,3.9,Low
R01079,C005,2026-02-01,3,3,1,3.0,Low
R01079,C005,2026-03-01,2,1,2,4.3,Low
R01079,C005,2026-04-01,3,2,3,3.3,Low
R01079,C005,2026-05-01,3,4,2,4.4,Low
R01079,C005,2026-06-01,3,2,0,3.7,Low
R01080,C005,2026-01-01,3,4,0,3.7,Low
R01080,C005,2026-02-01,4,3,0,3.2,Medium
R01080,C005,2026-03-01,2,0,1,3.4,Low
R01080,C005,2026-04-01,3,4,1,3.2,Low
R01080,C005,2026-05-01,1,1,1,2.4,Low
R01080,C005,2026-06-01,2,0,0,2.8,Low
R01081,C005,2026-01-01,8,4,0,4.7,High
R01081,C005,2026-02-01,5,3,1,4.1,Medium
R01081,C005,2026-03-01,8,3,2,4.0,High
R01081,C005,2026-04-01,8,3,0,4.5,High
R01081,C005,2026-05-01,9,5,0,4.5,High
R01081,C005,2026-06-01,7,2,2,4.8,High
R01082,C005,2026-01-01,0,0,0,3.9,Low
R01082,C005,2026-02-01,1,1,1,2.6,Low
R01082,C005,2026-03-01,0,0,1,3.8,Low
R01082,C005,2026-04-01,1,0,1,3.1,Low
R01082,C005,2026-05-01,1,1,1,2.9,Low
R01082,C005,2026-06-01,0,0,1,2.5,Low
R01083,C005,2026-01-01,0,0,3,3.3,Low
R01083,C005,2026-02-01,3,2,2,3.3,Low
R01083,C005,2026-03-01,4,5,0,3.5,Medium
R01083,C005,2026-04-01,2,2,2,3.1,Low
R01083,C005,2026-05-01,4,3,0,3.8,Medium
R01083,C005,2026-06-01,1,1,3,3.1,Low
R01084,C005,2026-01-01,2,0,1,2.4,Low
R01084,C005,2026-02-01,1,1,1,3.2,Low
R01084,C005,2026-03-01,3,2,3,3.5,Low
R01084,C005,2026-04-01,1,0,3,3.3,Low
R01084,C005,2026-05-01,2,2,0,3.5,Low
R01084,C005,2026-06-01,3,4,2,4.1,Low
R01085,C005,2026-01-01,1,0,1,3.1,Low
R01085,C005,2026-02-01,2,2,4,2.7,Low
R01085,C005,2026-03-01,2,0,1,4.3,Low
R01085,C005,2026-04-01,2,2,1,2.7,Low
R01085,C005,2026-05-01,2,2,0,2.9,Low
R01085,C005,2026-06-01,1,1,0,2.9,Low
R01086,C005,2026-01-01,4,4,1,4.1,Medium
R01086,C005,2026-02-01,5,5,2,3.7,Medium
R01086,C005,2026-03-01,2,0,0,4.4,Low
R01086,C005,2026-04-01,4,2,7,2.7,Medium
R01086,C005,2026-05-01,6,5,3,3.9,Medium
R01086,C005,2026-06-01,5,4,1,3.7,Medium
R01087,C005,2026-01-01,1,0,2,2.9,Low
R01087,C005,2026-02-01,2,0,1,4.2,Low
R01087,C005,2026-03-01,0,0,1,2.5,Low
R01087,C005,2026-04-01,0,0,0,2.9,Low
R01087,C005,2026-05-01,0,1,0,2.5,Low
R01087,C005,2026-06-01,1,1,1,3.6,Low
R01088,C005,2026-01-01,1,2,1,2.2,Low
R01088,C005,2026-02-01,1,0,1,3.4,Low
R01088,C005,2026-03-01,1,3,2,2.6,Low
R01088,C005,2026-04-01,2,1,0,3.2,Low
R01088,C005,2026-05-01,2,1,0,2.3,Low
R01088,C005,2026-06-01,3,3,1,2.6,Low
R01089,C005,2026-01-01,2,3,1,3.6,Low
R01089,C005,2026-02-01,1,1,1,3.3,Low
R01089,C005,2026-03-01,1,0,2,2.4,Low
R01089,C005,2026-04-01,2,2,1,3.5,Low
R01089,C005,2026-05-01,2,0,2,3.2,Low
R01089,C005,2026-06-01,1,1,1,2.5,Low
R01090,C005,2026-01-01,5,3,1,3.7,Medium
R01090,C005,2026-02-01,6,3,0,4.0,Medium
R01090,C005,2026-03-01,6,5,1,4.5,Medium
R01090,C005,2026-04-01,5,4,0,4.3,Medium
R01090,C005,2026-05-01,5,4,2,3.4,Medium
R01090,C005,2026-06-01,7,5,1,3.7,High
R01091,C005,2026-01-01,4,5,0,4.6,Medium
R01091,C005,2026-02-01,3,1,0,3.7,Low
R01091,C005,2026-03-01,3,4,2,2.7,Low
R01091,C005,2026-04-01,6,3,0,4.8,Medium
R01091,C005,2026-05-01,5,5,3,4.3,Medium
R01091,C005,2026-06-01,3,2,0,2.9,Low
R01092,C005,2026-01-01,0,0,1,3.5,Low
R01092,C005,2026-02-01,0,1,1,2.5,Low
R01092,C005,2026-03-01,0,0,2,2.8,Low
R01092,C005,2026-04-01,0,0,1,3.0,Low
R01092,C005,2026-05-01,1,2,2,2.9,Low
R01092,C005,2026-06-01,3,3,3,2.8,Low
R01093,C005,2026-01-01,4,4,2,4.5,Medium
R01093,C005,2026-02-01,1,0,2,2.7,Low
R01093,C005,2026-03-01,2,1,0,3.1,Low
R01093,C005,2026-04-01,2,0,1,3.3,Low
R01093,C005,2026-05-01,2,1,0,3.4,Low
R01093,C005,2026-06-01,2,2,0,4.8,Low
R01094,C005,2026-01-01,3,1,2,2.1,Low
R01094,C005,2026-02-01,3,2,1,3.1,Low
R01094,C005,2026-03-01,2,2,3,3.4,Low
R01094,C005,2026-04-01,4,3,4,3.7,Medium
R01094,C005,2026-05-01,2,0,1,3.7,Low
R01094,C005,2026-06-01,2,1,2,3.0,Low
R01095,C005,2026-01-01,3,2,1,4.0,Low
R01095,C005,2026-02-01,6,5,1,4.3,Medium
R01095,C005,2026-03-01,5,4,3,3.0,Medium
R01095,C005,2026-04-01,5,2,0,4.0,Medium
R01095,C005,2026-05-01,4,2,0,3.6,Medium
R01095,C005,2026-06-01,5,3,0,4.1,Medium
R01096,C005,2026-01-01,6,4,1,3.8,Medium
R01096,C005,2026-02-01,4,3,3,4.1,Medium
R01096,C005,2026-03-01,6,4,0,4.5,Medium
R01096,C005,2026-04-01,5,3,0,4.5,Medium
R01096,C005,2026-05-01,4,3,0,4.1,Medium
R01096,C005,2026-06-01,5,4,1,4.7,Medium
R01097,C005,2026-01-01,3,2,1,4.2,Low
R01097,C005,2026-02-01,4,4,1,4.4,Medium
R01097,C005,2026-03-01,4,3,2,4.2,Medium
R01097,C005,2026-04-01,3,0,1,3.9,Low
R01097,C005,2026-05-01,3,2,1,2.9,Low
R01097,C005,2026-06-01,4,3,1,4.6,Medium
R01098,C005,2026-01-01,6,4,1,3.3,Medium
R01098,C005,2026-02-01,6,3,0,3.4,Medium
R01098,C005,2026-03-01,6,2,2,4.1,Medium
R01098,C005,2026-04-01,7,5,0,4.3,High
R01098,C005,2026-05-01,6,5,1,4.3,Medium
R01098,C005,2026-06-01,6,2,2,5.0,Medium
R01099,C005,2026-01-01,4,5,1,4.2,Medium
R01099,C005,2026-02-01,4,1,0,3.7,Medium
R01099,C005,2026-03-01,4,5,0,4.1,Medium
R01099,C005,2026-04-01,4,3,1,3.1,Medium
R01099,C005,2026-05-01,4,5,1,3.7,Medium
R01099,C005,2026-06-01,4,3,0,5.0,Medium
R01100,C005,2026-01-01,4,4,1,4.1,Medium
R01100,C005,2026-02-01,5,2,0,3.4,Medium
R01100,C005,2026-03-01,3,2,2,3.0,Low
R01100,C005,2026-04-01,7,3,0,4.3,High
R01100,C005,2026-05-01,6,4,2,4.3,Medium
R01100,C005,2026-06-01,6,5,0,3.7,Medium
R01101,C005,2026-01-01,0,0,8,2.6,Low
R01101,C005,2026-02-01,1,1,0,3.8,Low
R01101,C005,2026-03-01,3,3,2,4.0,Low
R01101,C005,2026-04-01,1,0,2,2.6,Low
R01101,C005,2026-05-01,0,0,1,3.2,Low
R01101,C005,2026-06-01,0,0,0,3.6,Low
R01102,C005,2026-01-01,2,1,0,3.9,Low
R01102,C005,2026-02-01,4,4,4,3.8,Medium
R01102,C005,2026-03-01,3,2,2,3.3,Low
R01102,C005,2026-04-01,6,4,3,4.6,Medium
R01102,C005,2026-05-01,3,2,1,3.9,Low
R01102,C005,2026-06-01,2,2,0,5.0,Low
R01103,C005,2026-01-01,5,3,1,3.3,Medium
R01103,C005,2026-02-01,5,3,1,4.7,Medium
R01103,C005,2026-03-01,5,5,1,3.3,Medium
R01103,C005,2026-04-01,4,5,1,4.1,Medium
R01103,C005,2026-05-01,5,3,1,3.2,Medium
R01103,C005,2026-06-01,5,3,1,4.1,Medium
R01104,C005,2026-01-01,5,2,1,3.3,Medium
R01104,C005,2026-02-01,4,3,2,3.3,Medium
R01104,C005,2026-03-01,3,3,3,3.7,Low
R01104,C005,2026-04-01,2,2,0,2.1,Low
R01104,C005,2026-05-01,4,3,0,3.9,Medium
R01104,C005,2026-06-01,2,0,1,2.0,Low
R01105,C005,2026-01-01,3,3,0,3.7,Low
R01105,C005,2026-02-01,3,3,0,3.2,Low
R01105,C005,2026-03-01,4,3,1,4.4,Medium
R01105,C005,2026-04-01,1,0,0,3.0,Low
R01105,C005,2026-05-01,2,1,1,3.8,Low
R01105,C005,2026-06-01,2,2,1,3.6,Low
R01106,C005,2026-01-01,4,4,1,3.9,Medium
R01106,C005,2026-02-01,3,3,1,3.3,Low
R01106,C005,2026-03-01,5,4,1,4.1,Medium
R01106,C005,2026-04-01,4,3,3,3.6,Medium
R01106,C005,2026-05-01,4,4,0,4.2,Medium
R01106,C005,2026-06-01,3,2,2,3.1,Low
R01107,C005,2026-01-01,4,4,0,3.6,Medium
R01107,C005,2026-02-01,5,3,0,4.1,Medium
R01107,C005,2026-03-01,4,3,0,4.4,Medium
R01107,C005,2026-04-01,5,3,1,3.8,Medium
R01107,C005,2026-05-01,6,3,0,4.6,Medium
R01107,C005,2026-06-01,5,4,0,4.1,Medium
R01108,C005,2026-01-01,1,0,4,3.1,Low
R01108,C005,2026-02-01,1,3,0,4.9,Low
R01108,C005,2026-03-01,0,0,1,3.2,Low
R01108,C005,2026-04-01,1,0,2,4.0,Low
R01108,C005,2026-05-01,3,3,2,4.1,Low
R01108,C005,2026-06-01,1,2,3,4.1,Low
R01109,C005,2026-01-01,2,2,0,3.9,Low
R01109,C005,2026-02-01,3,4,1,4.1,Low
R01109,C005,2026-03-01,1,1,0,3.6,Low
R01109,C005,2026-04-01,1,1,1,3.4,Low
R01109,C005,2026-05-01,4,4,0,4.1,Medium
R01109,C005,2026-06-01,1,2,1,3.0,Low
R01110,C005,2026-01-01,3,4,2,3.6,Low
R01110,C005,2026-02-01,1,0,2,3.2,Low
R01110,C005,2026-03-01,3,3,4,4.5,Low
R01110,C005,2026-04-01,4,4,1,3.6,Medium
R01110,C005,2026-05-01,3,1,3,2.6,Low
R01110,C005,2026-06-01,2,0,2,2.4,Low
R01111,C005,2026-01-01,3,4,2,3.7,Low
R01111,C005,2026-02-01,3,3,1,2.4,Low
R01111,C005,2026-03-01,3,3,1,3.7,Low
R01111,C005,2026-04-01,2,2,1,3.2,Low
R01111,C005,2026-05-01,4,3,0,4.2,Medium
R01111,C005,2026-06-01,4,2,0,3.7,Medium
R01112,C005,2026-01-01,8,2,0,5.0,High
R01112,C005,2026-02-01,5,5,0,4.2,Medium
R01112,C005,2026-03-01,5,3,2,4.0,Medium
R01112,C005,2026-04-01,7,3,1,3.6,High
R01112,C005,2026-05-01,7,5,1,5.0,High
R01112,C005,2026-06-01,5,5,3,3.5,Medium
R01113,C005,2026-01-01,7,4,1,4.1,High
R01113,C005,2026-02-01,5,4,1,3.6,Medium
R01113,C005,2026-03-01,7,3,0,3.7,High
R01113,C005,2026-04-01,5,2,2,3.7,Medium
R01113,C005,2026-05-01,8,5,3,3.9,High
R01113,C005,2026-06-01,7,3,3,3.7,High
R01114,C005,2026-01-01,3,4,5,3.5,Low
R01114,C005,2026-02-01,3,1,1,4.0,Low
R01114,C005,2026-03-01,3,2,0,3.8,Low
R01114,C005,2026-04-01,4,5,0,4.6,Medium
R01114,C005,2026-05-01,5,4,1,3.5,Medium
R01114,C005,2026-06-01,3,2,4,3.2,Low
R01115,C005,2026-01-01,1,0,2,3.0,Low
R01115,C005,2026-02-01,5,4,0,3.9,Medium
R01115,C005,2026-03-01,4,2,1,3.6,Medium
R01115,C005,2026-04-01,3,5,1,3.5,Low
R01115,C005,2026-05-01,4,3,1,5.0,Medium
R01115,C005,2026-06-01,4,3,2,3.6,Medium
R01116,C005,2026-01-01,4,3,1,3.2,Medium
R01116,C005,2026-02-01,4,5,2,3.9,Medium
R01116,C005,2026-03-01,4,4,1,3.6,Medium
R01116,C005,2026-04-01,3,4,1,3.4,Low
R01116,C005,2026-05-01,5,5,2,3.3,Medium
R01116,C005,2026-06-01,4,4,1,2.5,Medium
R01117,C005,2026-01-01,0,1,0,3.3,Low
R01117,C005,2026-02-01,0,0,0,3.6,Low
R01117,C005,2026-03-01,1,0,2,2.8,Low
R01117,C005,2026-04-01,1,1,0,4.0,Low
R01117,C005,2026-05-01,2,1,0,4.7,Low
R01117,C005,2026-06-01,1,0,1,3.7,Low
R01118,C005,2026-01-01,4,3,1,3.9,Medium
R01118,C005,2026-02-01,1,0,3,2.8,Low
R01118,C005,2026-03-01,3,3,2,3.6,Low
R01118,C005,2026-04-01,3,2,1,3.8,Low
R01118,C005,2026-05-01,2,3,1,3.3,Low
R01118,C005,2026-06-01,1,1,1,3.0,Low
R01119,C005,2026-01-01,3,1,0,5.0,Low
R01119,C005,2026-02-01,3,3,5,2.9,Low
R01119,C005,2026-03-01,1,0,1,2.9,Low
R01119,C005,2026-04-01,2,0,2,4.0,Low
R01119,C005,2026-05-01,3,1,3,4.4,Low
R01119,C005,2026-06-01,1,0,1,3.5,Low
R01120,C005,2026-01-01,3,2,2,4.3,Low
R01120,C005,2026-02-01,4,3,2,3.7,Medium
R01120,C005,2026-03-01,2,0,1,3.1,Low
R01120,C005,2026-04-01,6,4,1,4.1,Medium
R01120,C005,2026-05-01,2,1,2,2.4,Low
R01120,C005,2026-06-01,3,1,0,4.0,Low
R01121,C005,2026-01-01,1,1,0,3.6,Low
R01121,C005,2026-02-01,2,0,1,3.4,Low
R01121,C005,2026-03-01,0,0,0,2.9,Low
R01121,C005,2026-04-01,2,1,2,3.2,Low
R01121,C005,2026-05-01,2,2,0,4.6,Low
R01121,C005,2026-06-01,0,0,0,3.9,Low
R01122,C005,2026-01-01,5,4,2,3.5,Medium
R01122,C005,2026-02-01,5,2,0,5.0,Medium
R01122,C005,2026-03-01,5,4,1,4.8,Medium
R01122,C005,2026-04-01,6,2,3,5.0,Medium
R01122,C005,2026-05-01,6,3,4,3.0,Medium
R01122,C005,2026-06-01,7,4,2,4.6,High
R01123,C006,2026-01-01,4,4,0,3.2,Medium
R01123,C006,2026-02-01,4,3,0,3.2,Medium
R01123,C006,2026-03-01,4,5,0,3.8,Medium
R01123,C006,2026-04-01,3,2,2,3.0,Low
R01123,C006,2026-05-01,4,4,3,3.7,Medium
R01123,C006,2026-06-01,2,1,0,3.0,Low
R01124,C006,2026-01-01,3,3,3,3.0,Low
R01124,C006,2026-02-01,4,3,2,3.0,Medium
R01124,C006,2026-03-01,6,2,2,4.4,Medium
R01124,C006,2026-04-01,4,2,1,4.2,Medium
R01124,C006,2026-05-01,6,4,2,3.4,Medium
R01124,C006,2026-06-01,4,3,0,3.8,Medium
R01125,C006,2026-01-01,4,3,1,3.6,Medium
R01125,C006,2026-02-01,5,3,1,4.1,Medium
R01125,C006,2026-03-01,3,2,1,3.9,Low
R01125,C006,2026-04-01,4,2,1,3.9,Medium
R01125,C006,2026-05-01,4,5,1,4.0,Medium
R01125,C006,2026-06-01,4,3,1,3.0,Medium
R01126,C006,2026-01-01,8,1,1,5.0,High
R01126,C006,2026-02-01,5,4,2,3.6,Medium
R01126,C006,2026-03-01,5,3,3,4.3,Medium
R01126,C006,2026-04-01,6,4,2,4.4,Medium
R01126,C006,2026-05-01,4,4,3,4.1,Medium
R01126,C006,2026-06-01,7,4,3,4.1,High
R01127,C006,2026-01-01,3,3,1,3.5,Low
R01127,C006,2026-02-01,3,3,1,3.3,Low
R01127,C006,2026-03-01,3,4,0,4.2,Low
R01127,C006,2026-04-01,3,3,1,3.0,Low
R01127,C006,2026-05-01,1,0,1,2.6,Low
R01127,C006,2026-06-01,3,1,2,3.1,Low
R01128,C006,2026-01-01,6,5,2,4.8,Medium
R01128,C006,2026-02-01,6,3,0,4.6,Medium
R01128,C006,2026-03-01,4,4,1,3.0,Medium
R01128,C006,2026-04-01,6,5,1,4.6,Medium
R01128,C006,2026-05-01,6,3,1,3.3,Medium
R01128,C006,2026-06-01,5,4,1,3.7,Medium
R01129,C006,2026-01-01,6,5,0,4.4,Medium
R01129,C006,2026-02-01,6,3,3,4.0,Medium
R01129,C006,2026-03-01,4,3,1,3.4,Medium
R01129,C006,2026-04-01,7,4,2,3.4,High
R01129,C006,2026-05-01,6,3,2,3.8,Medium
R01129,C006,2026-06-01,7,2,0,4.1,High
R01130,C006,2026-01-01,2,1,1,3.4,Low
R01130,C006,2026-02-01,0,2,3,2.2,Low
R01130,C006,2026-03-01,1,2,2,3.4,Low
R01130,C006,2026-04-01,1,0,0,2.8,Low
R01130,C006,2026-05-01,1,0,0,2.7,Low
R01130,C006,2026-06-01,0,0,0,3.1,Low
R01131,C006,2026-01-01,7,4,0,4.0,High
R01131,C006,2026-02-01,6,3,3,3.8,Medium
R01131,C006,2026-03-01,7,2,0,4.0,High
R01131,C006,2026-04-01,7,3,2,3.5,High
R01131,C006,2026-05-01,5,3,1,3.8,Medium
R01131,C006,2026-06-01,8,5,2,4.1,High
R01132,C006,2026-01-01,5,5,2,3.6,Medium
R01132,C006,2026-02-01,5,5,0,4.3,Medium
R01132,C006,2026-03-01,3,5,3,3.9,Low
R01132,C006,2026-04-01,5,1,1,3.6,Medium
R01132,C006,2026-05-01,4,4,0,4.4,Medium
R01132,C006,2026-06-01,3,2,0,3.7,Low
R01133,C006,2026-01-01,4,4,1,3.4,Medium
R01133,C006,2026-02-01,4,5,0,4.4,Medium
R01133,C006,2026-03-01,6,4,2,4.8,Medium
R01133,C006,2026-04-01,6,3,2,3.4,Medium
R01133,C006,2026-05-01,5,2,0,4.5,Medium
R01133,C006,2026-06-01,6,4,1,3.9,Medium
R01134,C006,2026-01-01,1,2,1,3.4,Low
R01134,C006,2026-02-01,2,3,3,3.4,Low
R01134,C006,2026-03-01,1,0,0,4.0,Low
R01134,C006,2026-04-01,1,0,3,3.7,Low
R01134,C006,2026-05-01,2,1,0,2.5,Low
R01134,C006,2026-06-01,2,2,2,3.2,Low
R01135,C006,2026-01-01,6,2,0,4.2,Medium
R01135,C006,2026-02-01,6,2,1,4.2,Medium
R01135,C006,2026-03-01,7,4,0,4.4,High
R01135,C006,2026-04-01,6,4,0,4.8,Medium
R01135,C006,2026-05-01,7,4,1,5.0,High
R01135,C006,2026-06-01,7,3,0,4.3,High
R01136,C006,2026-01-01,1,1,2,2.8,Low
R01136,C006,2026-02-01,1,0,0,4.0,Low
R01136,C006,2026-03-01,1,2,1,2.6,Low
R01136,C006,2026-04-01,3,3,1,3.4,Low
R01136,C006,2026-05-01,1,0,1,3.7,Low
R01136,C006,2026-06-01,2,2,0,3.4,Low
R01137,C006,2026-01-01,2,2,1,2.7,Low
R01137,C006,2026-02-01,5,3,1,3.8,Medium
R01137,C006,2026-03-01,5,5,1,4.0,Medium
R01137,C006,2026-04-01,5,3,3,4.2,Medium
R01137,C006,2026-05-01,4,2,0,4.3,Medium
R01137,C006,2026-06-01,5,2,1,3.4,Medium
R01138,C006,2026-01-01,4,4,0,4.5,Medium
R01138,C006,2026-02-01,5,4,2,4.2,Medium
R01138,C006,2026-03-01,4,5,1,3.3,Medium
R01138,C006,2026-04-01,3,3,0,3.9,Low
R01138,C006,2026-05-01,4,4,0,4.2,Medium
R01138,C006,2026-06-01,4,3,0,3.8,Medium
R01139,C006,2026-01-01,4,4,2,4.4,Medium
R01139,C006,2026-02-01,4,5,1,4.6,Medium
R01139,C006,2026-03-01,5,4,0,3.0,Medium
R01139,C006,2026-04-01,5,3,4,3.4,Medium
R01139,C006,2026-05-01,4,4,1,4.4,Medium
R01139,C006,2026-06-01,4,3,1,4.3,Medium
R01140,C006,2026-01-01,7,3,2,4.9,High
R01140,C006,2026-02-01,6,4,1,3.2,Medium
R01140,C006,2026-03-01,7,3,1,3.8,High
R01140,C006,2026-04-01,6,4,1,3.6,Medium
R01140,C006,2026-05-01,5,4,2,3.3,Medium
R01140,C006,2026-06-01,7,3,1,3.8,High
R01141,C006,2026-01-01,4,3,0,3.8,Medium
R01141,C006,2026-02-01,3,3,1,3.6,Low
R01141,C006,2026-03-01,1,1,2,3.2,Low
R01141,C006,2026-04-01,2,1,2,3.3,Low
R01141,C006,2026-05-01,1,2,2,3.6,Low
R01141,C006,2026-06-01,4,3,1,3.4,Medium
R01142,C006,2026-01-01,4,5,1,4.3,Medium
R01142,C006,2026-02-01,5,2,0,4.4,Medium
R01142,C006,2026-03-01,2,2,0,4.4,Low
R01142,C006,2026-04-01,4,5,0,3.9,Medium
R01142,C006,2026-05-01,5,4,1,3.9,Medium
R01142,C006,2026-06-01,2,0,1,3.3,Low
R01143,C006,2026-01-01,3,3,1,3.8,Low
R01143,C006,2026-02-01,2,2,1,3.8,Low
R01143,C006,2026-03-01,2,2,1,2.7,Low
R01143,C006,2026-04-01,5,5,1,3.1,Medium
R01143,C006,2026-05-01,4,4,2,3.7,Medium
R01143,C006,2026-06-01,2,0,2,3.4,Low
R01144,C006,2026-01-01,8,3,1,4.5,High
R01144,C006,2026-02-01,9,2,0,4.9,High
R01144,C006,2026-03-01,8,2,2,4.9,High
R01144,C006,2026-04-01,6,2,0,4.5,Medium
R01144,C006,2026-05-01,5,3,3,4.8,Medium
R01144,C006,2026-06-01,7,3,2,4.0,High
R01145,C006,2026-01-01,1,1,2,3.4,Low
R01145,C006,2026-02-01,1,2,0,2.9,Low
R01145,C006,2026-03-01,1,1,1,2.6,Low
R01145,C006,2026-04-01,1,0,1,3.9,Low
R01145,C006,2026-05-01,2,1,2,3.0,Low
R01145,C006,2026-06-01,2,2,2,3.0,Low
R01146,C006,2026-01-01,3,4,1,4.3,Low
R01146,C006,2026-02-01,2,2,2,3.7,Low
R01146,C006,2026-03-01,3,2,0,2.6,Low
R01146,C006,2026-04-01,3,4,1,3.7,Low
R01146,C006,2026-05-01,3,4,0,3.8,Low
R01146,C006,2026-06-01,1,0,0,3.2,Low
R01147,C006,2026-01-01,3,4,2,4.5,Low
R01147,C006,2026-02-01,1,1,0,3.0,Low
R01147,C006,2026-03-01,3,4,2,2.1,Low
R01147,C006,2026-04-01,2,1,0,3.3,Low
R01147,C006,2026-05-01,2,2,0,2.1,Low
R01147,C006,2026-06-01,2,1,1,4.2,Low
R01148,C006,2026-01-01,0,0,1,2.9,Low
R01148,C006,2026-02-01,3,2,2,3.4,Low
R01148,C006,2026-03-01,2,2,1,3.0,Low
R01148,C006,2026-04-01,1,0,2,3.1,Low
R01148,C006,2026-05-01,2,3,3,3.7,Low
R01148,C006,2026-06-01,3,3,0,4.2,Low
R01149,C006,2026-01-01,2,2,0,3.3,Low
R01149,C006,2026-02-01,3,2,3,3.4,Low
R01149,C006,2026-03-01,4,3,2,3.7,Medium
R01149,C006,2026-04-01,4,4,0,4.1,Medium
R01149,C006,2026-05-01,4,3,0,3.3,Medium
R01149,C006,2026-06-01,2,2,2,3.4,Low
R01150,C006,2026-01-01,7,4,2,3.7,High
R01150,C006,2026-02-01,6,3,2,4.1,Medium
R01150,C006,2026-03-01,6,3,1,4.4,Medium
R01150,C006,2026-04-01,5,3,3,3.7,Medium
R01150,C006,2026-05-01,8,4,1,5.0,High
R01150,C006,2026-06-01,7,3,2,4.1,High
R01151,C006,2026-01-01,2,0,0,3.1,Low
R01151,C006,2026-02-01,2,2,0,4.2,Low
R01151,C006,2026-03-01,2,1,0,3.7,Low
R01151,C006,2026-04-01,3,3,1,4.4,Low
R01151,C006,2026-05-01,3,3,0,2.9,Low
R01151,C006,2026-06-01,0,0,4,2.9,Low
R01152,C006,2026-01-01,2,2,0,4.3,Low
R01152,C006,2026-02-01,3,2,1,3.2,Low
R01152,C006,2026-03-01,2,3,1,3.6,Low
R01152,C006,2026-04-01,3,3,1,3.7,Low
R01152,C006,2026-05-01,2,2,2,3.6,Low
R01152,C006,2026-06-01,2,1,0,3.8,Low
R01153,C006,2026-01-01,5,4,0,4.7,Medium
R01153,C006,2026-02-01,5,3,0,4.6,Medium
R01153,C006,2026-03-01,4,3,2,2.9,Medium
R01153,C006,2026-04-01,6,2,1,4.3,Medium
R01153,C006,2026-05-01,3,3,0,3.4,Low
R01153,C006,2026-06-01,6,3,0,4.4,Medium
R01154,C006,2026-01-01,3,2,0,3.6,Low
R01154,C006,2026-02-01,2,1,1,3.3,Low
R01154,C006,2026-03-01,3,3,0,4.7,Low
R01154,C006,2026-04-01,3,3,0,5.0,Low
R01154,C006,2026-05-01,2,2,2,3.4,Low
R01154,C006,2026-06-01,3,2,3,4.3,Low
R01155,C006,2026-01-01,5,1,1,3.9,Medium
R01155,C006,2026-02-01,6,3,1,3.7,Medium
R01155,C006,2026-03-01,6,5,2,3.8,Medium
R01155,C006,2026-04-01,5,3,1,4.4,Medium
R01155,C006,2026-05-01,3,2,2,4.0,Low
R01155,C006,2026-06-01,5,4,1,4.4,Medium
R01156,C006,2026-01-01,5,1,0,3.7,Medium
R01156,C006,2026-02-01,7,3,0,4.5,High
R01156,C006,2026-03-01,7,3,1,4.6,High
R01156,C006,2026-04-01,5,3,0,4.5,Medium
R01156,C006,2026-05-01,6,5,5,3.5,Medium
R01156,C006,2026-06-01,6,3,0,4.8,Medium
R01157,C006,2026-01-01,5,3,4,2.4,Medium
R01157,C006,2026-02-01,5,3,1,3.5,Medium
R01157,C006,2026-03-01,6,4,2,3.7,Medium
R01157,C006,2026-04-01,5,2,1,4.2,Medium
R01157,C006,2026-05-01,5,3,0,4.2,Medium
R01157,C006,2026-06-01,5,2,2,4.2,Medium
R01158,C006,2026-01-01,3,2,0,3.3,Low
R01158,C006,2026-02-01,4,2,0,4.2,Medium
R01158,C006,2026-03-01,3,3,2,3.8,Low
R01158,C006,2026-04-01,3,3,0,3.5,Low
R01158,C006,2026-05-01,2,1,2,3.2,Low
R01158,C006,2026-06-01,3,3,0,4.0,Low
R01159,C006,2026-01-01,6,4,1,4.2,Medium
R01159,C006,2026-02-01,6,3,3,4.1,Medium
R01159,C006,2026-03-01,5,3,0,3.4,Medium
R01159,C006,2026-04-01,7,3,2,4.7,High
R01159,C006,2026-05-01,5,4,1,4.1,Medium
R01159,C006,2026-06-01,6,5,1,4.4,Medium
R01160,C006,2026-01-01,1,3,3,3.1,Low
R01160,C006,2026-02-01,4,1,2,4.2,Medium
R01160,C006,2026-03-01,1,1,1,4.0,Low
R01160,C006,2026-04-01,3,4,2,3.0,Low
R01160,C006,2026-05-01,4,2,4,3.7,Medium
R01160,C006,2026-06-01,3,1,3,3.4,Low
R01161,C006,2026-01-01,2,0,0,3.8,Low
R01161,C006,2026-02-01,2,3,0,2.8,Low
R01161,C006,2026-03-01,1,1,0,2.8,Low
R01161,C006,2026-04-01,2,1,1,4.2,Low
R01161,C006,2026-05-01,1,0,1,3.4,Low
R01161,C006,2026-06-01,2,2,2,3.9,Low
R01162,C006,2026-01-01,4,3,2,3.7,Medium
R01162,C006,2026-02-01,3,3,1,4.0,Low
R01162,C006,2026-03-01,4,3,1,3.5,Medium
R01162,C006,2026-04-01,2,3,0,3.0,Low
R01162,C006,2026-05-01,3,2,0,3.9,Low
R01162,C006,2026-06-01,4,5,2,3.3,Medium
R01163,C006,2026-01-01,1,0,3,3.1,Low
R01163,C006,2026-02-01,1,1,1,4.0,Low
R01163,C006,2026-03-01,2,2,3,3.9,Low
R01163,C006,2026-04-01,1,0,2,3.6,Low
R01163,C006,2026-05-01,2,1,1,3.6,Low
R01163,C006,2026-06-01,2,0,2,2.7,Low
R01164,C006,2026-01-01,2,2,1,3.2,Low
R01164,C006,2026-02-01,1,0,0,2.8,Low
R01164,C006,2026-03-01,1,1,1,3.1,Low
R01164,C006,2026-04-01,1,0,0,2.9,Low
R01164,C006,2026-05-01,0,0,1,2.3,Low
R01164,C006,2026-06-01,2,3,1,4.2,Low
R01165,C006,2026-01-01,9,5,1,4.9,High
R01165,C006,2026-02-01,10,2,0,4.7,High
R01165,C006,2026-03-01,8,2,3,4.0,High
R01165,C006,2026-04-01,8,1,1,4.3,High
R01165,C006,2026-05-01,8,5,2,4.1,High
R01165,C006,2026-06-01,8,4,0,3.8,High
R01166,C006,2026-01-01,1,2,0,4.2,Low
R01166,C006,2026-02-01,2,1,2,2.8,Low
R01166,C006,2026-03-01,2,2,1,3.4,Low
R01166,C006,2026-04-01,2,0,0,3.1,Low
R01166,C006,2026-05-01,2,1,2,3.5,Low
R01166,C006,2026-06-01,3,3,1,4.4,Low
R01167,C006,2026-01-01,5,5,1,4.1,Medium
R01167,C006,2026-02-01,5,4,0,4.4,Medium
R01167,C006,2026-03-01,6,4,2,3.5,Medium
R01167,C006,2026-04-01,5,5,0,4.2,Medium
R01167,C006,2026-05-01,6,2,0,4.0,Medium
R01167,C006,2026-06-01,5,3,2,2.5,Medium
R01168,C006,2026-01-01,4,4,1,3.4,Medium
R01168,C006,2026-02-01,3,2,0,4.5,Low
R01168,C006,2026-03-01,2,3,0,2.7,Low
R01168,C006,2026-04-01,2,1,2,3.6,Low
R01168,C006,2026-05-01,1,0,2,3.5,Low
R01168,C006,2026-06-01,2,4,5,3.9,Low
R01169,C006,2026-01-01,1,1,1,3.2,Low
R01169,C006,2026-02-01,1,0,1,3.4,Low
R01169,C006,2026-03-01,0,0,0,3.5,Low
R01169,C006,2026-04-01,1,1,0,3.6,Low
R01169,C006,2026-05-01,0,0,1,3.0,Low
R01169,C006,2026-06-01,0,0,0,2.5,Low
R01170,C006,2026-01-01,4,2,1,3.5,Medium
R01170,C006,2026-02-01,4,3,1,3.6,Medium
R01170,C006,2026-03-01,4,4,1,3.9,Medium
R01170,C006,2026-04-01,4,2,0,4.1,Medium
R01170,C006,2026-05-01,3,3,3,3.0,Low
R01170,C006,2026-06-01,5,3,2,3.9,Medium
R01171,C006,2026-01-01,3,4,2,4.3,Low
R01171,C006,2026-02-01,3,3,0,3.2,Low
R01171,C006,2026-03-01,3,4,0,4.0,Low
R01171,C006,2026-04-01,4,4,0,4.0,Medium
R01171,C006,2026-05-01,3,1,1,3.0,Low
R01171,C006,2026-06-01,4,4,0,3.0,Medium
R01172,C006,2026-01-01,3,4,0,4.1,Low
R01172,C006,2026-02-01,2,1,2,2.9,Low
R01172,C006,2026-03-01,4,2,1,4.0,Medium
R01172,C006,2026-04-01,2,3,0,3.2,Low
R01172,C006,2026-05-01,3,3,0,3.6,Low
R01172,C006,2026-06-01,3,3,0,4.1,Low
R01173,C006,2026-01-01,5,5,1,4.0,Medium
R01173,C006,2026-02-01,4,3,1,3.4,Medium
R01173,C006,2026-03-01,3,3,1,3.2,Low
R01173,C006,2026-04-01,6,2,1,3.8,Medium
R01173,C006,2026-05-01,7,5,1,4.6,High
R01173,C006,2026-06-01,6,3,1,3.3,Medium
R01174,C006,2026-01-01,2,1,0,3.1,Low
R01174,C006,2026-02-01,4,4,0,4.4,Medium
R01174,C006,2026-03-01,5,5,1,4.4,Medium
R01174,C006,2026-04-01,2,1,1,3.2,Low
R01174,C006,2026-05-01,4,3,1,4.3,Medium
R01174,C006,2026-06-01,2,1,1,3.9,Low
R01175,C006,2026-01-01,4,3,1,3.6,Medium
R01175,C006,2026-02-01,2,0,0,3.4,Low
R01175,C006,2026-03-01,2,2,0,3.6,Low
R01175,C006,2026-04-01,1,0,0,4.0,Low
R01175,C006,2026-05-01,2,2,2,2.8,Low
R01175,C006,2026-06-01,2,0,1,3.4,Low
R01176,C006,2026-01-01,4,3,1,3.4,Medium
R01176,C006,2026-02-01,7,3,4,4.5,High
R01176,C006,2026-03-01,6,2,0,4.0,Medium
R01176,C006,2026-04-01,4,3,0,3.6,Medium
R01176,C006,2026-05-01,5,3,1,3.4,Medium
R01176,C006,2026-06-01,5,5,6,4.3,Medium
R01177,C006,2026-01-01,6,4,0,4.1,Medium
R01177,C006,2026-02-01,7,3,1,4.8,High
R01177,C006,2026-03-01,6,3,1,4.4,Medium
R01177,C006,2026-04-01,7,3,1,3.8,High
R01177,C006,2026-05-01,6,5,2,4.5,Medium
R01177,C006,2026-06-01,7,3,1,4.8,High
R01178,C006,2026-01-01,2,1,0,4.1,Low
R01178,C006,2026-02-01,2,2,1,3.7,Low
R01178,C006,2026-03-01,2,0,3,3.1,Low
R01178,C006,2026-04-01,1,0,0,3.8,Low
R01178,C006,2026-05-01,3,0,1,3.9,Low
R01178,C006,2026-06-01,4,4,1,4.0,Medium
R01179,C006,2026-01-01,3,3,1,3.1,Low
R01179,C006,2026-02-01,3,2,1,3.1,Low
R01179,C006,2026-03-01,4,4,4,2.5,Medium
R01179,C006,2026-04-01,2,1,3,2.5,Low
R01179,C006,2026-05-01,3,2,1,4.5,Low
R01179,C006,2026-06-01,4,5,1,3.0,Medium
R01180,C006,2026-01-01,3,3,0,3.7,Low
R01180,C006,2026-02-01,2,2,3,3.0,Low
R01180,C006,2026-03-01,2,2,0,3.3,Low
R01180,C006,2026-04-01,3,2,0,4.0,Low
R01180,C006,2026-05-01,4,4,1,4.7,Medium
R01180,C006,2026-06-01,5,4,0,4.0,Medium
R01181,C006,2026-01-01,7,3,1,4.2,High
R01181,C006,2026-02-01,6,5,1,4.6,Medium
R01181,C006,2026-03-01,7,4,2,4.4,High
R01181,C006,2026-04-01,7,4,1,4.2,High
R01181,C006,2026-05-01,6,3,2,4.0,Medium
R01181,C006,2026-06-01,5,4,1,3.1,Medium
R01182,C006,2026-01-01,4,2,0,4.0,Medium
R01182,C006,2026-02-01,5,2,1,4.4,Medium
R01182,C006,2026-03-01,5,3,1,3.7,Medium
R01182,C006,2026-04-01,4,4,1,4.1,Medium
R01182,C006,2026-05-01,4,4,1,3.8,Medium
R01182,C006,2026-06-01,5,4,0,4.4,Medium
R01183,C006,2026-01-01,5,3,2,4.0,Medium
R01183,C006,2026-02-01,4,5,1,2.8,Medium
R01183,C006,2026-03-01,6,3,0,3.7,Medium
R01183,C006,2026-04-01,7,4,1,4.6,High
R01183,C006,2026-05-01,6,4,1,4.0,Medium
R01183,C006,2026-06-01,5,5,3,3.8,Medium
R01184,C006,2026-01-01,3,2,2,3.5,Low
R01184,C006,2026-02-01,5,2,2,5.0,Medium
R01184,C006,2026-03-01,2,0,1,3.3,Low
R01184,C006,2026-04-01,4,5,2,3.2,Medium
R01184,C006,2026-05-01,1,0,4,2.8,Low
R01184,C006,2026-06-01,2,2,0,3.4,Low
R01185,C006,2026-01-01,0,0,0,4.1,Low
R01185,C006,2026-02-01,1,2,1,3.5,Low
R01185,C006,2026-03-01,0,0,1,2.3,Low
R01185,C006,2026-04-01,0,0,2,3.1,Low
R01185,C006,2026-05-01,1,0,2,3.5,Low
R01185,C006,2026-06-01,0,0,2,2.5,Low
R01186,C006,2026-01-01,3,2,1,3.7,Low
R01186,C006,2026-02-01,3,4,1,4.2,Low
R01186,C006,2026-03-01,3,2,1,3.4,Low
R01186,C006,2026-04-01,1,0,0,3.3,Low
R01186,C006,2026-05-01,3,1,1,5.0,Low
R01186,C006,2026-06-01,3,2,1,3.7,Low
R01187,C006,2026-01-01,3,2,1,3.3,Low
R01187,C006,2026-02-01,5,5,2,4.7,Medium
R01187,C006,2026-03-01,4,3,2,3.9,Medium
R01187,C006,2026-04-01,2,1,1,2.8,Low
R01187,C006,2026-05-01,1,1,1,3.3,Low
R01187,C006,2026-06-01,3,2,1,4.5,Low
R01188,C006,2026-01-01,3,3,0,2.8,Low
R01188,C006,2026-02-01,4,4,3,3.3,Medium
R01188,C006,2026-03-01,4,4,0,3.9,Medium
R01188,C006,2026-04-01,3,3,1,4.1,Low
R01188,C006,2026-05-01,2,1,1,2.5,Low
R01188,C006,2026-06-01,3,4,0,4.0,Low
R01189,C006,2026-01-01,5,4,3,3.0,Medium
R01189,C006,2026-02-01,3,1,1,2.6,Low
R01189,C006,2026-03-01,4,2,2,4.4,Medium
R01189,C006,2026-04-01,6,3,2,3.9,Medium
R01189,C006,2026-05-01,5,3,2,4.0,Medium
R01189,C006,2026-06-01,4,3,0,3.3,Medium
R01190,C006,2026-01-01,4,5,2,4.0,Medium
R01190,C006,2026-02-01,2,3,2,4.0,Low
R01190,C006,2026-03-01,3,3,2,3.5,Low
R01190,C006,2026-04-01,3,1,3,3.7,Low
R01190,C006,2026-05-01,2,2,0,3.9,Low
R01190,C006,2026-06-01,2,2,3,3.8,Low
R01191,C006,2026-01-01,2,1,3,4.0,Low
R01191,C006,2026-02-01,1,0,0,4.5,Low
R01191,C006,2026-03-01,2,1,1,3.7,Low
R01191,C006,2026-04-01,0,0,1,2.3,Low
R01191,C006,2026-05-01,2,0,1,3.3,Low
R01191,C006,2026-06-01,3,4,2,3.2,Low
R01192,C006,2026-01-01,4,2,1,4.0,Medium
R01192,C006,2026-02-01,4,3,1,4.3,Medium
R01192,C006,2026-03-01,3,2,0,4.6,Low
R01192,C006,2026-04-01,4,3,1,3.8,Medium
R01192,C006,2026-05-01,5,5,2,4.0,Medium
R01192,C006,2026-06-01,5,3,1,4.7,Medium
R01193,C006,2026-01-01,7,4,1,4.0,High
R01193,C006,2026-02-01,7,4,0,5.0,High
R01193,C006,2026-03-01,5,4,0,4.1,Medium
R01193,C006,2026-04-01,5,4,2,3.1,Medium
R01193,C006,2026-05-01,6,4,1,4.1,Medium
R01193,C006,2026-06-01,5,4,3,4.0,Medium
R01194,C006,2026-01-01,5,4,2,3.7,Medium
R01194,C006,2026-02-01,5,3,1,5.0,Medium
R01194,C006,2026-03-01,4,3,1,3.5,Medium
R01194,C006,2026-04-01,6,4,1,4.3,Medium
R01194,C006,2026-05-01,4,2,0,4.6,Medium
R01194,C006,2026-06-01,7,2,1,4.0,High
R01195,C006,2026-01-01,3,3,2,3.4,Low
R01195,C006,2026-02-01,2,2,0,4.0,Low
R01195,C006,2026-03-01,5,3,3,4.2,Medium
R01195,C006,2026-04-01,3,2,1,5.0,Low
R01195,C006,2026-05-01,3,3,3,3.4,Low
R01195,C006,2026-06-01,5,3,2,4.4,Medium
R01196,C006,2026-01-01,0,0,1,2.1,Low
R01196,C006,2026-02-01,0,0,3,2.8,Low
R01196,C006,2026-03-01,0,0,0,2.3,Low
R01196,C006,2026-04-01,0,0,3,3.1,Low
R01196,C006,2026-05-01,0,0,0,4.2,Low
R01196,C006,2026-06-01,0,0,2,4.1,Low
R01197,C006,2026-01-01,2,2,0,3.3,Low
R01197,C006,2026-02-01,4,3,0,3.8,Medium
R01197,C006,2026-03-01,1,0,2,2.8,Low
R01197,C006,2026-04-01,1,2,1,3.1,Low
R01197,C006,2026-05-01,3,3,0,3.8,Low
R01197,C006,2026-06-01,1,0,1,2.6,Low
R01198,C006,2026-01-01,5,2,2,4.0,Medium
R01198,C006,2026-02-01,5,5,2,4.6,Medium
R01198,C006,2026-03-01,4,5,5,3.7,Medium
R01198,C006,2026-04-01,3,2,0,4.2,Low
R01198,C006,2026-05-01,3,3,1,4.0,Low
R01198,C006,2026-06-01,5,3,1,4.0,Medium
R01199,C006,2026-01-01,5,4,0,3.9,Medium
R01199,C006,2026-02-01,6,3,1,3.9,Medium
R01199,C006,2026-03-01,8,3,1,5.0,High
R01199,C006,2026-04-01,7,5,0,4.5,High
R01199,C006,2026-05-01,5,4,1,4.1,Medium
R01199,C006,2026-06-01,7,2,1,5.0,High
R01200,C006,2026-01-01,3,2,2,4.6,Low
R01200,C006,2026-02-01,3,3,0,4.5,Low
R01200,C006,2026-03-01,3,4,0,3.5,Low
R01200,C006,2026-04-01,4,3,1,3.8,Medium
R01200,C006,2026-05-01,2,1,0,4.4,Low
R01200,C006,2026-06-01,0,0,1,4.4,Low
R01201,C006,2026-01-01,1,1,0,3.6,Low
R01201,C006,2026-02-01,4,5,1,3.4,Medium
R01201,C006,2026-03-01,5,3,1,3.5,Medium
R01201,C006,2026-04-01,1,1,2,3.1,Low
R01201,C006,2026-05-01,3,2,1,4.3,Low
R01201,C006,2026-06-01,5,4,2,3.3,Medium
R01202,C006,2026-01-01,4,3,3,3.6,Medium
R01202,C006,2026-02-01,4,3,0,4.8,Medium
R01202,C006,2026-03-01,6,2,2,3.9,Medium
R01202,C006,2026-04-01,5,4,1,3.1,Medium
R01202,C006,2026-05-01,5,4,0,4.6,Medium
R01202,C006,2026-06-01,6,4,1,4.3,Medium
R01203,C006,2026-01-01,6,5,1,4.1,Medium
R01203,C006,2026-02-01,8,4,0,5.0,High
R01203,C006,2026-03-01,7,3,1,5.0,High
R01203,C006,2026-04-01,5,3,1,3.9,Medium
R01203,C006,2026-05-01,8,3,1,5.0,High
R01203,C006,2026-06-01,5,4,0,3.8,Medium
R01204,C006,2026-01-01,5,4,1,4.5,Medium
R01204,C006,2026-02-01,3,1,1,3.6,Low
R01204,C006,2026-03-01,4,3,2,3.6,Medium
R01204,C006,2026-04-01,2,2,0,3.4,Low
R01204,C006,2026-05-01,4,5,2,3.6,Medium
R01204,C006,2026-06-01,3,1,0,3.7,Low
R01205,C006,2026-01-01,2,1,1,4.8,Low
R01205,C006,2026-02-01,0,0,2,2.9,Low
R01205,C006,2026-03-01,2,1,1,3.0,Low
R01205,C006,2026-04-01,0,0,0,3.6,Low
R01205,C006,2026-05-01,0,1,0,3.4,Low
R01205,C006,2026-06-01,1,0,0,3.5,Low
R01206,C006,2026-01-01,6,4,0,5.0,Medium
R01206,C006,2026-02-01,4,3,0,3.5,Medium
R01206,C006,2026-03-01,3,3,2,3.7,Low
R01206,C006,2026-04-01,3,1,0,4.2,Low
R01206,C006,2026-05-01,5,5,0,4.3,Medium
R01206,C006,2026-06-01,4,4,1,3.1,Medium
R01207,C006,2026-01-01,7,3,0,4.2,High
R01207,C006,2026-02-01,6,3,3,3.5,Medium
R01207,C006,2026-03-01,5,4,0,3.6,Medium
R01207,C006,2026-04-01,4,3,1,3.4,Medium
R01207,C006,2026-05-01,4,3,2,3.9,Medium
R01207,C006,2026-06-01,5,4,1,4.9,Medium
R01208,C006,2026-01-01,4,4,1,3.4,Medium
R01208,C006,2026-02-01,1,1,1,3.1,Low
R01208,C006,2026-03-01,2,2,2,3.1,Low
R01208,C006,2026-04-01,4,3,3,3.9,Medium
R01208,C006,2026-05-01,3,2,0,3.5,Low
R01208,C006,2026-06-01,3,2,0,3.6,Low
R01209,C006,2026-01-01,2,2,1,4.1,Low
R01209,C006,2026-02-01,2,3,5,3.7,Low
R01209,C006,2026-03-01,4,4,1,3.5,Medium
R01209,C006,2026-04-01,3,4,1,2.7,Low
R01209,C006,2026-05-01,4,3,1,3.7,Medium
R01209,C006,2026-06-01,2,2,1,3.8,Low
R01210,C006,2026-01-01,1,1,2,3.6,Low
R01210,C006,2026-02-01,2,3,3,3.0,Low
R01210,C006,2026-03-01,3,3,1,3.0,Low
R01210,C006,2026-04-01,4,2,0,3.9,Medium
R01210,C006,2026-05-01,3,4,2,3.9,Low
R01210,C006,2026-06-01,2,1,3,3.7,Low
R01211,C006,2026-01-01,4,2,2,3.9,Medium
R01211,C006,2026-02-01,2,2,2,3.8,Low
R01211,C006,2026-03-01,1,2,1,3.3,Low
R01211,C006,2026-04-01,1,0,1,3.0,Low
R01211,C006,2026-05-01,2,3,2,3.9,Low
R01211,C006,2026-06-01,4,4,0,3.0,Medium
R01212,C006,2026-01-01,1,1,1,3.3,Low
R01212,C006,2026-02-01,2,1,0,2.9,Low
R01212,C006,2026-03-01,0,0,1,3.1,Low
R01212,C006,2026-04-01,2,1,1,3.5,Low
R01212,C006,2026-05-01,3,3,1,3.2,Low
R01212,C006,2026-06-01,2,2,1,2.4,Low
R01213,C006,2026-01-01,6,4,0,3.1,Medium
R01213,C006,2026-02-01,6,3,0,4.5,Medium
R01213,C006,2026-03-01,7,1,3,5.0,High
R01213,C006,2026-04-01,8,1,1,4.2,High
R01213,C006,2026-05-01,6,3,0,4.4,Medium
R01213,C006,2026-06-01,6,5,0,3.8,Medium
R01214,C006,2026-01-01,3,4,1,3.7,Low
R01214,C006,2026-02-01,2,2,2,4.0,Low
R01214,C006,2026-03-01,3,1,0,3.7,Low
R01214,C006,2026-04-01,3,5,3,4.3,Low
R01214,C006,2026-05-01,3,2,2,3.0,Low
R01214,C006,2026-06-01,5,4,1,3.7,Medium
R01215,C006,2026-01-01,4,5,3,3.3,Medium
R01215,C006,2026-02-01,5,3,1,4.1,Medium
R01215,C006,2026-03-01,5,3,1,3.6,Medium
R01215,C006,2026-04-01,5,4,1,4.7,Medium
R01215,C006,2026-05-01,4,5,1,3.5,Medium
R01215,C006,2026-06-01,5,3,1,4.2,Medium
R01216,C006,2026-01-01,3,3,2,5.0,Low
R01216,C006,2026-02-01,4,3,2,2.8,Medium
R01216,C006,2026-03-01,3,3,3,3.2,Low
R01216,C006,2026-04-01,3,1,0,3.1,Low
R01216,C006,2026-05-01,4,4,1,3.9,Medium
R01216,C006,2026-06-01,4,4,0,3.2,Medium
R01217,C006,2026-01-01,5,4,5,3.9,Medium
R01217,C006,2026-02-01,6,4,0,3.7,Medium
R01217,C006,2026-03-01,5,4,0,5.0,Medium
R01217,C006,2026-04-01,5,4,2,2.8,Medium
R01217,C006,2026-05-01,6,2,1,4.5,Medium
R01217,C006,2026-06-01,4,4,0,3.3,Medium
R01218,C006,2026-01-01,6,5,0,4.6,Medium
R01218,C006,2026-02-01,5,3,3,3.5,Medium
R01218,C006,2026-03-01,2,0,1,3.7,Low
R01218,C006,2026-04-01,2,1,0,3.5,Low
R01218,C006,2026-05-01,4,2,1,3.7,Medium
R01218,C006,2026-06-01,3,2,0,3.9,Low
R01219,C006,2026-01-01,4,4,2,3.5,Medium
R01219,C006,2026-02-01,2,2,0,2.8,Low
R01219,C006,2026-03-01,1,2,3,3.2,Low
R01219,C006,2026-04-01,2,1,1,4.3,Low
R01219,C006,2026-05-01,3,2,0,4.4,Low
R01219,C006,2026-06-01,3,4,0,3.2,Low
R01220,C006,2026-01-01,0,0,0,2.7,Low
R01220,C006,2026-02-01,0,0,3,3.4,Low
R01220,C006,2026-03-01,0,0,1,3.2,Low
R01220,C006,2026-04-01,0,0,2,3.6,Low
R01220,C006,2026-05-01,0,0,2,3.3,Low
R01220,C006,2026-06-01,0,0,0,3.0,Low
R01221,C006,2026-01-01,3,3,3,4.2,Low
R01221,C006,2026-02-01,4,3,1,4.3,Medium
R01221,C006,2026-03-01,2,1,1,4.1,Low
R01221,C006,2026-04-01,3,2,3,3.3,Low
R01221,C006,2026-05-01,2,2,0,4.0,Low
R01221,C006,2026-06-01,3,4,1,3.3,Low
R01222,C006,2026-01-01,7,4,3,4.2,High
R01222,C006,2026-02-01,4,3,0,3.6,Medium
R01222,C006,2026-03-01,5,3,1,3.5,Medium
R01222,C006,2026-04-01,7,4,1,4.0,High
R01222,C006,2026-05-01,6,3,0,4.4,Medium
R01222,C006,2026-06-01,6,3,0,4.8,Medium
R01223,C006,2026-01-01,2,2,1,3.4,Low
R01223,C006,2026-02-01,0,0,3,2.1,Low
R01223,C006,2026-03-01,2,0,1,3.2,Low
R01223,C006,2026-04-01,1,0,1,3.2,Low
R01223,C006,2026-05-01,3,3,1,4.1,Low
R01223,C006,2026-06-01,4,5,2,3.5,Medium
R01224,C006,2026-01-01,5,4,0,4.1,Medium
R01224,C006,2026-02-01,6,4,1,3.6,Medium
R01224,C006,2026-03-01,6,4,1,4.6,Medium
R01224,C006,2026-04-01,6,2,0,3.7,Medium
R01224,C006,2026-05-01,4,4,2,3.4,Medium
R01224,C006,2026-06-01,6,4,1,5.0,Medium
R01225,C006,2026-01-01,2,0,1,2.9,Low
R01225,C006,2026-02-01,3,5,3,3.4,Low
R01225,C006,2026-03-01,2,3,2,3.2,Low
R01225,C006,2026-04-01,3,3,1,3.7,Low
R01225,C006,2026-05-01,2,2,1,3.1,Low
R01225,C006,2026-06-01,4,4,1,3.4,Medium
R01226,C006,2026-01-01,1,1,3,3.7,Low
R01226,C006,2026-02-01,1,0,3,3.9,Low
R01226,C006,2026-03-01,4,4,2,3.6,Medium
R01226,C006,2026-04-01,2,3,2,3.2,Low
R01226,C006,2026-05-01,1,2,0,3.2,Low
R01226,C006,2026-06-01,2,1,2,2.7,Low
R01227,C006,2026-01-01,2,2,3,4.2,Low
R01227,C006,2026-02-01,3,4,1,4.0,Low
R01227,C006,2026-03-01,2,1,1,3.2,Low
R01227,C006,2026-04-01,2,0,2,3.0,Low
R01227,C006,2026-05-01,2,2,2,3.3,Low
R01227,C006,2026-06-01,1,0,1,3.4,Low
R01228,C006,2026-01-01,8,3,0,5.0,High
R01228,C006,2026-02-01,8,3,2,4.5,High
R01228,C006,2026-03-01,8,4,2,5.0,High
R01228,C006,2026-04-01,7,4,1,4.7,High
R01228,C006,2026-05-01,8,3,2,4.6,High
R01228,C006,2026-06-01,6,4,0,3.8,Medium
R01229,C006,2026-01-01,2,2,2,3.9,Low
R01229,C006,2026-02-01,3,3,0,3.1,Low
R01229,C006,2026-03-01,3,3,5,3.0,Low
R01229,C006,2026-04-01,1,0,2,2.5,Low
R01229,C006,2026-05-01,3,1,1,3.8,Low
R01229,C006,2026-06-01,2,3,1,4.6,Low
R01230,C006,2026-01-01,0,0,1,3.4,Low
R01230,C006,2026-02-01,0,0,3,2.8,Low
R01230,C006,2026-03-01,2,0,5,3.7,Low
R01230,C006,2026-04-01,2,2,0,2.7,Low
R01230,C006,2026-05-01,0,0,2,3.4,Low
R01230,C006,2026-06-01,0,0,0,2.5,Low
R01231,C006,2026-01-01,4,3,1,4.2,Medium
R01231,C006,2026-02-01,1,1,1,2.8,Low
R01231,C006,2026-03-01,4,4,1,3.6,Medium
R01231,C006,2026-04-01,3,2,2,3.8,Low
R01231,C006,2026-05-01,2,1,2,3.7,Low
R01231,C006,2026-06-01,4,4,3,3.3,Medium
R01232,C006,2026-01-01,6,2,2,4.4,Medium
R01232,C006,2026-02-01,4,4,4,3.7,Medium
R01232,C006,2026-03-01,5,5,5,4.3,Medium
R01232,C006,2026-04-01,6,4,3,4.9,Medium
R01232,C006,2026-05-01,5,5,1,2.7,Medium
R01232,C006,2026-06-01,3,2,0,3.9,Low
R01233,C006,2026-01-01,6,5,2,3.7,Medium
R01233,C006,2026-02-01,6,2,0,4.5,Medium
R01233,C006,2026-03-01,6,4,0,3.8,Medium
R01233,C006,2026-04-01,5,4,2,4.7,Medium
R01233,C006,2026-05-01,5,3,0,3.9,Medium
R01233,C006,2026-06-01,5,3,0,4.1,Medium
R01234,C006,2026-01-01,3,3,3,3.8,Low
R01234,C006,2026-02-01,2,1,0,3.1,Low
R01234,C006,2026-03-01,1,2,2,4.4,Low
R01234,C006,2026-04-01,1,0,1,4.0,Low
R01234,C006,2026-05-01,3,5,3,3.2,Low
R01234,C006,2026-06-01,1,2,2,2.4,Low
R01235,C006,2026-01-01,2,2,1,4.4,Low
R01235,C006,2026-02-01,2,2,2,4.1,Low
R01235,C006,2026-03-01,3,4,0,4.8,Low
R01235,C006,2026-04-01,1,1,1,3.5,Low
R01235,C006,2026-05-01,3,4,1,3.4,Low
R01235,C006,2026-06-01,1,0,0,3.6,Low
R01236,C006,2026-01-01,1,0,1,3.6,Low
R01236,C006,2026-02-01,2,1,2,4.1,Low
R01236,C006,2026-03-01,4,4,0,4.7,Medium
R01236,C006,2026-04-01,3,4,2,4.2,Low
R01236,C006,2026-05-01,2,2,2,3.4,Low
R01236,C006,2026-06-01,2,0,2,2.5,Low
R01237,C006,2026-01-01,6,3,2,5.0,Medium
R01237,C006,2026-02-01,5,4,0,4.7,Medium
R01237,C006,2026-03-01,6,4,0,5.0,Medium
R01237,C006,2026-04-01,5,5,1,3.9,Medium
R01237,C006,2026-05-01,6,2,0,3.9,Medium
R01237,C006,2026-06-01,5,2,0,4.0,Medium
R01238,C006,2026-01-01,3,1,3,3.1,Low
R01238,C006,2026-02-01,7,5,2,4.1,High
R01238,C006,2026-03-01,5,4,0,4.7,Medium
R01238,C006,2026-04-01,4,5,3,3.6,Medium
R01238,C006,2026-05-01,3,1,0,4.5,Low
R01238,C006,2026-06-01,4,2,2,3.7,Medium
R01239,C006,2026-01-01,5,5,1,3.7,Medium
R01239,C006,2026-02-01,4,5,0,4.2,Medium
R01239,C006,2026-03-01,4,4,0,3.7,Medium
R01239,C006,2026-04-01,5,2,3,3.9,Medium
R01239,C006,2026-05-01,4,3,1,3.1,Medium
R01239,C006,2026-06-01,5,4,1,4.1,Medium
R01240,C006,2026-01-01,0,0,1,3.4,Low
R01240,C006,2026-02-01,0,0,1,3.6,Low
R01240,C006,2026-03-01,2,2,3,3.8,Low
R01240,C006,2026-04-01,1,0,2,2.8,Low
R01240,C006,2026-05-01,1,0,0,2.7,Low
R01240,C006,2026-06-01,2,3,2,2.8,Low
R01241,C006,2026-01-01,8,2,1,4.5,High
R01241,C006,2026-02-01,9,3,1,5.0,High
R01241,C006,2026-03-01,7,5,1,3.3,High
R01241,C006,2026-04-01,7,2,0,5.0,High
R01241,C006,2026-05-01,9,3,0,5.0,High
R01241,C006,2026-06-01,8,4,3,3.7,High
R01242,C006,2026-01-01,2,1,1,3.0,Low
R01242,C006,2026-02-01,1,1,2,2.9,Low
R01242,C006,2026-03-01,2,2,2,4.1,Low
R01242,C006,2026-04-01,2,2,2,4.3,Low
R01242,C006,2026-05-01,2,2,1,3.5,Low
R01242,C006,2026-06-01,2,2,2,3.4,Low
R01243,C006,2026-01-01,5,2,1,3.8,Medium
R01243,C006,2026-02-01,6,1,2,3.9,Medium
R01243,C006,2026-03-01,4,2,3,3.7,Medium
R01243,C006,2026-04-01,6,3,2,4.5,Medium
R01243,C006,2026-05-01,4,3,1,3.8,Medium
R01243,C006,2026-06-01,3,4,0,2.5,Low
R01244,C006,2026-01-01,2,3,2,2.9,Low
R01244,C006,2026-02-01,3,3,2,2.9,Low
R01244,C006,2026-03-01,3,2,0,3.1,Low
R01244,C006,2026-04-01,3,4,2,4.3,Low
R01244,C006,2026-05-01,3,3,1,3.6,Low
R01244,C006,2026-06-01,3,2,1,3.3,Low
R01245,C006,2026-01-01,4,4,1,4.5,Medium
R01245,C006,2026-02-01,4,4,0,3.4,Medium
R01245,C006,2026-03-01,4,5,0,3.5,Medium
R01245,C006,2026-04-01,4,3,4,2.8,Medium
R01245,C006,2026-05-01,6,4,3,4.3,Medium
R01245,C006,2026-06-01,5,3,1,2.7,Medium
R01246,C006,2026-01-01,4,4,0,3.4,Medium
R01246,C006,2026-02-01,3,3,1,4.0,Low
R01246,C006,2026-03-01,4,3,1,4.0,Medium
R01246,C006,2026-04-01,1,0,1,4.1,Low
R01246,C006,2026-05-01,4,3,0,3.9,Medium
R01246,C006,2026-06-01,2,1,1,3.7,Low
R01247,C006,2026-01-01,3,2,1,2.6,Low
R01247,C006,2026-02-01,4,2,2,3.8,Medium
R01247,C006,2026-03-01,3,3,0,4.2,Low
R01247,C006,2026-04-01,3,4,3,2.3,Low
R01247,C006,2026-05-01,2,3,1,3.3,Low
R01247,C006,2026-06-01,3,1,3,3.2,Low
R01248,C006,2026-01-01,4,3,1,3.9,Medium
R01248,C006,2026-02-01,3,3,4,2.1,Low
R01248,C006,2026-03-01,4,3,0,4.4,Medium
R01248,C006,2026-04-01,2,0,3,3.9,Low
R01248,C006,2026-05-01,4,3,3,3.7,Medium
R01248,C006,2026-06-01,4,3,4,3.5,Medium
R01249,C006,2026-01-01,7,5,0,4.3,High
R01249,C006,2026-02-01,6,3,2,4.4,Medium
R01249,C006,2026-03-01,5,4,2,3.9,Medium
R01249,C006,2026-04-01,7,4,4,3.8,High
R01249,C006,2026-05-01,5,4,3,4.1,Medium
R01249,C006,2026-06-01,8,4,1,4.9,High
R01250,C006,2026-01-01,1,0,3,3.7,Low
R01250,C006,2026-02-01,2,1,1,3.5,Low
R01250,C006,2026-03-01,0,1,0,4.2,Low
R01250,C006,2026-04-01,0,0,2,3.1,Low
R01250,C006,2026-05-01,2,2,0,4.2,Low
R01250,C006,2026-06-01,2,1,3,2.9,Low
R01251,C006,2026-01-01,6,2,2,4.2,Medium
R01251,C006,2026-02-01,6,4,0,2.8,Medium
R01251,C006,2026-03-01,6,4,1,4.4,Medium
R01251,C006,2026-04-01,5,4,0,3.4,Medium
R01251,C006,2026-05-01,6,5,0,4.5,Medium
R01251,C006,2026-06-01,6,4,3,4.2,Medium
R01252,C006,2026-01-01,3,2,3,3.3,Low
R01252,C006,2026-02-01,3,1,0,4.2,Low
R01252,C006,2026-03-01,2,0,2,2.9,Low
R01252,C006,2026-04-01,3,3,1,3.9,Low
R01252,C006,2026-05-01,3,4,0,3.4,Low
R01252,C006,2026-06-01,2,0,0,4.1,Low
R01253,C006,2026-01-01,3,2,0,4.5,Low
R01253,C006,2026-02-01,4,5,0,2.5,Medium
R01253,C006,2026-03-01,3,4,0,3.7,Low
R01253,C006,2026-04-01,3,2,2,3.5,Low
R01253,C006,2026-05-01,6,1,1,3.5,Medium
R01253,C006,2026-06-01,5,2,0,4.1,Medium
R01254,C006,2026-01-01,1,0,2,3.4,Low
R01254,C006,2026-02-01,0,0,2,3.4,Low
R01254,C006,2026-03-01,1,2,2,3.3,Low
R01254,C006,2026-04-01,0,0,1,2.3,Low
R01254,C006,2026-05-01,0,0,2,2.5,Low
R01254,C006,2026-06-01,2,2,0,4.0,Low
R01255,C006,2026-01-01,5,3,0,4.5,Medium
R01255,C006,2026-02-01,6,4,3,4.4,Medium
R01255,C006,2026-03-01,5,4,0,4.7,Medium
R01255,C006,2026-04-01,5,4,0,4.7,Medium
R01255,C006,2026-05-01,7,3,3,3.7,High
R01255,C006,2026-06-01,7,3,3,4.2,High
R01256,C006,2026-01-01,4,1,0,4.0,Medium
R01256,C006,2026-02-01,2,3,1,4.2,Low
R01256,C006,2026-03-01,3,2,0,2.7,Low
R01256,C006,2026-04-01,2,1,1,3.9,Low
R01256,C006,2026-05-01,3,1,2,4.2,Low
R01256,C006,2026-06-01,2,2,1,4.0,Low
R01257,C006,2026-01-01,8,3,2,4.8,High
R01257,C006,2026-02-01,9,5,1,5.0,High
R01257,C006,2026-03-01,8,3,1,4.6,High
R01257,C006,2026-04-01,10,4,0,4.7,High
R01257,C006,2026-05-01,8,3,3,4.2,High
R01257,C006,2026-06-01,8,4,1,4.2,High
R01258,C006,2026-01-01,3,1,1,4.3,Low
R01258,C006,2026-02-01,5,3,5,3.1,Medium
R01258,C006,2026-03-01,5,3,2,4.2,Medium
R01258,C006,2026-04-01,5,4,4,3.6,Medium
R01258,C006,2026-05-01,4,2,0,3.3,Medium
R01258,C006,2026-06-01,4,3,1,4.7,Medium
R01259,C006,2026-01-01,0,0,0,2.3,Low
R01259,C006,2026-02-01,1,0,1,3.2,Low
R01259,C006,2026-03-01,0,0,2,3.4,Low
R01259,C006,2026-04-01,2,1,2,3.1,Low
R01259,C006,2026-05-01,1,0,0,3.3,Low
R01259,C006,2026-06-01,0,0,0,3.2,Low
R01260,C006,2026-01-01,4,2,1,2.6,Medium
R01260,C006,2026-02-01,4,3,1,4.6,Medium
R01260,C006,2026-03-01,3,2,0,3.0,Low
R01260,C006,2026-04-01,3,3,2,4.1,Low
R01260,C006,2026-05-01,3,4,0,3.7,Low
R01260,C006,2026-06-01,5,4,3,3.9,Medium
R01261,C006,2026-01-01,7,3,4,4.1,High
R01261,C006,2026-02-01,6,5,1,4.7,Medium
R01261,C006,2026-03-01,7,5,1,4.4,High
R01261,C006,2026-04-01,6,5,1,3.0,Medium
R01261,C006,2026-05-01,6,2,0,4.1,Medium
R01261,C006,2026-06-01,8,2,2,5.0,High
R01262,C006,2026-01-01,3,3,0,4.3,Low
R01262,C006,2026-02-01,1,1,2,3.4,Low
R01262,C006,2026-03-01,2,1,2,3.6,Low
R01262,C006,2026-04-01,3,2,0,4.4,Low
R01262,C006,2026-05-01,4,4,0,5.0,Medium
R01262,C006,2026-06-01,4,3,0,3.8,Medium
R01263,C006,2026-01-01,0,0,0,3.3,Low
R01263,C006,2026-02-01,1,2,0,2.3,Low
R01263,C006,2026-03-01,1,1,3,3.1,Low
R01263,C006,2026-04-01,1,0,0,3.7,Low
R01263,C006,2026-05-01,0,0,0,3.3,Low
R01263,C006,2026-06-01,2,2,0,4.4,Low
R01264,C006,2026-01-01,3,3,1,3.9,Low
R01264,C006,2026-02-01,4,4,0,4.3,Medium
R01264,C006,2026-03-01,4,5,2,3.0,Medium
R01264,C006,2026-04-01,4,4,1,2.6,Medium
R01264,C006,2026-05-01,4,5,4,4.4,Medium
R01264,C006,2026-06-01,3,4,2,4.2,Low
R01265,C006,2026-01-01,3,2,2,2.9,Low
R01265,C006,2026-02-01,6,3,1,4.8,Medium
R01265,C006,2026-03-01,3,3,1,4.4,Low
R01265,C006,2026-04-01,6,4,1,3.8,Medium
R01265,C006,2026-05-01,4,3,0,4.1,Medium
R01265,C006,2026-06-01,6,4,0,4.8,Medium
R01266,C006,2026-01-01,4,2,0,3.5,Medium
R01266,C006,2026-02-01,4,3,0,3.9,Medium
R01266,C006,2026-03-01,4,4,0,4.3,Medium
R01266,C006,2026-04-01,4,5,0,4.8,Medium
R01266,C006,2026-05-01,3,2,1,3.5,Low
R01266,C006,2026-06-01,5,2,1,3.6,Medium
R01267,C006,2026-01-01,4,4,0,3.1,Medium
R01267,C006,2026-02-01,5,4,0,4.7,Medium
R01267,C006,2026-03-01,3,3,0,3.3,Low
R01267,C006,2026-04-01,4,3,1,3.4,Medium
R01267,C006,2026-05-01,2,1,1,4.3,Low
R01267,C006,2026-06-01,3,1,2,4.3,Low
R01268,C006,2026-01-01,3,3,1,3.1,Low
R01268,C006,2026-02-01,3,1,0,3.3,Low
R01268,C006,2026-03-01,4,5,3,3.2,Medium
R01268,C006,2026-04-01,5,2,2,4.8,Medium
R01268,C006,2026-05-01,3,3,1,2.6,Low
R01268,C006,2026-06-01,3,1,2,2.9,Low
R01269,C006,2026-01-01,4,4,0,4.1,Medium
R01269,C006,2026-02-01,2,2,1,3.1,Low
R01269,C006,2026-03-01,3,2,1,3.9,Low
R01269,C006,2026-04-01,4,5,0,3.3,Medium
R01269,C006,2026-05-01,5,2,1,4.4,Medium
R01269,C006,2026-06-01,4,4,2,3.9,Medium
R01270,C006,2026-01-01,5,4,3,4.3,Medium
R01270,C006,2026-02-01,4,3,0,3.4,Medium
R01270,C006,2026-03-01,5,4,1,4.7,Medium
R01270,C006,2026-04-01,7,4,3,3.6,High
R01270,C006,2026-05-01,6,4,1,3.4,Medium
R01270,C006,2026-06-01,5,3,3,4.1,Medium
R01271,C006,2026-01-01,6,3,0,4.6,Medium
R01271,C006,2026-02-01,7,4,0,3.7,High
R01271,C006,2026-03-01,7,3,3,3.8,High
R01271,C006,2026-04-01,7,4,1,4.7,High
R01271,C006,2026-05-01,7,2,3,4.7,High
R01271,C006,2026-06-01,6,5,2,4.2,Medium
R01272,C006,2026-01-01,3,1,4,3.1,Low
R01272,C006,2026-02-01,3,2,1,3.7,Low
R01272,C006,2026-03-01,3,1,4,2.8,Low
R01272,C006,2026-04-01,6,4,1,3.6,Medium
R01272,C006,2026-05-01,3,3,4,2.5,Low
R01272,C006,2026-06-01,1,1,2,2.4,Low
R01273,C006,2026-01-01,3,3,2,3.2,Low
R01273,C006,2026-02-01,4,3,2,3.8,Medium
R01273,C006,2026-03-01,3,3,1,3.0,Low
R01273,C006,2026-04-01,2,1,3,3.1,Low
R01273,C006,2026-05-01,3,3,3,4.7,Low
R01273,C006,2026-06-01,5,4,1,3.2,Medium
R01274,C006,2026-01-01,2,2,0,2.9,Low
R01274,C006,2026-02-01,2,3,1,4.3,Low
R01274,C006,2026-03-01,1,1,0,5.0,Low
R01274,C006,2026-04-01,1,1,0,3.8,Low
R01274,C006,2026-05-01,1,1,0,3.0,Low
R01274,C006,2026-06-01,1,0,4,3.7,Low
R01275,C006,2026-01-01,2,1,1,4.2,Low
R01275,C006,2026-02-01,3,1,2,3.3,Low
R01275,C006,2026-03-01,0,0,0,4.3,Low
R01275,C006,2026-04-01,2,1,1,3.5,Low
R01275,C006,2026-05-01,1,0,1,2.7,Low
R01275,C006,2026-06-01,1,2,2,3.5,Low
R01276,C006,2026-01-01,3,4,0,3.8,Low
R01276,C006,2026-02-01,2,0,0,3.2,Low
R01276,C006,2026-03-01,2,2,2,2.9,Low
R01276,C006,2026-04-01,2,2,2,4.3,Low
R01276,C006,2026-05-01,1,0,1,3.9,Low
R01276,C006,2026-06-01,2,2,0,3.1,Low
R01277,C006,2026-01-01,0,0,2,3.1,Low
R01277,C006,2026-02-01,0,0,1,2.5,Low
R01277,C006,2026-03-01,0,0,1,3.1,Low
R01277,C006,2026-04-01,0,0,0,2.5,Low
R01277,C006,2026-05-01,0,0,5,2.0,Low
R01277,C006,2026-06-01,0,0,2,3.7,Low
R01278,C006,2026-01-01,2,1,1,3.6,Low
R01278,C006,2026-02-01,1,0,2,2.9,Low
R01278,C006,2026-03-01,2,2,1,3.1,Low
R01278,C006,2026-04-01,4,4,2,2.9,Medium
R01278,C006,2026-05-01,4,3,1,3.9,Medium
R01278,C006,2026-06-01,3,3,0,4.0,Low
R01279,C006,2026-01-01,2,0,0,4.2,Low
R01279,C006,2026-02-01,1,0,0,2.8,Low
R01279,C006,2026-03-01,0,0,1,2.3,Low
R01279,C006,2026-04-01,2,1,1,3.0,Low
R01279,C006,2026-05-01,0,0,3,3.2,Low
R01279,C006,2026-06-01,2,3,3,3.6,Low
R01280,C006,2026-01-01,1,0,1,4.0,Low
R01280,C006,2026-02-01,3,3,2,3.1,Low
R01280,C006,2026-03-01,2,2,1,3.5,Low
R01280,C006,2026-04-01,3,2,0,4.7,Low
R01280,C006,2026-05-01,3,2,0,2.1,Low
R01280,C006,2026-06-01,2,3,1,2.7,Low
R01281,C007,2026-01-01,8,3,1,4.3,High
R01281,C007,2026-02-01,5,4,1,3.8,Medium
R01281,C007,2026-03-01,9,3,0,4.9,High
R01281,C007,2026-04-01,8,5,1,5.0,High
R01281,C007,2026-05-01,7,5,1,4.7,High
R01281,C007,2026-06-01,6,5,2,3.0,Medium
R01282,C007,2026-01-01,1,1,1,3.1,Low
R01282,C007,2026-02-01,3,4,1,3.1,Low
R01282,C007,2026-03-01,2,0,0,3.3,Low
R01282,C007,2026-04-01,0,0,2,3.3,Low
R01282,C007,2026-05-01,1,1,0,3.3,Low
R01282,C007,2026-06-01,1,0,0,2.9,Low
R01283,C007,2026-01-01,4,2,3,3.7,Medium
R01283,C007,2026-02-01,7,4,0,5.0,High
R01283,C007,2026-03-01,6,5,0,4.8,Medium
R01283,C007,2026-04-01,4,3,0,3.4,Medium
R01283,C007,2026-05-01,6,4,2,4.0,Medium
R01283,C007,2026-06-01,6,5,1,3.0,Medium
R01284,C007,2026-01-01,5,5,1,3.5,Medium
R01284,C007,2026-02-01,4,2,0,3.6,Medium
R01284,C007,2026-03-01,4,4,0,3.6,Medium
R01284,C007,2026-04-01,3,3,0,4.6,Low
R01284,C007,2026-05-01,4,3,2,4.4,Medium
R01284,C007,2026-06-01,4,2,0,4.6,Medium
R01285,C007,2026-01-01,4,3,1,3.3,Medium
R01285,C007,2026-02-01,5,3,0,4.1,Medium
R01285,C007,2026-03-01,6,4,1,3.0,Medium
R01285,C007,2026-04-01,5,2,5,4.1,Medium
R01285,C007,2026-05-01,5,3,2,3.8,Medium
R01285,C007,2026-06-01,5,2,0,4.0,Medium
R01286,C007,2026-01-01,4,3,2,3.4,Medium
R01286,C007,2026-02-01,2,3,0,3.0,Low
R01286,C007,2026-03-01,3,3,1,4.9,Low
R01286,C007,2026-04-01,4,3,1,4.0,Medium
R01286,C007,2026-05-01,5,3,0,4.9,Medium
R01286,C007,2026-06-01,1,0,0,2.8,Low
R01287,C007,2026-01-01,0,0,2,3.3,Low
R01287,C007,2026-02-01,0,1,1,3.1,Low
R01287,C007,2026-03-01,1,0,1,3.2,Low
R01287,C007,2026-04-01,0,1,2,3.8,Low
R01287,C007,2026-05-01,0,0,0,4.1,Low
R01287,C007,2026-06-01,0,0,1,3.6,Low
R01288,C007,2026-01-01,0,0,0,4.2,Low
R01288,C007,2026-02-01,2,2,0,3.4,Low
R01288,C007,2026-03-01,0,0,2,2.4,Low
R01288,C007,2026-04-01,1,1,0,3.8,Low
R01288,C007,2026-05-01,0,0,1,2.9,Low
R01288,C007,2026-06-01,0,0,2,2.5,Low
R01289,C007,2026-01-01,4,5,2,3.9,Medium
R01289,C007,2026-02-01,4,4,1,4.0,Medium
R01289,C007,2026-03-01,6,3,3,3.9,Medium
R01289,C007,2026-04-01,5,5,0,4.8,Medium
R01289,C007,2026-05-01,5,2,2,3.9,Medium
R01289,C007,2026-06-01,5,5,2,5.0,Medium
R01290,C007,2026-01-01,2,1,1,3.3,Low
R01290,C007,2026-02-01,2,0,0,3.7,Low
R01290,C007,2026-03-01,2,3,0,3.5,Low
R01290,C007,2026-04-01,2,0,1,3.5,Low
R01290,C007,2026-05-01,0,0,0,4.5,Low
R01290,C007,2026-06-01,1,2,4,3.4,Low
R01291,C007,2026-01-01,4,1,0,4.4,Medium
R01291,C007,2026-02-01,4,2,2,3.5,Medium
R01291,C007,2026-03-01,3,3,2,3.3,Low
R01291,C007,2026-04-01,3,2,1,3.9,Low
R01291,C007,2026-05-01,3,3,0,3.1,Low
R01291,C007,2026-06-01,6,4,2,4.2,Medium
R01292,C007,2026-01-01,2,2,1,3.7,Low
R01292,C007,2026-02-01,0,0,0,3.8,Low
R01292,C007,2026-03-01,1,2,2,4.6,Low
R01292,C007,2026-04-01,1,1,3,2.8,Low
R01292,C007,2026-05-01,1,1,2,4.5,Low
R01292,C007,2026-06-01,1,1,0,2.9,Low
R01293,C007,2026-01-01,8,2,1,4.9,High
R01293,C007,2026-02-01,7,3,1,4.7,High
R01293,C007,2026-03-01,7,3,2,4.5,High
R01293,C007,2026-04-01,7,4,1,4.4,High
R01293,C007,2026-05-01,7,4,1,4.4,High
R01293,C007,2026-06-01,6,3,1,3.8,Medium
R01294,C007,2026-01-01,3,3,2,4.2,Low
R01294,C007,2026-02-01,4,4,0,3.5,Medium
R01294,C007,2026-03-01,3,3,1,4.5,Low
R01294,C007,2026-04-01,4,3,0,4.2,Medium
R01294,C007,2026-05-01,3,0,0,2.7,Low
R01294,C007,2026-06-01,4,5,1,3.0,Medium
R01295,C007,2026-01-01,3,4,1,3.8,Low
R01295,C007,2026-02-01,4,4,1,3.2,Medium
R01295,C007,2026-03-01,3,1,0,4.4,Low
R01295,C007,2026-04-01,3,3,1,3.0,Low
R01295,C007,2026-05-01,4,3,2,3.9,Medium
R01295,C007,2026-06-01,3,1,2,4.1,Low
R01296,C007,2026-01-01,4,3,3,3.8,Medium
R01296,C007,2026-02-01,5,4,1,4.8,Medium
R01296,C007,2026-03-01,5,4,0,4.6,Medium
R01296,C007,2026-04-01,8,3,0,4.5,High
R01296,C007,2026-05-01,5,4,1,3.4,Medium
R01296,C007,2026-06-01,5,2,3,3.5,Medium
R01297,C007,2026-01-01,3,3,0,3.3,Low
R01297,C007,2026-02-01,6,3,1,3.8,Medium
R01297,C007,2026-03-01,4,3,0,4.2,Medium
R01297,C007,2026-04-01,5,2,1,5.0,Medium
R01297,C007,2026-05-01,4,3,0,4.6,Medium
R01297,C007,2026-06-01,4,5,1,3.6,Medium
R01298,C007,2026-01-01,5,3,1,4.6,Medium
R01298,C007,2026-02-01,4,5,3,2.6,Medium
R01298,C007,2026-03-01,2,2,1,3.0,Low
R01298,C007,2026-04-01,5,3,3,2.5,Medium
R01298,C007,2026-05-01,2,3,2,3.7,Low
R01298,C007,2026-06-01,5,3,0,4.0,Medium
R01299,C007,2026-01-01,2,3,2,3.9,Low
R01299,C007,2026-02-01,2,3,1,3.6,Low
R01299,C007,2026-03-01,1,2,1,2.9,Low
R01299,C007,2026-04-01,1,0,1,2.9,Low
R01299,C007,2026-05-01,0,0,3,2.5,Low
R01299,C007,2026-06-01,3,2,1,3.0,Low
R01300,C007,2026-01-01,5,3,1,3.8,Medium
R01300,C007,2026-02-01,7,4,0,5.0,High
R01300,C007,2026-03-01,6,2,0,3.8,Medium
R01300,C007,2026-04-01,7,5,2,4.9,High
R01300,C007,2026-05-01,7,3,2,4.9,High
R01300,C007,2026-06-01,6,4,1,5.0,Medium
R01301,C007,2026-01-01,0,0,2,3.2,Low
R01301,C007,2026-02-01,0,0,1,3.6,Low
R01301,C007,2026-03-01,0,0,1,3.2,Low
R01301,C007,2026-04-01,0,0,2,3.4,Low
R01301,C007,2026-05-01,0,1,0,2.9,Low
R01301,C007,2026-06-01,0,0,0,3.0,Low
R01302,C007,2026-01-01,3,2,0,2.9,Low
R01302,C007,2026-02-01,2,2,1,3.4,Low
R01302,C007,2026-03-01,4,3,0,4.2,Medium
R01302,C007,2026-04-01,3,1,2,4.0,Low
R01302,C007,2026-05-01,2,1,0,3.4,Low
R01302,C007,2026-06-01,2,3,1,2.5,Low
R01303,C007,2026-01-01,8,4,1,4.1,High
R01303,C007,2026-02-01,6,3,0,3.7,Medium
R01303,C007,2026-03-01,7,4,1,4.5,High
R01303,C007,2026-04-01,6,3,1,4.1,Medium
R01303,C007,2026-05-01,7,3,0,5.0,High
R01303,C007,2026-06-01,6,5,2,4.9,Medium
R01304,C007,2026-01-01,4,4,1,4.0,Medium
R01304,C007,2026-02-01,4,2,3,4.7,Medium
R01304,C007,2026-03-01,6,2,0,3.9,Medium
R01304,C007,2026-04-01,5,4,1,3.2,Medium
R01304,C007,2026-05-01,4,1,1,3.7,Medium
R01304,C007,2026-06-01,4,4,0,2.8,Medium
R01305,C007,2026-01-01,7,4,1,4.2,High
R01305,C007,2026-02-01,5,5,1,4.0,Medium
R01305,C007,2026-03-01,7,2,1,4.7,High
R01305,C007,2026-04-01,7,3,1,4.0,High
R01305,C007,2026-05-01,6,5,3,3.8,Medium
R01305,C007,2026-06-01,6,4,2,4.8,Medium
R01306,C007,2026-01-01,4,4,0,2.8,Medium
R01306,C007,2026-02-01,4,4,4,3.2,Medium
R01306,C007,2026-03-01,2,1,0,4.6,Low
R01306,C007,2026-04-01,2,3,0,3.6,Low
R01306,C007,2026-05-01,2,0,0,3.7,Low
R01306,C007,2026-06-01,4,4,1,3.5,Medium
R01307,C007,2026-01-01,6,3,2,4.5,Medium
R01307,C007,2026-02-01,5,3,2,3.6,Medium
R01307,C007,2026-03-01,4,3,4,4.3,Medium
R01307,C007,2026-04-01,4,2,1,4.1,Medium
R01307,C007,2026-05-01,3,2,3,3.3,Low
R01307,C007,2026-06-01,4,4,2,3.6,Medium
R01308,C007,2026-01-01,3,3,1,4.1,Low
R01308,C007,2026-02-01,4,4,1,3.5,Medium
R01308,C007,2026-03-01,1,1,0,2.6,Low
R01308,C007,2026-04-01,3,2,0,3.5,Low
R01308,C007,2026-05-01,3,3,2,4.3,Low
R01308,C007,2026-06-01,2,2,0,2.9,Low
R01309,C007,2026-01-01,2,1,0,4.2,Low
R01309,C007,2026-02-01,1,1,3,4.0,Low
R01309,C007,2026-03-01,2,2,3,3.1,Low
R01309,C007,2026-04-01,4,3,0,3.0,Medium
R01309,C007,2026-05-01,0,0,2,3.3,Low
R01309,C007,2026-06-01,1,0,1,3.1,Low
R01310,C007,2026-01-01,1,2,2,2.8,Low
R01310,C007,2026-02-01,4,3,1,3.5,Medium
R01310,C007,2026-03-01,4,3,2,4.2,Medium
R01310,C007,2026-04-01,3,3,3,2.8,Low
R01310,C007,2026-05-01,2,1,1,3.7,Low
R01310,C007,2026-06-01,2,1,2,3.2,Low
R01311,C007,2026-01-01,2,1,2,3.8,Low
R01311,C007,2026-02-01,0,0,0,3.2,Low
R01311,C007,2026-03-01,1,0,0,3.5,Low
R01311,C007,2026-04-01,2,1,0,3.4,Low
R01311,C007,2026-05-01,0,0,3,2.7,Low
R01311,C007,2026-06-01,3,2,1,3.4,Low
R01312,C007,2026-01-01,5,5,1,4.5,Medium
R01312,C007,2026-02-01,3,3,1,4.1,Low
R01312,C007,2026-03-01,5,3,0,4.1,Medium
R01312,C007,2026-04-01,4,3,0,3.9,Medium
R01312,C007,2026-05-01,5,3,2,4.3,Medium
R01312,C007,2026-06-01,5,2,1,3.4,Medium
R01313,C007,2026-01-01,4,4,2,3.5,Medium
R01313,C007,2026-02-01,3,3,1,2.6,Low
R01313,C007,2026-03-01,5,5,0,4.4,Medium
R01313,C007,2026-04-01,3,3,2,4.6,Low
R01313,C007,2026-05-01,4,4,1,4.0,Medium
R01313,C007,2026-06-01,4,4,1,3.2,Medium
R01314,C007,2026-01-01,6,4,1,4.3,Medium
R01314,C007,2026-02-01,7,4,1,4.6,High
R01314,C007,2026-03-01,7,4,0,5.0,High
R01314,C007,2026-04-01,9,4,1,4.7,High
R01314,C007,2026-05-01,5,3,1,3.2,Medium
R01314,C007,2026-06-01,7,5,4,4.3,High
R01315,C007,2026-01-01,5,4,2,4.5,Medium
R01315,C007,2026-02-01,5,4,1,3.7,Medium
R01315,C007,2026-03-01,5,5,0,4.8,Medium
R01315,C007,2026-04-01,7,3,0,4.5,High
R01315,C007,2026-05-01,7,1,0,4.2,High
R01315,C007,2026-06-01,6,4,0,4.8,Medium
R01316,C007,2026-01-01,9,3,0,5.0,High
R01316,C007,2026-02-01,7,2,2,3.0,High
R01316,C007,2026-03-01,7,2,2,4.0,High
R01316,C007,2026-04-01,9,2,0,5.0,High
R01316,C007,2026-05-01,6,4,0,3.9,Medium
R01316,C007,2026-06-01,6,2,0,3.5,Medium
R01317,C007,2026-01-01,2,1,0,3.1,Low
R01317,C007,2026-02-01,1,0,1,3.1,Low
R01317,C007,2026-03-01,0,0,0,2.7,Low
R01317,C007,2026-04-01,0,0,1,1.9,Low
R01317,C007,2026-05-01,0,1,0,2.7,Low
R01317,C007,2026-06-01,2,1,2,2.8,Low
R01318,C007,2026-01-01,5,3,2,3.8,Medium
R01318,C007,2026-02-01,6,4,2,4.2,Medium
R01318,C007,2026-03-01,6,2,1,4.5,Medium
R01318,C007,2026-04-01,5,4,2,3.9,Medium
R01318,C007,2026-05-01,5,2,1,4.3,Medium
R01318,C007,2026-06-01,7,5,1,4.0,High
R01319,C007,2026-01-01,1,2,2,3.8,Low
R01319,C007,2026-02-01,1,2,1,3.1,Low
R01319,C007,2026-03-01,2,1,1,3.2,Low
R01319,C007,2026-04-01,0,0,2,2.6,Low
R01319,C007,2026-05-01,2,4,2,2.9,Low
R01319,C007,2026-06-01,1,0,0,3.2,Low
R01320,C007,2026-01-01,5,3,0,4.0,Medium
R01320,C007,2026-02-01,4,2,1,4.4,Medium
R01320,C007,2026-03-01,3,2,1,3.3,Low
R01320,C007,2026-04-01,4,2,2,3.4,Medium
R01320,C007,2026-05-01,5,3,4,4.3,Medium
R01320,C007,2026-06-01,7,2,1,3.9,High
R01321,C007,2026-01-01,5,4,2,3.6,Medium
R01321,C007,2026-02-01,5,3,0,5.0,Medium
R01321,C007,2026-03-01,6,3,2,4.5,Medium
R01321,C007,2026-04-01,4,4,1,4.0,Medium
R01321,C007,2026-05-01,5,4,2,4.0,Medium
R01321,C007,2026-06-01,6,5,1,3.5,Medium
R01322,C007,2026-01-01,1,1,2,3.7,Low
R01322,C007,2026-02-01,1,1,1,4.1,Low
R01322,C007,2026-03-01,3,2,2,3.1,Low
R01322,C007,2026-04-01,0,0,0,3.5,Low
R01322,C007,2026-05-01,1,0,2,2.2,Low
R01322,C007,2026-06-01,2,3,3,3.3,Low
R01323,C007,2026-01-01,3,2,1,4.3,Low
R01323,C007,2026-02-01,4,4,0,4.5,Medium
R01323,C007,2026-03-01,2,1,3,4.0,Low
R01323,C007,2026-04-01,3,2,0,4.1,Low
R01323,C007,2026-05-01,2,0,1,3.3,Low
R01323,C007,2026-06-01,2,0,1,2.9,Low
R01324,C007,2026-01-01,5,5,3,4.5,Medium
R01324,C007,2026-02-01,3,2,1,4.0,Low
R01324,C007,2026-03-01,4,4,0,4.0,Medium
R01324,C007,2026-04-01,6,4,0,4.1,Medium
R01324,C007,2026-05-01,6,3,1,3.9,Medium
R01324,C007,2026-06-01,4,4,0,4.8,Medium
R01325,C007,2026-01-01,5,4,2,3.7,Medium
R01325,C007,2026-02-01,4,3,3,4.2,Medium
R01325,C007,2026-03-01,4,3,1,4.3,Medium
R01325,C007,2026-04-01,4,5,2,4.1,Medium
R01325,C007,2026-05-01,5,4,0,3.5,Medium
R01325,C007,2026-06-01,4,4,0,5.0,Medium
R01326,C007,2026-01-01,2,1,2,3.9,Low
R01326,C007,2026-02-01,0,0,1,2.9,Low
R01326,C007,2026-03-01,0,0,1,3.3,Low
R01326,C007,2026-04-01,0,0,1,2.8,Low
R01326,C007,2026-05-01,1,0,1,3.2,Low
R01326,C007,2026-06-01,0,0,1,2.3,Low
R01327,C007,2026-01-01,5,4,3,4.4,Medium
R01327,C007,2026-02-01,8,4,1,4.4,High
R01327,C007,2026-03-01,6,4,0,5.0,Medium
R01327,C007,2026-04-01,5,5,1,4.1,Medium
R01327,C007,2026-05-01,8,3,1,4.8,High
R01327,C007,2026-06-01,6,4,0,4.7,Medium
R01328,C007,2026-01-01,2,2,1,4.0,Low
R01328,C007,2026-02-01,1,2,0,3.8,Low
R01328,C007,2026-03-01,1,2,1,3.9,Low
R01328,C007,2026-04-01,2,1,2,2.9,Low
R01328,C007,2026-05-01,0,0,2,2.7,Low
R01328,C007,2026-06-01,1,0,3,2.2,Low
R01329,C007,2026-01-01,6,5,2,3.4,Medium
R01329,C007,2026-02-01,6,4,1,4.1,Medium
R01329,C007,2026-03-01,5,4,1,3.7,Medium
R01329,C007,2026-04-01,5,4,1,4.2,Medium
R01329,C007,2026-05-01,5,3,0,4.1,Medium
R01329,C007,2026-06-01,7,3,2,4.0,High
R01330,C007,2026-01-01,2,2,3,2.6,Low
R01330,C007,2026-02-01,3,1,0,3.2,Low
R01330,C007,2026-03-01,2,3,1,3.2,Low
R01330,C007,2026-04-01,2,0,2,2.9,Low
R01330,C007,2026-05-01,2,1,0,3.4,Low
R01330,C007,2026-06-01,2,3,0,3.2,Low
R01331,C007,2026-01-01,3,1,2,3.6,Low
R01331,C007,2026-02-01,4,3,1,2.7,Medium
R01331,C007,2026-03-01,5,3,1,3.6,Medium
R01331,C007,2026-04-01,1,1,0,2.9,Low
R01331,C007,2026-05-01,4,5,2,2.5,Medium
R01331,C007,2026-06-01,4,3,0,4.3,Medium
R01332,C007,2026-01-01,3,1,1,4.0,Low
R01332,C007,2026-02-01,1,1,0,3.3,Low
R01332,C007,2026-03-01,5,3,3,4.9,Medium
R01332,C007,2026-04-01,1,0,1,3.7,Low
R01332,C007,2026-05-01,1,1,3,2.1,Low
R01332,C007,2026-06-01,0,0,0,3.8,Low
R01333,C007,2026-01-01,3,4,2,4.1,Low
R01333,C007,2026-02-01,2,0,1,3.2,Low
R01333,C007,2026-03-01,1,1,1,2.5,Low
R01333,C007,2026-04-01,2,2,2,3.1,Low
R01333,C007,2026-05-01,2,1,1,4.0,Low
R01333,C007,2026-06-01,2,2,1,3.5,Low
R01334,C007,2026-01-01,1,1,1,3.7,Low
R01334,C007,2026-02-01,1,0,2,3.8,Low
R01334,C007,2026-03-01,1,0,1,2.1,Low
R01334,C007,2026-04-01,0,0,2,3.7,Low
R01334,C007,2026-05-01,0,0,0,3.4,Low
R01334,C007,2026-06-01,0,0,0,3.5,Low
R01335,C007,2026-01-01,4,4,1,2.8,Medium
R01335,C007,2026-02-01,4,4,0,3.4,Medium
R01335,C007,2026-03-01,6,4,1,4.8,Medium
R01335,C007,2026-04-01,6,3,0,3.4,Medium
R01335,C007,2026-05-01,6,4,3,3.5,Medium
R01335,C007,2026-06-01,7,3,0,4.6,High
R01336,C007,2026-01-01,3,3,4,3.7,Low
R01336,C007,2026-02-01,3,2,1,3.4,Low
R01336,C007,2026-03-01,4,4,2,3.8,Medium
R01336,C007,2026-04-01,2,1,0,3.3,Low
R01336,C007,2026-05-01,4,4,0,5.0,Medium
R01336,C007,2026-06-01,4,4,0,3.9,Medium
R01337,C007,2026-01-01,0,0,0,2.9,Low
R01337,C007,2026-02-01,1,1,2,3.1,Low
R01337,C007,2026-03-01,2,2,3,3.6,Low
R01337,C007,2026-04-01,0,0,3,4.4,Low
R01337,C007,2026-05-01,1,1,1,3.4,Low
R01337,C007,2026-06-01,1,1,1,4.4,Low
R01338,C007,2026-01-01,1,0,2,3.6,Low
R01338,C007,2026-02-01,2,3,0,3.5,Low
R01338,C007,2026-03-01,2,1,0,3.9,Low
R01338,C007,2026-04-01,1,2,0,3.2,Low
R01338,C007,2026-05-01,1,1,3,2.0,Low
R01338,C007,2026-06-01,1,0,0,2.1,Low
R01339,C007,2026-01-01,3,2,1,3.7,Low
R01339,C007,2026-02-01,2,0,0,4.1,Low
R01339,C007,2026-03-01,1,2,2,4.0,Low
R01339,C007,2026-04-01,2,1,1,4.2,Low
R01339,C007,2026-05-01,4,4,1,4.1,Medium
R01339,C007,2026-06-01,2,0,1,4.4,Low
R01340,C007,2026-01-01,9,2,0,4.1,High
R01340,C007,2026-02-01,7,4,1,3.8,High
R01340,C007,2026-03-01,7,5,0,4.1,High
R01340,C007,2026-04-01,10,2,1,5.0,High
R01340,C007,2026-05-01,8,2,1,3.6,High
R01340,C007,2026-06-01,8,3,1,3.8,High
R01341,C007,2026-01-01,6,3,0,3.1,Medium
R01341,C007,2026-02-01,6,3,2,2.7,Medium
R01341,C007,2026-03-01,5,5,0,4.1,Medium
R01341,C007,2026-04-01,5,5,2,4.6,Medium
R01341,C007,2026-05-01,5,4,2,3.4,Medium
R01341,C007,2026-06-01,6,4,0,4.5,Medium
R01342,C007,2026-01-01,5,4,1,5.0,Medium
R01342,C007,2026-02-01,4,3,0,3.9,Medium
R01342,C007,2026-03-01,5,2,1,4.2,Medium
R01342,C007,2026-04-01,4,3,1,4.2,Medium
R01342,C007,2026-05-01,5,3,1,4.0,Medium
R01342,C007,2026-06-01,5,1,0,3.7,Medium
R01343,C007,2026-01-01,1,0,4,2.6,Low
R01343,C007,2026-02-01,1,1,3,2.5,Low
R01343,C007,2026-03-01,2,1,2,3.4,Low
R01343,C007,2026-04-01,0,1,0,3.6,Low
R01343,C007,2026-05-01,0,0,4,3.5,Low
R01343,C007,2026-06-01,3,4,1,4.3,Low
R01344,C007,2026-01-01,2,3,1,4.3,Low
R01344,C007,2026-02-01,2,3,1,2.4,Low
R01344,C007,2026-03-01,2,1,2,2.8,Low
R01344,C007,2026-04-01,2,0,2,3.2,Low
R01344,C007,2026-05-01,3,3,1,3.7,Low
R01344,C007,2026-06-01,3,2,1,3.6,Low
R01345,C007,2026-01-01,1,3,3,2.5,Low
R01345,C007,2026-02-01,0,0,1,3.7,Low
R01345,C007,2026-03-01,0,1,0,3.1,Low
R01345,C007,2026-04-01,1,2,3,3.1,Low
R01345,C007,2026-05-01,0,0,2,2.8,Low
R01345,C007,2026-06-01,0,0,2,3.1,Low
R01346,C007,2026-01-01,2,2,2,3.3,Low
R01346,C007,2026-02-01,0,0,0,2.4,Low
R01346,C007,2026-03-01,2,1,0,4.6,Low
R01346,C007,2026-04-01,3,3,0,4.4,Low
R01346,C007,2026-05-01,3,2,1,3.2,Low
R01346,C007,2026-06-01,0,0,4,3.2,Low
R01347,C007,2026-01-01,5,4,1,4.4,Medium
R01347,C007,2026-02-01,6,5,2,4.1,Medium
R01347,C007,2026-03-01,4,4,0,3.8,Medium
R01347,C007,2026-04-01,3,2,3,4.2,Low
R01347,C007,2026-05-01,4,3,1,3.0,Medium
R01347,C007,2026-06-01,3,3,2,3.7,Low
R01348,C007,2026-01-01,3,1,1,4.6,Low
R01348,C007,2026-02-01,5,4,2,5.0,Medium
R01348,C007,2026-03-01,6,4,0,4.0,Medium
R01348,C007,2026-04-01,6,2,1,3.2,Medium
R01348,C007,2026-05-01,4,4,3,4.0,Medium
R01348,C007,2026-06-01,5,4,2,5.0,Medium
R01349,C007,2026-01-01,0,1,0,3.8,Low
R01349,C007,2026-02-01,2,0,1,3.4,Low
R01349,C007,2026-03-01,1,1,0,3.6,Low
R01349,C007,2026-04-01,0,0,0,3.1,Low
R01349,C007,2026-05-01,2,2,1,3.5,Low
R01349,C007,2026-06-01,3,3,0,3.7,Low
R01350,C007,2026-01-01,4,4,1,3.9,Medium
R01350,C007,2026-02-01,3,2,1,2.8,Low
R01350,C007,2026-03-01,2,2,3,3.8,Low
R01350,C007,2026-04-01,1,0,1,4.6,Low
R01350,C007,2026-05-01,3,1,0,3.8,Low
R01350,C007,2026-06-01,3,2,1,3.6,Low
R01351,C007,2026-01-01,2,2,0,3.3,Low
R01351,C007,2026-02-01,1,0,1,3.2,Low
R01351,C007,2026-03-01,3,3,1,3.2,Low
R01351,C007,2026-04-01,4,4,1,3.9,Medium
R01351,C007,2026-05-01,3,3,1,3.6,Low
R01351,C007,2026-06-01,3,2,1,4.1,Low
R01352,C007,2026-01-01,8,4,4,4.1,High
R01352,C007,2026-02-01,5,3,1,4.0,Medium
R01352,C007,2026-03-01,7,4,1,3.4,High
R01352,C007,2026-04-01,6,4,0,3.6,Medium
R01352,C007,2026-05-01,9,3,0,5.0,High
R01352,C007,2026-06-01,8,5,0,4.5,High
R01353,C007,2026-01-01,5,4,1,3.7,Medium
R01353,C007,2026-02-01,3,3,1,4.8,Low
R01353,C007,2026-03-01,2,1,2,3.1,Low
R01353,C007,2026-04-01,4,3,2,3.9,Medium
R01353,C007,2026-05-01,3,2,2,4.8,Low
R01353,C007,2026-06-01,3,0,0,3.6,Low
R01354,C007,2026-01-01,3,3,1,3.1,Low
R01354,C007,2026-02-01,2,3,1,3.5,Low
R01354,C007,2026-03-01,4,4,0,4.0,Medium
R01354,C007,2026-04-01,4,4,2,3.5,Medium
R01354,C007,2026-05-01,2,0,0,3.1,Low
R01354,C007,2026-06-01,2,2,0,2.9,Low
R01355,C007,2026-01-01,7,3,1,3.7,High
R01355,C007,2026-02-01,6,3,3,4.4,Medium
R01355,C007,2026-03-01,6,5,2,3.1,Medium
R01355,C007,2026-04-01,4,2,0,4.6,Medium
R01355,C007,2026-05-01,4,3,3,4.8,Medium
R01355,C007,2026-06-01,6,5,1,4.6,Medium
R01356,C007,2026-01-01,5,2,1,4.4,Medium
R01356,C007,2026-02-01,3,3,1,4.4,Low
R01356,C007,2026-03-01,3,4,3,3.4,Low
R01356,C007,2026-04-01,2,2,0,2.7,Low
R01356,C007,2026-05-01,2,0,0,4.3,Low
R01356,C007,2026-06-01,3,2,2,3.8,Low
R01357,C007,2026-01-01,4,3,0,4.6,Medium
R01357,C007,2026-02-01,5,4,0,3.8,Medium
R01357,C007,2026-03-01,4,3,1,2.5,Medium
R01357,C007,2026-04-01,4,4,0,4.1,Medium
R01357,C007,2026-05-01,2,2,0,3.8,Low
R01357,C007,2026-06-01,6,4,2,3.8,Medium
R01358,C007,2026-01-01,2,1,0,3.1,Low
R01358,C007,2026-02-01,3,3,1,4.1,Low
R01358,C007,2026-03-01,2,1,2,2.9,Low
R01358,C007,2026-04-01,2,2,1,2.9,Low
R01358,C007,2026-05-01,2,2,0,4.2,Low
R01358,C007,2026-06-01,3,2,2,3.1,Low
R01359,C007,2026-01-01,2,1,1,2.5,Low
R01359,C007,2026-02-01,5,4,2,3.3,Medium
R01359,C007,2026-03-01,5,3,3,3.7,Medium
R01359,C007,2026-04-01,4,4,2,4.0,Medium
R01359,C007,2026-05-01,4,4,0,3.1,Medium
R01359,C007,2026-06-01,3,3,0,3.0,Low
R01360,C007,2026-01-01,5,5,4,4.1,Medium
R01360,C007,2026-02-01,7,3,1,4.1,High
R01360,C007,2026-03-01,7,5,2,3.7,High
R01360,C007,2026-04-01,6,2,1,4.3,Medium
R01360,C007,2026-05-01,5,2,2,3.8,Medium
R01360,C007,2026-06-01,6,4,1,4.1,Medium
R01361,C007,2026-01-01,5,3,1,4.6,Medium
R01361,C007,2026-02-01,3,5,1,3.3,Low
R01361,C007,2026-03-01,3,1,2,4.3,Low
R01361,C007,2026-04-01,4,5,1,3.9,Medium
R01361,C007,2026-05-01,5,4,2,3.8,Medium
R01361,C007,2026-06-01,5,4,1,4.3,Medium
R01362,C007,2026-01-01,1,2,2,3.7,Low
R01362,C007,2026-02-01,5,3,3,4.1,Medium
R01362,C007,2026-03-01,5,2,2,4.8,Medium
R01362,C007,2026-04-01,5,2,4,4.5,Medium
R01362,C007,2026-05-01,3,4,2,4.2,Low
R01362,C007,2026-06-01,3,0,2,2.7,Low
R01363,C007,2026-01-01,6,3,2,3.0,Medium
R01363,C007,2026-02-01,6,4,1,3.5,Medium
R01363,C007,2026-03-01,6,4,2,4.0,Medium
R01363,C007,2026-04-01,5,5,2,4.5,Medium
R01363,C007,2026-05-01,5,4,1,3.9,Medium
R01363,C007,2026-06-01,5,4,0,4.1,Medium
R01364,C007,2026-01-01,2,1,2,3.2,Low
R01364,C007,2026-02-01,2,1,3,3.1,Low
R01364,C007,2026-03-01,2,3,0,4.0,Low
R01364,C007,2026-04-01,0,0,1,3.3,Low
R01364,C007,2026-05-01,3,3,0,3.3,Low
R01364,C007,2026-06-01,3,2,1,3.5,Low
R01365,C007,2026-01-01,5,5,0,3.7,Medium
R01365,C007,2026-02-01,6,3,1,3.7,Medium
R01365,C007,2026-03-01,6,4,1,4.7,Medium
R01365,C007,2026-04-01,8,4,0,4.3,High
R01365,C007,2026-05-01,6,5,0,4.6,Medium
R01365,C007,2026-06-01,7,3,1,5.0,High
R01366,C007,2026-01-01,4,2,0,3.4,Medium
R01366,C007,2026-02-01,5,2,3,4.1,Medium
R01366,C007,2026-03-01,6,4,0,4.1,Medium
R01366,C007,2026-04-01,4,4,2,2.8,Medium
R01366,C007,2026-05-01,5,4,2,4.0,Medium
R01366,C007,2026-06-01,5,3,0,3.3,Medium
R01367,C007,2026-01-01,6,4,1,4.3,Medium
R01367,C007,2026-02-01,6,4,0,3.9,Medium
R01367,C007,2026-03-01,4,3,0,4.3,Medium
R01367,C007,2026-04-01,6,3,2,3.7,Medium
R01367,C007,2026-05-01,5,4,0,3.9,Medium
R01367,C007,2026-06-01,5,4,1,3.0,Medium
R01368,C007,2026-01-01,5,4,1,3.7,Medium
R01368,C007,2026-02-01,3,3,1,3.7,Low
R01368,C007,2026-03-01,4,3,3,4.3,Medium
R01368,C007,2026-04-01,3,4,1,3.2,Low
R01368,C007,2026-05-01,4,5,1,3.4,Medium
R01368,C007,2026-06-01,2,2,0,3.5,Low
R01369,C007,2026-01-01,3,3,4,3.4,Low
R01369,C007,2026-02-01,2,2,0,2.7,Low
R01369,C007,2026-03-01,3,2,0,2.7,Low
R01369,C007,2026-04-01,1,0,1,3.0,Low
R01369,C007,2026-05-01,0,0,1,2.7,Low
R01369,C007,2026-06-01,1,1,3,2.9,Low
R01370,C007,2026-01-01,1,1,2,2.6,Low
R01370,C007,2026-02-01,2,1,2,3.8,Low
R01370,C007,2026-03-01,3,3,2,3.1,Low
R01370,C007,2026-04-01,2,1,1,2.9,Low
R01370,C007,2026-05-01,3,3,1,3.9,Low
R01370,C007,2026-06-01,2,1,0,4.2,Low
R01371,C007,2026-01-01,7,2,1,3.9,High
R01371,C007,2026-02-01,7,4,0,4.6,High
R01371,C007,2026-03-01,7,3,0,4.7,High
R01371,C007,2026-04-01,7,4,0,4.5,High
R01371,C007,2026-05-01,8,5,2,3.8,High
R01371,C007,2026-06-01,6,3,0,3.3,Medium
R01372,C007,2026-01-01,2,2,2,3.2,Low
R01372,C007,2026-02-01,1,1,0,3.4,Low
R01372,C007,2026-03-01,0,1,1,3.9,Low
R01372,C007,2026-04-01,0,0,0,3.5,Low
R01372,C007,2026-05-01,0,1,0,3.3,Low
R01372,C007,2026-06-01,0,1,0,3.3,Low
R01373,C007,2026-01-01,4,5,2,2.7,Medium
R01373,C007,2026-02-01,7,4,1,4.6,High
R01373,C007,2026-03-01,5,2,1,3.7,Medium
R01373,C007,2026-04-01,3,3,1,4.0,Low
R01373,C007,2026-05-01,4,5,2,4.2,Medium
R01373,C007,2026-06-01,5,2,0,5.0,Medium
R01374,C007,2026-01-01,4,4,1,5.0,Medium
R01374,C007,2026-02-01,4,4,2,3.2,Medium
R01374,C007,2026-03-01,4,2,1,4.7,Medium
R01374,C007,2026-04-01,4,5,3,2.2,Medium
R01374,C007,2026-05-01,3,4,1,3.1,Low
R01374,C007,2026-06-01,2,1,0,3.9,Low
R01375,C007,2026-01-01,2,2,2,3.3,Low
R01375,C007,2026-02-01,2,1,3,3.2,Low
R01375,C007,2026-03-01,2,3,1,3.3,Low
R01375,C007,2026-04-01,3,3,2,3.5,Low
R01375,C007,2026-05-01,2,0,1,3.1,Low
R01375,C007,2026-06-01,1,0,3,2.9,Low
R01376,C007,2026-01-01,5,2,2,3.4,Medium
R01376,C007,2026-02-01,5,4,0,4.9,Medium
R01376,C007,2026-03-01,5,4,0,4.5,Medium
R01376,C007,2026-04-01,4,2,0,2.6,Medium
R01376,C007,2026-05-01,4,3,1,3.8,Medium
R01376,C007,2026-06-01,4,5,2,4.2,Medium
R01377,C007,2026-01-01,0,1,1,3.0,Low
R01377,C007,2026-02-01,0,0,4,2.8,Low
R01377,C007,2026-03-01,0,0,1,3.3,Low
R01377,C007,2026-04-01,2,2,1,4.1,Low
R01377,C007,2026-05-01,0,0,1,2.8,Low
R01377,C007,2026-06-01,0,0,0,2.6,Low
R01378,C007,2026-01-01,4,4,2,3.0,Medium
R01378,C007,2026-02-01,4,4,0,3.1,Medium
R01378,C007,2026-03-01,4,4,1,3.6,Medium
R01378,C007,2026-04-01,2,0,2,3.9,Low
R01378,C007,2026-05-01,4,4,0,5.0,Medium
R01378,C007,2026-06-01,5,3,2,4.7,Medium
R01379,C007,2026-01-01,4,4,1,4.9,Medium
R01379,C007,2026-02-01,4,2,3,3.6,Medium
R01379,C007,2026-03-01,3,1,0,3.5,Low
R01379,C007,2026-04-01,6,2,1,4.8,Medium
R01379,C007,2026-05-01,6,4,2,3.7,Medium
R01379,C007,2026-06-01,5,4,3,3.3,Medium
R01380,C007,2026-01-01,4,5,4,3.2,Medium
R01380,C007,2026-02-01,6,4,0,4.0,Medium
R01380,C007,2026-03-01,6,4,2,3.5,Medium
R01380,C007,2026-04-01,4,5,3,3.6,Medium
R01380,C007,2026-05-01,3,5,0,3.7,Low
R01380,C007,2026-06-01,4,4,2,3.7,Medium
R01381,C007,2026-01-01,7,3,1,4.0,High
R01381,C007,2026-02-01,7,5,1,4.5,High
R01381,C007,2026-03-01,5,2,3,3.8,Medium
R01381,C007,2026-04-01,5,3,0,4.0,Medium
R01381,C007,2026-05-01,5,4,0,3.1,Medium
R01381,C007,2026-06-01,6,4,2,4.2,Medium
R01382,C007,2026-01-01,4,4,4,4.0,Medium
R01382,C007,2026-02-01,4,4,1,3.8,Medium
R01382,C007,2026-03-01,3,3,4,4.5,Low
R01382,C007,2026-04-01,5,4,2,4.7,Medium
R01382,C007,2026-05-01,3,2,2,4.1,Low
R01382,C007,2026-06-01,3,3,1,4.0,Low
R01383,C007,2026-01-01,0,0,1,2.7,Low
R01383,C007,2026-02-01,0,0,2,3.3,Low
R01383,C007,2026-03-01,0,0,0,3.2,Low
R01383,C007,2026-04-01,0,0,0,3.1,Low
R01383,C007,2026-05-01,1,1,2,3.2,Low
R01383,C007,2026-06-01,1,1,1,2.7,Low
R01384,C007,2026-01-01,2,1,2,3.4,Low
R01384,C007,2026-02-01,2,2,1,4.2,Low
R01384,C007,2026-03-01,2,1,3,3.2,Low
R01384,C007,2026-04-01,3,1,0,4.0,Low
R01384,C007,2026-05-01,4,5,1,3.6,Medium
R01384,C007,2026-06-01,2,3,4,3.0,Low
R01385,C007,2026-01-01,3,2,1,3.3,Low
R01385,C007,2026-02-01,4,3,0,3.9,Medium
R01385,C007,2026-03-01,4,4,1,4.8,Medium
R01385,C007,2026-04-01,4,3,2,4.2,Medium
R01385,C007,2026-05-01,5,4,0,2.8,Medium
R01385,C007,2026-06-01,2,3,0,4.2,Low
R01386,C007,2026-01-01,2,2,1,2.5,Low
R01386,C007,2026-02-01,1,0,1,3.4,Low
R01386,C007,2026-03-01,3,2,1,3.3,Low
R01386,C007,2026-04-01,1,1,2,3.4,Low
R01386,C007,2026-05-01,2,1,1,4.1,Low
R01386,C007,2026-06-01,1,2,1,2.3,Low
R01387,C007,2026-01-01,1,0,0,3.3,Low
R01387,C007,2026-02-01,1,1,1,3.3,Low
R01387,C007,2026-03-01,3,2,1,3.5,Low
R01387,C007,2026-04-01,2,2,0,4.5,Low
R01387,C007,2026-05-01,1,2,1,3.4,Low
R01387,C007,2026-06-01,0,0,2,2.8,Low
R01388,C007,2026-01-01,5,4,2,3.6,Medium
R01388,C007,2026-02-01,6,4,2,4.5,Medium
R01388,C007,2026-03-01,5,4,0,4.6,Medium
R01388,C007,2026-04-01,5,2,2,3.7,Medium
R01388,C007,2026-05-01,5,2,1,3.4,Medium
R01388,C007,2026-06-01,6,4,1,4.6,Medium
R01389,C007,2026-01-01,0,0,3,2.7,Low
R01389,C007,2026-02-01,0,0,3,3.5,Low
R01389,C007,2026-03-01,1,0,2,2.7,Low
R01389,C007,2026-04-01,0,0,2,2.8,Low
R01389,C007,2026-05-01,1,0,0,4.1,Low
R01389,C007,2026-06-01,0,1,3,3.1,Low
R01390,C007,2026-01-01,4,3,0,3.7,Medium
R01390,C007,2026-02-01,5,4,1,4.0,Medium
R01390,C007,2026-03-01,5,4,0,3.8,Medium
R01390,C007,2026-04-01,5,3,1,4.2,Medium
R01390,C007,2026-05-01,5,5,1,3.5,Medium
R01390,C007,2026-06-01,5,5,0,2.9,Medium
R01391,C007,2026-01-01,3,1,0,3.6,Low
R01391,C007,2026-02-01,0,0,0,3.6,Low
R01391,C007,2026-03-01,1,0,1,2.7,Low
R01391,C007,2026-04-01,2,1,1,3.5,Low
R01391,C007,2026-05-01,2,2,0,3.4,Low
R01391,C007,2026-06-01,1,0,1,3.3,Low
R01392,C007,2026-01-01,10,3,0,4.8,High
R01392,C007,2026-02-01,8,4,2,4.6,High
R01392,C007,2026-03-01,10,3,1,4.4,High
R01392,C007,2026-04-01,8,3,3,3.9,High
R01392,C007,2026-05-01,7,3,1,4.0,High
R01392,C007,2026-06-01,8,5,1,4.2,High
R01393,C007,2026-01-01,4,2,2,3.6,Medium
R01393,C007,2026-02-01,5,3,2,3.6,Medium
R01393,C007,2026-03-01,4,4,0,4.7,Medium
R01393,C007,2026-04-01,5,3,1,3.6,Medium
R01393,C007,2026-05-01,5,5,3,2.8,Medium
R01393,C007,2026-06-01,4,4,2,4.2,Medium
R01394,C007,2026-01-01,1,1,3,3.6,Low
R01394,C007,2026-02-01,2,2,2,4.9,Low
R01394,C007,2026-03-01,0,0,0,2.8,Low
R01394,C007,2026-04-01,3,3,0,4.1,Low
R01394,C007,2026-05-01,1,0,1,3.7,Low
R01394,C007,2026-06-01,1,0,3,3.0,Low
R01395,C007,2026-01-01,6,4,0,4.3,Medium
R01395,C007,2026-02-01,6,5,1,4.7,Medium
R01395,C007,2026-03-01,5,3,2,4.1,Medium
R01395,C007,2026-04-01,5,3,1,3.9,Medium
R01395,C007,2026-05-01,6,5,2,4.2,Medium
R01395,C007,2026-06-01,4,3,2,3.0,Medium
R01396,C007,2026-01-01,4,2,0,4.5,Medium
R01396,C007,2026-02-01,3,3,2,4.1,Low
R01396,C007,2026-03-01,1,0,1,3.2,Low
R01396,C007,2026-04-01,3,1,2,3.5,Low
R01396,C007,2026-05-01,3,1,0,3.5,Low
R01396,C007,2026-06-01,4,4,1,4.0,Medium
R01397,C007,2026-01-01,7,4,3,3.9,High
R01397,C007,2026-02-01,7,5,3,4.5,High
R01397,C007,2026-03-01,5,4,1,3.2,Medium
R01397,C007,2026-04-01,8,3,0,5.0,High
R01397,C007,2026-05-01,5,3,0,4.1,Medium
R01397,C007,2026-06-01,8,5,1,4.4,High
R01398,C007,2026-01-01,7,4,0,4.5,High
R01398,C007,2026-02-01,6,4,0,4.3,Medium
R01398,C007,2026-03-01,6,4,1,3.5,Medium
R01398,C007,2026-04-01,6,5,2,4.3,Medium
R01398,C007,2026-05-01,5,3,2,3.5,Medium
R01398,C007,2026-06-01,5,5,2,4.0,Medium
R01399,C007,2026-01-01,1,0,2,3.6,Low
R01399,C007,2026-02-01,2,2,3,3.7,Low
R01399,C007,2026-03-01,1,0,1,1.5,Low
R01399,C007,2026-04-01,1,1,1,2.7,Low
R01399,C007,2026-05-01,1,0,2,3.2,Low
R01399,C007,2026-06-01,2,0,1,3.9,Low
R01400,C007,2026-01-01,1,0,0,3.5,Low
R01400,C007,2026-02-01,1,0,0,3.2,Low
R01400,C007,2026-03-01,1,1,1,3.6,Low
R01400,C007,2026-04-01,2,1,2,4.2,Low
R01400,C007,2026-05-01,3,2,1,2.8,Low
R01400,C007,2026-06-01,1,1,2,3.4,Low
R01401,C007,2026-01-01,6,4,2,3.2,Medium
R01401,C007,2026-02-01,3,3,1,3.6,Low
R01401,C007,2026-03-01,5,2,0,4.1,Medium
R01401,C007,2026-04-01,5,3,4,4.7,Medium
R01401,C007,2026-05-01,4,4,1,4.6,Medium
R01401,C007,2026-06-01,5,4,0,4.7,Medium
R01402,C007,2026-01-01,8,2,1,5.0,High
R01402,C007,2026-02-01,8,4,0,5.0,High
R01402,C007,2026-03-01,8,4,2,4.4,High
R01402,C007,2026-04-01,7,2,1,5.0,High
R01402,C007,2026-05-01,7,5,0,5.0,High
R01402,C007,2026-06-01,8,2,0,4.0,High
R01403,C007,2026-01-01,5,4,0,3.7,Medium
R01403,C007,2026-02-01,3,2,1,4.5,Low
R01403,C007,2026-03-01,3,2,0,3.7,Low
R01403,C007,2026-04-01,3,3,2,2.1,Low
R01403,C007,2026-05-01,4,3,1,4.1,Medium
R01403,C007,2026-06-01,6,3,2,4.8,Medium
R01404,C007,2026-01-01,2,2,0,4.1,Low
R01404,C007,2026-02-01,1,0,1,3.2,Low
R01404,C007,2026-03-01,1,0,0,3.1,Low
R01404,C007,2026-04-01,2,2,1,4.0,Low
R01404,C007,2026-05-01,1,1,5,3.4,Low
R01404,C007,2026-06-01,1,0,0,3.3,Low
R01405,C007,2026-01-01,7,3,2,4.4,High
R01405,C007,2026-02-01,5,3,1,4.2,Medium
R01405,C007,2026-03-01,4,1,5,3.7,Medium
R01405,C007,2026-04-01,3,1,1,3.4,Low
R01405,C007,2026-05-01,6,3,2,4.1,Medium
R01405,C007,2026-06-01,4,3,3,4.1,Medium
R01406,C007,2026-01-01,4,3,1,3.9,Medium
R01406,C007,2026-02-01,3,1,0,3.3,Low
R01406,C007,2026-03-01,3,5,2,3.0,Low
R01406,C007,2026-04-01,4,1,0,4.1,Medium
R01406,C007,2026-05-01,3,3,0,2.8,Low
R01406,C007,2026-06-01,1,0,1,2.8,Low
R01407,C007,2026-01-01,3,4,0,4.1,Low
R01407,C007,2026-02-01,2,2,1,3.5,Low
R01407,C007,2026-03-01,4,3,1,4.4,Medium
R01407,C007,2026-04-01,4,3,0,3.1,Medium
R01407,C007,2026-05-01,5,5,0,4.7,Medium
R01407,C007,2026-06-01,5,4,1,3.7,Medium
R01408,C007,2026-01-01,2,0,2,3.0,Low
R01408,C007,2026-02-01,3,1,1,3.5,Low
R01408,C007,2026-03-01,2,1,3,3.0,Low
R01408,C007,2026-04-01,1,0,1,3.9,Low
R01408,C007,2026-05-01,1,2,1,3.1,Low
R01408,C007,2026-06-01,4,3,1,3.8,Medium
R01409,C007,2026-01-01,4,4,0,2.9,Medium
R01409,C007,2026-02-01,3,2,2,4.4,Low
R01409,C007,2026-03-01,3,3,2,3.2,Low
R01409,C007,2026-04-01,4,2,3,3.5,Medium
R01409,C007,2026-05-01,3,2,1,3.2,Low
R01409,C007,2026-06-01,2,3,0,3.4,Low
R01410,C007,2026-01-01,0,0,1,3.3,Low
R01410,C007,2026-02-01,1,0,2,3.5,Low
R01410,C007,2026-03-01,0,0,1,3.2,Low
R01410,C007,2026-04-01,0,0,2,4.0,Low
R01410,C007,2026-05-01,1,1,1,2.8,Low
R01410,C007,2026-06-01,1,1,5,4.2,Low
R01411,C007,2026-01-01,4,4,2,3.5,Medium
R01411,C007,2026-02-01,4,3,1,3.7,Medium
R01411,C007,2026-03-01,4,3,1,4.0,Medium
R01411,C007,2026-04-01,3,4,2,3.1,Low
R01411,C007,2026-05-01,5,2,3,3.1,Medium
R01411,C007,2026-06-01,5,3,2,5.0,Medium
R01412,C007,2026-01-01,3,2,0,3.8,Low
R01412,C007,2026-02-01,2,3,2,3.5,Low
R01412,C007,2026-03-01,1,2,1,4.2,Low
R01412,C007,2026-04-01,1,0,2,2.9,Low
R01412,C007,2026-05-01,3,1,2,3.6,Low
R01412,C007,2026-06-01,1,0,0,2.4,Low
R01413,C007,2026-01-01,5,3,0,3.7,Medium
R01413,C007,2026-02-01,2,3,0,3.9,Low
R01413,C007,2026-03-01,2,0,2,3.3,Low
R01413,C007,2026-04-01,1,1,0,4.1,Low
R01413,C007,2026-05-01,4,3,0,4.2,Medium
R01413,C007,2026-06-01,3,2,1,3.6,Low
R01414,C007,2026-01-01,1,0,1,3.4,Low
R01414,C007,2026-02-01,1,0,1,3.2,Low
R01414,C007,2026-03-01,0,0,0,2.8,Low
R01414,C007,2026-04-01,1,0,1,3.3,Low
R01414,C007,2026-05-01,0,0,0,3.4,Low
R01414,C007,2026-06-01,0,0,0,2.7,Low
R01415,C007,2026-01-01,3,2,0,3.5,Low
R01415,C007,2026-02-01,4,4,1,4.0,Medium
R01415,C007,2026-03-01,4,2,1,4.5,Medium
R01415,C007,2026-04-01,1,0,3,2.7,Low
R01415,C007,2026-05-01,3,3,0,3.5,Low
R01415,C007,2026-06-01,0,0,1,2.9,Low
R01416,C007,2026-01-01,4,4,0,4.2,Medium
R01416,C007,2026-02-01,5,3,1,4.0,Medium
R01416,C007,2026-03-01,5,4,0,4.0,Medium
R01416,C007,2026-04-01,4,5,0,4.0,Medium
R01416,C007,2026-05-01,6,3,0,4.3,Medium
R01416,C007,2026-06-01,3,1,1,3.9,Low
R01417,C007,2026-01-01,2,0,2,2.5,Low
R01417,C007,2026-02-01,3,3,1,3.6,Low
R01417,C007,2026-03-01,3,3,2,3.9,Low
R01417,C007,2026-04-01,2,3,0,4.0,Low
R01417,C007,2026-05-01,0,0,1,3.7,Low
R01417,C007,2026-06-01,1,2,3,3.9,Low
R01418,C007,2026-01-01,3,5,3,2.8,Low
R01418,C007,2026-02-01,4,3,0,4.0,Medium
R01418,C007,2026-03-01,2,3,1,3.7,Low
R01418,C007,2026-04-01,4,5,2,3.5,Medium
R01418,C007,2026-05-01,4,3,0,3.1,Medium
R01418,C007,2026-06-01,3,2,2,2.4,Low
R01419,C007,2026-01-01,5,3,2,4.5,Medium
R01419,C007,2026-02-01,2,1,1,3.5,Low
R01419,C007,2026-03-01,5,4,3,3.4,Medium
R01419,C007,2026-04-01,1,0,0,3.3,Low
R01419,C007,2026-05-01,4,3,3,3.8,Medium
R01419,C007,2026-06-01,2,2,1,3.9,Low
R01420,C007,2026-01-01,4,3,1,3.8,Medium
R01420,C007,2026-02-01,4,4,0,4.1,Medium
R01420,C007,2026-03-01,4,4,0,4.4,Medium
R01420,C007,2026-04-01,4,4,0,4.3,Medium
R01420,C007,2026-05-01,4,2,2,3.2,Medium
R01420,C007,2026-06-01,3,1,3,3.6,Low
R01421,C007,2026-01-01,7,5,1,4.6,High
R01421,C007,2026-02-01,6,4,1,3.6,Medium
R01421,C007,2026-03-01,6,4,2,3.6,Medium
R01421,C007,2026-04-01,7,4,0,4.3,High
R01421,C007,2026-05-01,6,2,1,3.2,Medium
R01421,C007,2026-06-01,5,3,1,3.9,Medium
R01422,C007,2026-01-01,1,0,2,2.8,Low
R01422,C007,2026-02-01,2,4,0,3.5,Low
R01422,C007,2026-03-01,1,1,0,3.1,Low
R01422,C007,2026-04-01,4,3,1,4.2,Medium
R01422,C007,2026-05-01,0,0,0,2.8,Low
R01422,C007,2026-06-01,2,1,2,4.1,Low
R01423,C007,2026-01-01,0,0,0,2.7,Low
R01423,C007,2026-02-01,0,0,1,2.3,Low
R01423,C007,2026-03-01,0,1,1,3.5,Low
R01423,C007,2026-04-01,0,1,0,3.0,Low
R01423,C007,2026-05-01,1,2,2,3.6,Low
R01423,C007,2026-06-01,0,0,2,2.8,Low
R01424,C007,2026-01-01,1,0,0,4.6,Low
R01424,C007,2026-02-01,1,1,2,3.5,Low
R01424,C007,2026-03-01,3,3,1,3.2,Low
R01424,C007,2026-04-01,0,1,0,3.2,Low
R01424,C007,2026-05-01,2,2,0,2.9,Low
R01424,C007,2026-06-01,0,1,1,2.2,Low
R01425,C007,2026-01-01,2,2,3,2.8,Low
R01425,C007,2026-02-01,3,3,2,3.7,Low
R01425,C007,2026-03-01,2,2,0,3.6,Low
R01425,C007,2026-04-01,4,4,1,4.1,Medium
R01425,C007,2026-05-01,2,2,0,4.0,Low
R01425,C007,2026-06-01,3,2,2,4.2,Low
R01426,C007,2026-01-01,1,0,3,3.1,Low
R01426,C007,2026-02-01,1,1,0,2.9,Low
R01426,C007,2026-03-01,1,2,2,2.3,Low
R01426,C007,2026-04-01,0,0,1,3.7,Low
R01426,C007,2026-05-01,1,1,0,3.9,Low
R01426,C007,2026-06-01,1,0,2,3.7,Low
R01427,C007,2026-01-01,4,1,3,3.9,Medium
R01427,C007,2026-02-01,5,3,0,3.9,Medium
R01427,C007,2026-03-01,4,3,3,4.2,Medium
R01427,C007,2026-04-01,3,2,1,4.5,Low
R01427,C007,2026-05-01,3,2,2,3.0,Low
R01427,C007,2026-06-01,3,4,1,3.2,Low
R01428,C007,2026-01-01,4,3,3,4.1,Medium
R01428,C007,2026-02-01,3,2,0,4.2,Low
R01428,C007,2026-03-01,2,1,1,4.0,Low
R01428,C007,2026-04-01,4,4,1,3.8,Medium
R01428,C007,2026-05-01,5,2,1,4.3,Medium
R01428,C007,2026-06-01,3,2,1,3.8,Low
R01429,C007,2026-01-01,2,4,0,3.9,Low
R01429,C007,2026-02-01,2,2,4,4.4,Low
R01429,C007,2026-03-01,1,1,0,3.8,Low
R01429,C007,2026-04-01,0,0,1,3.4,Low
R01429,C007,2026-05-01,2,1,1,2.9,Low
R01429,C007,2026-06-01,0,0,2,3.0,Low
R01430,C007,2026-01-01,2,2,2,3.7,Low
R01430,C007,2026-02-01,3,2,1,2.9,Low
R01430,C007,2026-03-01,3,3,2,2.8,Low
R01430,C007,2026-04-01,4,5,1,3.8,Medium
R01430,C007,2026-05-01,4,3,2,3.6,Medium
R01430,C007,2026-06-01,3,3,0,3.3,Low
R01431,C007,2026-01-01,5,3,1,4.2,Medium
R01431,C007,2026-02-01,6,4,2,3.4,Medium
R01431,C007,2026-03-01,7,3,3,4.4,High
R01431,C007,2026-04-01,5,3,1,3.1,Medium
R01431,C007,2026-05-01,4,2,2,4.9,Medium
R01431,C007,2026-06-01,5,5,2,3.2,Medium
R01432,C007,2026-01-01,4,3,1,3.4,Medium
R01432,C007,2026-02-01,3,2,0,3.9,Low
R01432,C007,2026-03-01,3,3,3,3.5,Low
R01432,C007,2026-04-01,3,3,1,2.6,Low
R01432,C007,2026-05-01,3,3,1,3.4,Low
R01432,C007,2026-06-01,4,2,2,5.0,Medium
R01433,C007,2026-01-01,3,3,1,4.1,Low
R01433,C007,2026-02-01,4,4,1,4.5,Medium
R01433,C007,2026-03-01,5,3,0,3.8,Medium
R01433,C007,2026-04-01,6,4,2,5.0,Medium
R01433,C007,2026-05-01,5,3,1,4.1,Medium
R01433,C007,2026-06-01,3,3,0,3.4,Low
R01434,C007,2026-01-01,3,2,2,3.2,Low
R01434,C007,2026-02-01,5,3,2,3.7,Medium
R01434,C007,2026-03-01,5,2,4,3.4,Medium
R01434,C007,2026-04-01,3,3,0,4.5,Low
R01434,C007,2026-05-01,4,1,2,3.0,Medium
R01434,C007,2026-06-01,3,3,1,4.3,Low
R01435,C007,2026-01-01,6,1,0,5.0,Medium
R01435,C007,2026-02-01,4,3,2,3.9,Medium
R01435,C007,2026-03-01,6,4,1,4.0,Medium
R01435,C007,2026-04-01,5,3,1,3.3,Medium
R01435,C007,2026-05-01,5,3,1,4.7,Medium
R01435,C007,2026-06-01,4,5,1,4.3,Medium
R01436,C007,2026-01-01,2,2,3,3.9,Low
R01436,C007,2026-02-01,2,1,0,3.5,Low
R01436,C007,2026-03-01,1,1,1,2.8,Low
R01436,C007,2026-04-01,0,0,1,3.6,Low
R01436,C007,2026-05-01,3,3,0,3.8,Low
R01436,C007,2026-06-01,4,3,1,3.7,Medium
R01437,C007,2026-01-01,5,4,1,4.7,Medium
R01437,C007,2026-02-01,4,3,6,4.0,Medium
R01437,C007,2026-03-01,9,5,0,5.0,High
R01437,C007,2026-04-01,6,3,0,4.6,Medium
R01437,C007,2026-05-01,5,4,2,3.4,Medium
R01437,C007,2026-06-01,5,4,1,3.4,Medium
R01438,C007,2026-01-01,4,5,1,3.7,Medium
R01438,C007,2026-02-01,5,4,2,2.9,Medium
R01438,C007,2026-03-01,5,5,0,5.0,Medium
R01438,C007,2026-04-01,5,5,3,4.3,Medium
R01438,C007,2026-05-01,5,2,3,3.5,Medium
R01438,C007,2026-06-01,5,3,1,4.3,Medium
R01439,C008,2026-01-01,4,4,2,4.2,Medium
R01439,C008,2026-02-01,5,4,1,3.5,Medium
R01439,C008,2026-03-01,2,1,2,3.0,Low
R01439,C008,2026-04-01,5,3,2,5.0,Medium
R01439,C008,2026-05-01,3,2,1,3.6,Low
R01439,C008,2026-06-01,5,4,1,3.7,Medium
R01440,C008,2026-01-01,2,1,1,3.7,Low
R01440,C008,2026-02-01,5,4,1,4.5,Medium
R01440,C008,2026-03-01,5,4,0,4.5,Medium
R01440,C008,2026-04-01,6,4,0,5.0,Medium
R01440,C008,2026-05-01,2,2,0,3.6,Low
R01440,C008,2026-06-01,3,0,2,3.2,Low
R01441,C008,2026-01-01,9,4,1,5.0,High
R01441,C008,2026-02-01,6,2,1,3.4,Medium
R01441,C008,2026-03-01,8,4,2,4.7,High
R01441,C008,2026-04-01,9,2,1,4.6,High
R01441,C008,2026-05-01,7,4,1,5.0,High
R01441,C008,2026-06-01,7,5,1,3.8,High
R01442,C008,2026-01-01,1,2,2,3.0,Low
R01442,C008,2026-02-01,0,0,1,3.2,Low
R01442,C008,2026-03-01,3,1,1,3.8,Low
R01442,C008,2026-04-01,1,0,3,3.1,Low
R01442,C008,2026-05-01,1,2,0,2.8,Low
R01442,C008,2026-06-01,1,0,0,2.9,Low
R01443,C008,2026-01-01,1,0,1,3.8,Low
R01443,C008,2026-02-01,0,0,1,2.3,Low
R01443,C008,2026-03-01,0,0,0,3.1,Low
R01443,C008,2026-04-01,0,0,1,3.7,Low
R01443,C008,2026-05-01,0,0,1,3.6,Low
R01443,C008,2026-06-01,1,2,1,2.7,Low
R01444,C008,2026-01-01,2,3,1,3.1,Low
R01444,C008,2026-02-01,2,2,2,2.8,Low
R01444,C008,2026-03-01,0,0,0,3.1,Low
R01444,C008,2026-04-01,0,0,2,3.2,Low
R01444,C008,2026-05-01,3,3,1,3.8,Low
R01444,C008,2026-06-01,1,0,2,4.2,Low
R01445,C008,2026-01-01,3,4,1,3.2,Low
R01445,C008,2026-02-01,4,4,2,4.3,Medium
R01445,C008,2026-03-01,6,3,0,4.9,Medium
R01445,C008,2026-04-01,3,2,1,3.5,Low
R01445,C008,2026-05-01,5,5,3,2.7,Medium
R01445,C008,2026-06-01,5,4,1,4.0,Medium
R01446,C008,2026-01-01,4,3,1,3.8,Medium
R01446,C008,2026-02-01,4,3,1,4.4,Medium
R01446,C008,2026-03-01,3,1,1,3.5,Low
R01446,C008,2026-04-01,6,4,1,4.7,Medium
R01446,C008,2026-05-01,5,3,2,4.3,Medium
R01446,C008,2026-06-01,5,4,1,2.6,Medium
R01447,C008,2026-01-01,2,3,2,4.2,Low
R01447,C008,2026-02-01,2,1,0,3.6,Low
R01447,C008,2026-03-01,3,4,2,3.9,Low
R01447,C008,2026-04-01,3,4,0,2.8,Low
R01447,C008,2026-05-01,3,2,2,3.4,Low
R01447,C008,2026-06-01,2,4,2,3.4,Low
R01448,C008,2026-01-01,2,1,2,3.9,Low
R01448,C008,2026-02-01,1,1,2,3.5,Low
R01448,C008,2026-03-01,3,4,3,3.5,Low
R01448,C008,2026-04-01,2,3,2,3.1,Low
R01448,C008,2026-05-01,4,3,2,3.7,Medium
R01448,C008,2026-06-01,3,3,2,3.4,Low
R01449,C008,2026-01-01,4,3,2,3.7,Medium
R01449,C008,2026-02-01,3,2,0,3.8,Low
R01449,C008,2026-03-01,5,5,0,4.1,Medium
R01449,C008,2026-04-01,4,1,0,3.8,Medium
R01449,C008,2026-05-01,3,3,2,3.5,Low
R01449,C008,2026-06-01,3,3,0,3.6,Low
R01450,C008,2026-01-01,3,4,1,3.8,Low
R01450,C008,2026-02-01,3,1,2,2.6,Low
R01450,C008,2026-03-01,3,3,1,2.4,Low
R01450,C008,2026-04-01,3,4,0,3.1,Low
R01450,C008,2026-05-01,3,1,0,4.3,Low
R01450,C008,2026-06-01,4,3,1,4.8,Medium
R01451,C008,2026-01-01,4,2,1,2.9,Medium
R01451,C008,2026-02-01,5,3,1,3.6,Medium
R01451,C008,2026-03-01,5,5,3,2.9,Medium
R01451,C008,2026-04-01,5,3,1,4.2,Medium
R01451,C008,2026-05-01,5,3,1,3.7,Medium
R01451,C008,2026-06-01,4,4,1,4.9,Medium
R01452,C008,2026-01-01,1,1,1,2.9,Low
R01452,C008,2026-02-01,4,5,1,3.6,Medium
R01452,C008,2026-03-01,2,2,0,3.1,Low
R01452,C008,2026-04-01,1,2,3,1.6,Low
R01452,C008,2026-05-01,2,1,0,3.9,Low
R01452,C008,2026-06-01,3,2,0,4.1,Low
R01453,C008,2026-01-01,1,0,0,3.4,Low
R01453,C008,2026-02-01,1,1,1,3.4,Low
R01453,C008,2026-03-01,0,0,3,3.1,Low
R01453,C008,2026-04-01,3,3,0,4.8,Low
R01453,C008,2026-05-01,1,0,0,3.2,Low
R01453,C008,2026-06-01,2,1,2,3.0,Low
R01454,C008,2026-01-01,4,3,2,3.3,Medium
R01454,C008,2026-02-01,5,5,3,3.6,Medium
R01454,C008,2026-03-01,5,4,1,4.0,Medium
R01454,C008,2026-04-01,4,3,1,4.5,Medium
R01454,C008,2026-05-01,4,5,2,3.5,Medium
R01454,C008,2026-06-01,5,2,0,4.4,Medium
R01455,C008,2026-01-01,3,0,0,3.7,Low
R01455,C008,2026-02-01,1,0,0,3.2,Low
R01455,C008,2026-03-01,2,3,0,3.3,Low
R01455,C008,2026-04-01,1,0,3,2.3,Low
R01455,C008,2026-05-01,1,1,2,2.5,Low
R01455,C008,2026-06-01,1,0,4,3.2,Low
R01456,C008,2026-01-01,2,2,1,3.3,Low
R01456,C008,2026-02-01,2,2,0,3.5,Low
R01456,C008,2026-03-01,2,2,1,3.1,Low
R01456,C008,2026-04-01,1,1,0,4.4,Low
R01456,C008,2026-05-01,0,0,0,3.9,Low
R01456,C008,2026-06-01,2,1,1,1.9,Low
R01457,C008,2026-01-01,4,5,1,4.6,Medium
R01457,C008,2026-02-01,4,2,0,4.5,Medium
R01457,C008,2026-03-01,5,4,0,4.5,Medium
R01457,C008,2026-04-01,4,4,0,4.1,Medium
R01457,C008,2026-05-01,5,3,0,3.8,Medium
R01457,C008,2026-06-01,6,3,0,5.0,Medium
R01458,C008,2026-01-01,6,4,0,4.9,Medium
R01458,C008,2026-02-01,5,4,1,4.4,Medium
R01458,C008,2026-03-01,4,2,1,3.0,Medium
R01458,C008,2026-04-01,4,3,1,2.9,Medium
R01458,C008,2026-05-01,3,3,0,3.8,Low
R01458,C008,2026-06-01,5,4,0,3.7,Medium
R01459,C008,2026-01-01,4,3,1,4.2,Medium
R01459,C008,2026-02-01,6,5,0,3.7,Medium
R01459,C008,2026-03-01,4,4,1,3.5,Medium
R01459,C008,2026-04-01,4,1,2,2.8,Medium
R01459,C008,2026-05-01,4,5,1,3.0,Medium
R01459,C008,2026-06-01,6,3,1,4.0,Medium
R01460,C008,2026-01-01,7,4,2,4.9,High
R01460,C008,2026-02-01,4,3,0,5.0,Medium
R01460,C008,2026-03-01,6,4,0,4.7,Medium
R01460,C008,2026-04-01,3,0,1,3.1,Low
R01460,C008,2026-05-01,4,3,0,3.2,Medium
R01460,C008,2026-06-01,5,4,2,3.0,Medium
R01461,C008,2026-01-01,3,1,3,3.4,Low
R01461,C008,2026-02-01,3,0,0,3.5,Low
R01461,C008,2026-03-01,1,0,0,2.6,Low
R01461,C008,2026-04-01,2,0,2,3.8,Low
R01461,C008,2026-05-01,3,3,1,4.4,Low
R01461,C008,2026-06-01,2,1,0,2.9,Low
R01462,C008,2026-01-01,0,0,0,3.8,Low
R01462,C008,2026-02-01,2,0,0,3.2,Low
R01462,C008,2026-03-01,2,3,0,3.1,Low
R01462,C008,2026-04-01,2,2,2,2.7,Low
R01462,C008,2026-05-01,2,0,1,3.5,Low
R01462,C008,2026-06-01,2,0,0,2.6,Low
R01463,C008,2026-01-01,5,1,4,3.4,Medium
R01463,C008,2026-02-01,4,4,1,3.4,Medium
R01463,C008,2026-03-01,3,2,0,3.6,Low
R01463,C008,2026-04-01,5,2,3,4.3,Medium
R01463,C008,2026-05-01,3,2,1,2.8,Low
R01463,C008,2026-06-01,5,2,0,3.8,Medium
R01464,C008,2026-01-01,7,3,3,4.0,High
R01464,C008,2026-02-01,8,4,3,3.9,High
R01464,C008,2026-03-01,7,4,2,4.8,High
R01464,C008,2026-04-01,6,5,2,3.9,Medium
R01464,C008,2026-05-01,6,3,2,4.6,Medium
R01464,C008,2026-06-01,6,4,1,4.2,Medium
R01465,C008,2026-01-01,4,3,1,3.8,Medium
R01465,C008,2026-02-01,3,2,0,2.3,Low
R01465,C008,2026-03-01,5,5,1,4.5,Medium
R01465,C008,2026-04-01,6,2,0,4.0,Medium
R01465,C008,2026-05-01,5,4,1,2.5,Medium
R01465,C008,2026-06-01,4,4,2,3.3,Medium
R01466,C008,2026-01-01,4,3,2,3.3,Medium
R01466,C008,2026-02-01,2,1,1,3.6,Low
R01466,C008,2026-03-01,2,1,0,3.1,Low
R01466,C008,2026-04-01,3,2,1,4.3,Low
R01466,C008,2026-05-01,3,0,1,3.0,Low
R01466,C008,2026-06-01,3,2,0,4.4,Low
R01467,C008,2026-01-01,2,2,1,4.7,Low
R01467,C008,2026-02-01,1,0,1,2.6,Low
R01467,C008,2026-03-01,4,4,1,4.4,Medium
R01467,C008,2026-04-01,3,3,2,3.6,Low
R01467,C008,2026-05-01,3,3,0,4.1,Low
R01467,C008,2026-06-01,2,3,2,3.2,Low
R01468,C008,2026-01-01,3,3,1,4.4,Low
R01468,C008,2026-02-01,5,2,1,3.1,Medium
R01468,C008,2026-03-01,2,2,0,2.2,Low
R01468,C008,2026-04-01,3,3,1,3.9,Low
R01468,C008,2026-05-01,3,2,0,3.1,Low
R01468,C008,2026-06-01,5,5,1,4.1,Medium
R01469,C008,2026-01-01,3,3,0,4.3,Low
R01469,C008,2026-02-01,4,2,2,3.5,Medium
R01469,C008,2026-03-01,5,3,2,4.2,Medium
R01469,C008,2026-04-01,5,3,0,4.7,Medium
R01469,C008,2026-05-01,2,2,4,4.3,Low
R01469,C008,2026-06-01,3,3,1,3.0,Low
R01470,C008,2026-01-01,1,0,2,3.1,Low
R01470,C008,2026-02-01,2,1,2,3.6,Low
R01470,C008,2026-03-01,2,1,1,3.6,Low
R01470,C008,2026-04-01,2,1,2,2.9,Low
R01470,C008,2026-05-01,2,2,1,4.7,Low
R01470,C008,2026-06-01,2,2,1,2.9,Low
R01471,C008,2026-01-01,4,4,0,4.2,Medium
R01471,C008,2026-02-01,3,4,1,3.8,Low
R01471,C008,2026-03-01,5,3,0,3.4,Medium
R01471,C008,2026-04-01,4,4,1,4.4,Medium
R01471,C008,2026-05-01,6,5,0,4.0,Medium
R01471,C008,2026-06-01,4,2,0,4.3,Medium
R01472,C008,2026-01-01,2,1,2,3.5,Low
R01472,C008,2026-02-01,0,0,1,2.8,Low
R01472,C008,2026-03-01,1,1,1,4.4,Low
R01472,C008,2026-04-01,1,0,2,4.4,Low
R01472,C008,2026-05-01,2,4,1,4.0,Low
R01472,C008,2026-06-01,3,2,2,2.8,Low
R01473,C008,2026-01-01,0,1,0,4.1,Low
R01473,C008,2026-02-01,0,0,1,3.6,Low
R01473,C008,2026-03-01,0,0,3,3.3,Low
R01473,C008,2026-04-01,0,1,3,3.1,Low
R01473,C008,2026-05-01,0,1,2,3.0,Low
R01473,C008,2026-06-01,1,2,2,3.5,Low
R01474,C008,2026-01-01,1,1,1,2.6,Low
R01474,C008,2026-02-01,2,1,0,2.7,Low
R01474,C008,2026-03-01,3,2,1,3.8,Low
R01474,C008,2026-04-01,1,1,1,3.1,Low
R01474,C008,2026-05-01,2,0,4,3.6,Low
R01474,C008,2026-06-01,1,0,3,3.0,Low
R01475,C008,2026-01-01,1,0,0,4.2,Low
R01475,C008,2026-02-01,1,1,0,3.9,Low
R01475,C008,2026-03-01,1,0,2,3.1,Low
R01475,C008,2026-04-01,1,3,0,4.0,Low
R01475,C008,2026-05-01,3,3,1,2.9,Low
R01475,C008,2026-06-01,1,0,1,2.0,Low
R01476,C008,2026-01-01,6,3,0,3.7,Medium
R01476,C008,2026-02-01,6,5,1,4.4,Medium
R01476,C008,2026-03-01,6,3,2,3.8,Medium
R01476,C008,2026-04-01,5,3,1,3.3,Medium
R01476,C008,2026-05-01,4,4,0,3.7,Medium
R01476,C008,2026-06-01,3,3,1,2.6,Low
R01477,C008,2026-01-01,8,3,1,4.1,High
R01477,C008,2026-02-01,9,4,2,4.3,High
R01477,C008,2026-03-01,9,5,1,4.5,High
R01477,C008,2026-04-01,9,4,1,4.4,High
R01477,C008,2026-05-01,8,5,2,3.6,High
R01477,C008,2026-06-01,10,3,3,4.8,High
R01478,C008,2026-01-01,2,1,0,5.0,Low
R01478,C008,2026-02-01,1,0,1,2.7,Low
R01478,C008,2026-03-01,1,1,1,3.0,Low
R01478,C008,2026-04-01,1,2,1,3.0,Low
R01478,C008,2026-05-01,2,2,2,3.0,Low
R01478,C008,2026-06-01,1,2,1,4.0,Low
R01479,C008,2026-01-01,1,1,3,3.2,Low
R01479,C008,2026-02-01,1,0,0,3.2,Low
R01479,C008,2026-03-01,3,4,1,3.4,Low
R01479,C008,2026-04-01,4,4,0,3.9,Medium
R01479,C008,2026-05-01,3,3,2,3.3,Low
R01479,C008,2026-06-01,1,0,1,3.5,Low
R01480,C008,2026-01-01,5,3,0,2.9,Medium
R01480,C008,2026-02-01,4,4,1,3.3,Medium
R01480,C008,2026-03-01,2,2,1,4.5,Low
R01480,C008,2026-04-01,2,2,1,4.0,Low
R01480,C008,2026-05-01,4,4,1,3.7,Medium
R01480,C008,2026-06-01,2,2,3,3.7,Low
R01481,C008,2026-01-01,4,5,3,3.4,Medium
R01481,C008,2026-02-01,4,5,2,4.1,Medium
R01481,C008,2026-03-01,4,4,3,4.3,Medium
R01481,C008,2026-04-01,3,1,2,2.9,Low
R01481,C008,2026-05-01,5,1,3,3.9,Medium
R01481,C008,2026-06-01,4,3,0,2.7,Medium
R01482,C008,2026-01-01,1,0,3,3.6,Low
R01482,C008,2026-02-01,3,1,0,3.6,Low
R01482,C008,2026-03-01,3,3,0,3.5,Low
R01482,C008,2026-04-01,3,4,1,3.9,Low
R01482,C008,2026-05-01,4,4,1,2.6,Medium
R01482,C008,2026-06-01,5,3,2,4.2,Medium
R01483,C008,2026-01-01,0,0,0,2.3,Low
R01483,C008,2026-02-01,0,0,1,2.9,Low
R01483,C008,2026-03-01,1,0,1,3.4,Low
R01483,C008,2026-04-01,0,0,1,3.3,Low
R01483,C008,2026-05-01,0,0,1,3.8,Low
R01483,C008,2026-06-01,0,0,1,2.5,Low
R01484,C008,2026-01-01,0,0,2,3.4,Low
R01484,C008,2026-02-01,2,0,2,2.8,Low
R01484,C008,2026-03-01,0,0,1,3.1,Low
R01484,C008,2026-04-01,0,0,0,3.1,Low
R01484,C008,2026-05-01,0,0,1,2.7,Low
R01484,C008,2026-06-01,1,0,1,3.2,Low
R01485,C008,2026-01-01,3,3,0,3.6,Low
R01485,C008,2026-02-01,4,4,1,4.5,Medium
R01485,C008,2026-03-01,3,3,0,3.8,Low
R01485,C008,2026-04-01,2,2,0,4.0,Low
R01485,C008,2026-05-01,3,1,0,4.6,Low
R01485,C008,2026-06-01,1,0,1,2.5,Low
R01486,C008,2026-01-01,3,3,4,3.2,Low
R01486,C008,2026-02-01,2,3,4,2.9,Low
R01486,C008,2026-03-01,3,2,2,3.0,Low
R01486,C008,2026-04-01,2,2,0,4.2,Low
R01486,C008,2026-05-01,4,1,0,3.9,Medium
R01486,C008,2026-06-01,2,2,2,3.3,Low
R01487,C008,2026-01-01,1,1,0,4.2,Low
R01487,C008,2026-02-01,4,2,1,4.7,Medium
R01487,C008,2026-03-01,1,1,1,2.7,Low
R01487,C008,2026-04-01,4,3,1,3.9,Medium
R01487,C008,2026-05-01,2,2,1,3.4,Low
R01487,C008,2026-06-01,3,3,5,3.2,Low
R01488,C008,2026-01-01,7,4,2,4.4,High
R01488,C008,2026-02-01,7,3,2,4.0,High
R01488,C008,2026-03-01,6,4,0,3.9,Medium
R01488,C008,2026-04-01,9,4,1,5.0,High
R01488,C008,2026-05-01,5,3,3,3.9,Medium
R01488,C008,2026-06-01,5,4,1,4.1,Medium
R01489,C008,2026-01-01,6,4,4,3.7,Medium
R01489,C008,2026-02-01,7,5,2,4.4,High
R01489,C008,2026-03-01,7,4,3,3.0,High
R01489,C008,2026-04-01,5,5,2,4.4,Medium
R01489,C008,2026-05-01,6,4,2,3.7,Medium
R01489,C008,2026-06-01,6,3,0,4.6,Medium
R01490,C008,2026-01-01,3,4,1,3.2,Low
R01490,C008,2026-02-01,5,2,0,5.0,Medium
R01490,C008,2026-03-01,4,5,1,3.0,Medium
R01490,C008,2026-04-01,4,3,1,3.8,Medium
R01490,C008,2026-05-01,3,2,0,4.6,Low
R01490,C008,2026-06-01,6,4,1,3.3,Medium
R01491,C008,2026-01-01,6,5,2,3.5,Medium
R01491,C008,2026-02-01,5,3,1,3.2,Medium
R01491,C008,2026-03-01,4,3,4,4.0,Medium
R01491,C008,2026-04-01,4,2,1,4.2,Medium
R01491,C008,2026-05-01,5,4,0,3.4,Medium
R01491,C008,2026-06-01,5,2,1,4.4,Medium
R01492,C008,2026-01-01,4,4,1,4.6,Medium
R01492,C008,2026-02-01,5,2,1,4.5,Medium
R01492,C008,2026-03-01,2,1,3,2.7,Low
R01492,C008,2026-04-01,4,4,1,4.1,Medium
R01492,C008,2026-05-01,5,4,2,4.2,Medium
R01492,C008,2026-06-01,4,3,0,4.7,Medium
R01493,C008,2026-01-01,2,2,1,3.4,Low
R01493,C008,2026-02-01,2,2,0,2.6,Low
R01493,C008,2026-03-01,2,1,0,3.4,Low
R01493,C008,2026-04-01,4,4,0,3.0,Medium
R01493,C008,2026-05-01,2,2,0,3.4,Low
R01493,C008,2026-06-01,1,0,0,3.6,Low
R01494,C008,2026-01-01,2,1,0,3.0,Low
R01494,C008,2026-02-01,3,2,0,3.4,Low
R01494,C008,2026-03-01,2,2,2,3.6,Low
R01494,C008,2026-04-01,1,1,1,3.2,Low
R01494,C008,2026-05-01,3,3,0,2.4,Low
R01494,C008,2026-06-01,3,2,2,2.5,Low
R01495,C008,2026-01-01,6,3,1,3.8,Medium
R01495,C008,2026-02-01,7,5,4,3.4,High
R01495,C008,2026-03-01,6,4,0,3.5,Medium
R01495,C008,2026-04-01,5,3,0,4.0,Medium
R01495,C008,2026-05-01,5,3,0,3.2,Medium
R01495,C008,2026-06-01,4,2,0,4.5,Medium
R01496,C008,2026-01-01,4,2,1,4.1,Medium
R01496,C008,2026-02-01,6,2,0,4.7,Medium
R01496,C008,2026-03-01,7,4,2,4.5,High
R01496,C008,2026-04-01,3,3,1,3.5,Low
R01496,C008,2026-05-01,5,3,1,3.3,Medium
R01496,C008,2026-06-01,5,4,0,3.6,Medium
R01497,C008,2026-01-01,3,2,1,3.2,Low
R01497,C008,2026-02-01,2,3,0,3.8,Low
R01497,C008,2026-03-01,4,3,1,4.3,Medium
R01497,C008,2026-04-01,2,1,2,3.6,Low
R01497,C008,2026-05-01,2,2,2,3.0,Low
R01497,C008,2026-06-01,2,2,1,3.9,Low
R01498,C008,2026-01-01,0,0,0,3.8,Low
R01498,C008,2026-02-01,0,0,0,1.8,Low
R01498,C008,2026-03-01,1,0,1,4.0,Low
R01498,C008,2026-04-01,0,0,1,2.7,Low
R01498,C008,2026-05-01,1,1,1,3.6,Low
R01498,C008,2026-06-01,0,0,1,3.5,Low
R01499,C008,2026-01-01,5,5,2,4.4,Medium
R01499,C008,2026-02-01,3,3,2,2.6,Low
R01499,C008,2026-03-01,5,3,0,3.8,Medium
R01499,C008,2026-04-01,5,3,1,4.7,Medium
R01499,C008,2026-05-01,6,5,1,3.6,Medium
R01499,C008,2026-06-01,3,4,0,3.1,Low
R01500,C008,2026-01-01,2,1,3,3.7,Low
R01500,C008,2026-02-01,3,2,2,3.9,Low
R01500,C008,2026-03-01,2,1,2,2.1,Low
R01500,C008,2026-04-01,3,3,1,3.7,Low
R01500,C008,2026-05-01,2,0,1,2.9,Low
R01500,C008,2026-06-01,3,3,1,3.4,Low
R01501,C008,2026-01-01,0,0,1,2.8,Low
R01501,C008,2026-02-01,3,2,0,3.0,Low
R01501,C008,2026-03-01,2,2,1,3.1,Low
R01501,C008,2026-04-01,1,0,1,3.0,Low
R01501,C008,2026-05-01,0,0,2,3.4,Low
R01501,C008,2026-06-01,1,2,1,3.1,Low
R01502,C008,2026-01-01,3,4,1,3.0,Low
R01502,C008,2026-02-01,4,3,0,4.2,Medium
R01502,C008,2026-03-01,5,2,3,4.1,Medium
R01502,C008,2026-04-01,4,2,1,3.5,Medium
R01502,C008,2026-05-01,4,3,6,3.4,Medium
R01502,C008,2026-06-01,6,4,1,4.5,Medium
R01503,C008,2026-01-01,5,5,2,4.3,Medium
R01503,C008,2026-02-01,4,4,2,3.9,Medium
R01503,C008,2026-03-01,4,3,0,3.7,Medium
R01503,C008,2026-04-01,5,3,2,4.0,Medium
R01503,C008,2026-05-01,4,5,2,5.0,Medium
R01503,C008,2026-06-01,5,3,1,3.1,Medium
R01504,C008,2026-01-01,2,2,1,3.1,Low
R01504,C008,2026-02-01,4,5,0,3.5,Medium
R01504,C008,2026-03-01,3,2,1,3.7,Low
R01504,C008,2026-04-01,2,3,2,2.8,Low
R01504,C008,2026-05-01,1,2,1,3.0,Low
R01504,C008,2026-06-01,1,1,1,3.8,Low
R01505,C008,2026-01-01,6,3,0,4.4,Medium
R01505,C008,2026-02-01,6,4,1,4.2,Medium
R01505,C008,2026-03-01,8,3,2,4.7,High
R01505,C008,2026-04-01,6,5,4,3.5,Medium
R01505,C008,2026-05-01,7,3,3,3.6,High
R01505,C008,2026-06-01,7,2,0,4.3,High
R01506,C008,2026-01-01,3,2,1,3.6,Low
R01506,C008,2026-02-01,4,2,1,4.8,Medium
R01506,C008,2026-03-01,4,3,0,3.8,Medium
R01506,C008,2026-04-01,4,5,0,3.5,Medium
R01506,C008,2026-05-01,5,3,1,4.0,Medium
R01506,C008,2026-06-01,3,3,2,3.1,Low
R01507,C008,2026-01-01,5,3,0,4.1,Medium
R01507,C008,2026-02-01,5,3,0,5.0,Medium
R01507,C008,2026-03-01,7,5,1,4.3,High
R01507,C008,2026-04-01,6,3,1,4.5,Medium
R01507,C008,2026-05-01,6,5,1,4.0,Medium
R01507,C008,2026-06-01,5,3,2,3.7,Medium
R01508,C008,2026-01-01,5,4,0,4.2,Medium
R01508,C008,2026-02-01,6,4,0,4.2,Medium
R01508,C008,2026-03-01,5,3,1,3.7,Medium
R01508,C008,2026-04-01,5,4,0,3.2,Medium
R01508,C008,2026-05-01,5,2,2,3.6,Medium
R01508,C008,2026-06-01,3,1,0,3.9,Low
R01509,C008,2026-01-01,8,3,0,4.8,High
R01509,C008,2026-02-01,7,4,0,3.6,High
R01509,C008,2026-03-01,7,4,1,4.3,High
R01509,C008,2026-04-01,7,4,1,3.9,High
R01509,C008,2026-05-01,9,4,2,4.0,High
R01509,C008,2026-06-01,7,5,4,3.9,High
R01510,C008,2026-01-01,5,5,0,3.9,Medium
R01510,C008,2026-02-01,4,2,0,2.4,Medium
R01510,C008,2026-03-01,5,3,2,3.6,Medium
R01510,C008,2026-04-01,3,3,1,3.5,Low
R01510,C008,2026-05-01,4,3,2,4.8,Medium
R01510,C008,2026-06-01,4,3,2,3.8,Medium
R01511,C008,2026-01-01,4,4,1,3.7,Medium
R01511,C008,2026-02-01,4,4,0,4.1,Medium
R01511,C008,2026-03-01,4,4,3,4.1,Medium
R01511,C008,2026-04-01,6,3,2,3.1,Medium
R01511,C008,2026-05-01,3,2,0,3.4,Low
R01511,C008,2026-06-01,3,2,1,5.0,Low
R01512,C008,2026-01-01,3,4,0,3.6,Low
R01512,C008,2026-02-01,4,3,0,4.6,Medium
R01512,C008,2026-03-01,2,2,2,3.9,Low
R01512,C008,2026-04-01,3,3,0,4.3,Low
R01512,C008,2026-05-01,5,4,1,4.5,Medium
R01512,C008,2026-06-01,4,2,0,4.1,Medium
R01513,C008,2026-01-01,7,4,0,4.1,High
R01513,C008,2026-02-01,5,4,1,3.6,Medium
R01513,C008,2026-03-01,6,4,2,4.1,Medium
R01513,C008,2026-04-01,4,5,3,3.5,Medium
R01513,C008,2026-05-01,5,4,2,3.8,Medium
R01513,C008,2026-06-01,6,5,3,3.2,Medium
R01514,C008,2026-01-01,4,4,0,3.1,Medium
R01514,C008,2026-02-01,2,0,1,4.7,Low
R01514,C008,2026-03-01,2,3,0,4.8,Low
R01514,C008,2026-04-01,4,3,0,3.5,Medium
R01514,C008,2026-05-01,2,1,1,2.8,Low
R01514,C008,2026-06-01,2,2,2,3.6,Low
R01515,C008,2026-01-01,2,2,1,2.5,Low
R01515,C008,2026-02-01,2,3,3,3.8,Low
R01515,C008,2026-03-01,2,0,1,3.6,Low
R01515,C008,2026-04-01,3,4,0,3.8,Low
R01515,C008,2026-05-01,1,1,3,3.1,Low
R01515,C008,2026-06-01,2,3,1,3.6,Low
R01516,C008,2026-01-01,2,2,1,3.7,Low
R01516,C008,2026-02-01,0,0,1,3.1,Low
R01516,C008,2026-03-01,0,0,3,3.2,Low
R01516,C008,2026-04-01,3,1,0,3.9,Low
R01516,C008,2026-05-01,1,0,2,4.5,Low
R01516,C008,2026-06-01,1,1,2,3.7,Low
R01517,C008,2026-01-01,5,4,1,4.1,Medium
R01517,C008,2026-02-01,6,4,0,3.9,Medium
R01517,C008,2026-03-01,8,4,0,4.5,High
R01517,C008,2026-04-01,6,5,2,4.1,Medium
R01517,C008,2026-05-01,7,4,1,4.0,High
R01517,C008,2026-06-01,7,3,4,4.4,High
R01518,C008,2026-01-01,3,3,3,3.1,Low
R01518,C008,2026-02-01,2,0,0,3.3,Low
R01518,C008,2026-03-01,0,0,3,4.0,Low
R01518,C008,2026-04-01,1,1,2,3.8,Low
R01518,C008,2026-05-01,1,0,2,3.0,Low
R01518,C008,2026-06-01,1,1,1,3.0,Low
R01519,C008,2026-01-01,6,4,0,4.2,Medium
R01519,C008,2026-02-01,7,3,1,5.0,High
R01519,C008,2026-03-01,6,4,0,4.5,Medium
R01519,C008,2026-04-01,4,5,3,3.5,Medium
R01519,C008,2026-05-01,6,4,1,2.8,Medium
R01519,C008,2026-06-01,6,3,2,4.5,Medium
R01520,C008,2026-01-01,2,2,1,2.9,Low
R01520,C008,2026-02-01,3,2,2,3.2,Low
R01520,C008,2026-03-01,3,3,1,3.2,Low
R01520,C008,2026-04-01,3,3,0,3.7,Low
R01520,C008,2026-05-01,2,2,0,3.1,Low
R01520,C008,2026-06-01,5,1,3,4.5,Medium
R01521,C008,2026-01-01,1,1,2,4.8,Low
R01521,C008,2026-02-01,2,2,3,3.4,Low
R01521,C008,2026-03-01,1,3,2,3.4,Low
R01521,C008,2026-04-01,1,0,2,3.6,Low
R01521,C008,2026-05-01,2,2,0,3.0,Low
R01521,C008,2026-06-01,0,1,0,3.0,Low
R01522,C008,2026-01-01,4,4,1,4.1,Medium
R01522,C008,2026-02-01,5,5,1,3.6,Medium
R01522,C008,2026-03-01,4,4,1,3.9,Medium
R01522,C008,2026-04-01,4,4,3,4.2,Medium
R01522,C008,2026-05-01,4,4,0,4.3,Medium
R01522,C008,2026-06-01,3,1,1,2.7,Low
R01523,C008,2026-01-01,4,4,4,3.1,Medium
R01523,C008,2026-02-01,4,3,3,3.7,Medium
R01523,C008,2026-03-01,3,2,0,4.3,Low
R01523,C008,2026-04-01,2,1,0,3.9,Low
R01523,C008,2026-05-01,3,2,0,3.6,Low
R01523,C008,2026-06-01,2,1,2,4.0,Low
R01524,C008,2026-01-01,1,0,2,3.2,Low
R01524,C008,2026-02-01,3,3,3,3.4,Low
R01524,C008,2026-03-01,3,2,1,3.6,Low
R01524,C008,2026-04-01,2,0,1,3.9,Low
R01524,C008,2026-05-01,2,2,1,3.5,Low
R01524,C008,2026-06-01,2,2,1,3.2,Low
R01525,C008,2026-01-01,3,3,1,3.5,Low
R01525,C008,2026-02-01,3,3,1,4.1,Low
R01525,C008,2026-03-01,3,4,2,2.9,Low
R01525,C008,2026-04-01,3,4,0,4.3,Low
R01525,C008,2026-05-01,3,2,1,4.2,Low
R01525,C008,2026-06-01,1,1,1,3.0,Low
R01526,C008,2026-01-01,4,5,0,3.9,Medium
R01526,C008,2026-02-01,4,4,0,4.0,Medium
R01526,C008,2026-03-01,4,5,1,3.7,Medium
R01526,C008,2026-04-01,4,4,2,3.8,Medium
R01526,C008,2026-05-01,4,5,2,4.2,Medium
R01526,C008,2026-06-01,7,4,0,4.8,High
R01527,C008,2026-01-01,3,2,1,4.6,Low
R01527,C008,2026-02-01,3,2,2,3.7,Low
R01527,C008,2026-03-01,4,2,0,5.0,Medium
R01527,C008,2026-04-01,5,3,1,4.2,Medium
R01527,C008,2026-05-01,4,2,4,3.6,Medium
R01527,C008,2026-06-01,4,3,2,3.2,Medium
R01528,C008,2026-01-01,3,2,3,4.2,Low
R01528,C008,2026-02-01,5,5,2,4.7,Medium
R01528,C008,2026-03-01,6,3,0,4.1,Medium
R01528,C008,2026-04-01,5,2,0,4.4,Medium
R01528,C008,2026-05-01,5,2,1,3.4,Medium
R01528,C008,2026-06-01,4,4,1,3.0,Medium
R01529,C008,2026-01-01,7,3,1,5.0,High
R01529,C008,2026-02-01,6,2,1,4.9,Medium
R01529,C008,2026-03-01,5,3,2,4.6,Medium
R01529,C008,2026-04-01,3,2,2,3.9,Low
R01529,C008,2026-05-01,5,4,2,3.4,Medium
R01529,C008,2026-06-01,8,3,1,4.4,High
R01530,C008,2026-01-01,3,2,0,4.3,Low
R01530,C008,2026-02-01,0,0,1,3.5,Low
R01530,C008,2026-03-01,0,1,0,3.0,Low
R01530,C008,2026-04-01,2,1,2,3.2,Low
R01530,C008,2026-05-01,0,0,2,3.6,Low
R01530,C008,2026-06-01,0,0,3,3.7,Low
R01531,C008,2026-01-01,2,2,1,3.5,Low
R01531,C008,2026-02-01,3,4,3,2.6,Low
R01531,C008,2026-03-01,2,2,1,3.5,Low
R01531,C008,2026-04-01,2,1,3,2.9,Low
R01531,C008,2026-05-01,2,3,3,4.0,Low
R01531,C008,2026-06-01,3,2,1,2.6,Low
R01532,C008,2026-01-01,4,3,1,2.9,Medium
R01532,C008,2026-02-01,3,3,1,3.4,Low
R01532,C008,2026-03-01,5,3,1,3.8,Medium
R01532,C008,2026-04-01,3,2,1,3.8,Low
R01532,C008,2026-05-01,3,2,1,4.0,Low
R01532,C008,2026-06-01,3,3,2,3.1,Low
R01533,C008,2026-01-01,7,2,2,4.5,High
R01533,C008,2026-02-01,5,4,1,3.3,Medium
R01533,C008,2026-03-01,7,3,1,4.9,High
R01533,C008,2026-04-01,7,2,1,4.3,High
R01533,C008,2026-05-01,6,4,2,5.0,Medium
R01533,C008,2026-06-01,6,4,0,4.6,Medium
R01534,C008,2026-01-01,5,3,3,3.8,Medium
R01534,C008,2026-02-01,8,4,1,4.4,High
R01534,C008,2026-03-01,7,3,0,3.1,High
R01534,C008,2026-04-01,6,5,2,4.0,Medium
R01534,C008,2026-05-01,7,2,3,4.9,High
R01534,C008,2026-06-01,6,3,2,3.3,Medium
R01535,C008,2026-01-01,3,2,1,3.1,Low
R01535,C008,2026-02-01,5,5,1,4.6,Medium
R01535,C008,2026-03-01,5,3,4,3.2,Medium
R01535,C008,2026-04-01,6,4,1,4.6,Medium
R01535,C008,2026-05-01,6,4,0,3.8,Medium
R01535,C008,2026-06-01,3,2,0,3.8,Low
R01536,C008,2026-01-01,2,0,1,4.0,Low
R01536,C008,2026-02-01,4,5,2,3.7,Medium
R01536,C008,2026-03-01,4,2,0,3.5,Medium
R01536,C008,2026-04-01,3,1,0,3.6,Low
R01536,C008,2026-05-01,4,2,2,3.9,Medium
R01536,C008,2026-06-01,0,0,0,3.0,Low
R01537,C008,2026-01-01,3,3,2,4.2,Low
R01537,C008,2026-02-01,1,0,0,4.4,Low
R01537,C008,2026-03-01,4,4,0,4.2,Medium
R01537,C008,2026-04-01,3,2,3,2.7,Low
R01537,C008,2026-05-01,2,2,0,3.6,Low
R01537,C008,2026-06-01,1,0,1,4.2,Low
R01538,C008,2026-01-01,3,3,1,2.2,Low
R01538,C008,2026-02-01,2,0,1,2.2,Low
R01538,C008,2026-03-01,2,1,1,3.5,Low
R01538,C008,2026-04-01,3,2,0,4.2,Low
R01538,C008,2026-05-01,2,0,0,3.9,Low
R01538,C008,2026-06-01,3,3,1,3.8,Low
R01539,C008,2026-01-01,5,3,2,4.2,Medium
R01539,C008,2026-02-01,6,4,0,4.9,Medium
R01539,C008,2026-03-01,4,4,1,2.8,Medium
R01539,C008,2026-04-01,5,5,4,4.6,Medium
R01539,C008,2026-05-01,4,3,2,3.6,Medium
R01539,C008,2026-06-01,4,2,2,3.3,Medium
R01540,C008,2026-01-01,6,2,0,4.0,Medium
R01540,C008,2026-02-01,3,2,0,3.9,Low
R01540,C008,2026-03-01,4,4,1,4.3,Medium
R01540,C008,2026-04-01,5,3,0,4.6,Medium
R01540,C008,2026-05-01,5,4,2,4.9,Medium
R01540,C008,2026-06-01,5,5,0,4.0,Medium
R01541,C008,2026-01-01,1,0,0,2.0,Low
R01541,C008,2026-02-01,1,1,3,2.7,Low
R01541,C008,2026-03-01,1,1,0,3.7,Low
R01541,C008,2026-04-01,0,0,1,3.7,Low
R01541,C008,2026-05-01,0,0,1,2.5,Low
R01541,C008,2026-06-01,0,1,2,3.0,Low
R01542,C008,2026-01-01,6,2,2,3.1,Medium
R01542,C008,2026-02-01,4,2,3,4.1,Medium
R01542,C008,2026-03-01,4,3,1,3.8,Medium
R01542,C008,2026-04-01,2,2,1,3.4,Low
R01542,C008,2026-05-01,5,4,0,3.0,Medium
R01542,C008,2026-06-01,6,3,1,4.1,Medium
R01543,C008,2026-01-01,3,2,0,4.0,Low
R01543,C008,2026-02-01,4,4,1,4.6,Medium
R01543,C008,2026-03-01,2,2,3,3.1,Low
R01543,C008,2026-04-01,0,0,1,2.8,Low
R01543,C008,2026-05-01,4,2,0,4.5,Medium
R01543,C008,2026-06-01,5,3,3,4.3,Medium
R01544,C008,2026-01-01,3,4,1,4.2,Low
R01544,C008,2026-02-01,5,5,2,4.2,Medium
R01544,C008,2026-03-01,3,4,1,3.7,Low
R01544,C008,2026-04-01,6,4,1,5.0,Medium
R01544,C008,2026-05-01,3,3,0,3.4,Low
R01544,C008,2026-06-01,3,3,0,4.4,Low
R01545,C008,2026-01-01,0,0,2,3.5,Low
R01545,C008,2026-02-01,1,0,2,3.2,Low
R01545,C008,2026-03-01,1,0,6,3.1,Low
R01545,C008,2026-04-01,2,3,4,4.3,Low
R01545,C008,2026-05-01,0,0,1,3.0,Low
R01545,C008,2026-06-01,2,0,2,3.5,Low
R01546,C008,2026-01-01,9,4,2,3.3,High
R01546,C008,2026-02-01,10,3,0,5.0,High
R01546,C008,2026-03-01,9,4,3,4.4,High
R01546,C008,2026-04-01,9,4,3,4.8,High
R01546,C008,2026-05-01,10,3,2,5.0,High
R01546,C008,2026-06-01,11,3,0,5.0,High
R01547,C008,2026-01-01,3,2,0,3.3,Low
R01547,C008,2026-02-01,3,2,1,3.0,Low
R01547,C008,2026-03-01,3,2,1,3.6,Low
R01547,C008,2026-04-01,4,4,1,3.4,Medium
R01547,C008,2026-05-01,3,4,2,3.4,Low
R01547,C008,2026-06-01,3,2,1,3.3,Low
R01548,C008,2026-01-01,0,0,0,2.9,Low
R01548,C008,2026-02-01,0,0,2,2.9,Low
R01548,C008,2026-03-01,0,0,0,3.1,Low
R01548,C008,2026-04-01,0,0,3,2.7,Low
R01548,C008,2026-05-01,0,0,2,3.5,Low
R01548,C008,2026-06-01,0,0,1,2.4,Low
R01549,C008,2026-01-01,3,5,2,4.0,Low
R01549,C008,2026-02-01,3,4,1,5.0,Low
R01549,C008,2026-03-01,3,2,3,2.4,Low
R01549,C008,2026-04-01,4,3,0,4.9,Medium
R01549,C008,2026-05-01,4,2,1,4.1,Medium
R01549,C008,2026-06-01,4,4,0,4.5,Medium
R01550,C008,2026-01-01,3,3,0,3.8,Low
R01550,C008,2026-02-01,4,1,1,4.0,Medium
R01550,C008,2026-03-01,3,2,1,4.1,Low
R01550,C008,2026-04-01,3,2,1,4.4,Low
R01550,C008,2026-05-01,2,0,1,4.0,Low
R01550,C008,2026-06-01,5,2,2,3.6,Medium
R01551,C008,2026-01-01,1,0,4,3.2,Low
R01551,C008,2026-02-01,2,2,1,2.9,Low
R01551,C008,2026-03-01,1,0,0,2.4,Low
R01551,C008,2026-04-01,3,4,1,3.6,Low
R01551,C008,2026-05-01,1,1,1,4.1,Low
R01551,C008,2026-06-01,2,1,1,3.1,Low
R01552,C008,2026-01-01,3,2,1,3.3,Low
R01552,C008,2026-02-01,4,3,2,3.4,Medium
R01552,C008,2026-03-01,3,1,1,4.6,Low
R01552,C008,2026-04-01,3,3,0,3.4,Low
R01552,C008,2026-05-01,6,4,1,4.4,Medium
R01552,C008,2026-06-01,3,3,1,3.0,Low
R01553,C008,2026-01-01,8,3,2,4.3,High
R01553,C008,2026-02-01,7,2,0,4.3,High
R01553,C008,2026-03-01,5,4,2,4.0,Medium
R01553,C008,2026-04-01,7,3,2,3.7,High
R01553,C008,2026-05-01,6,1,1,4.0,Medium
R01553,C008,2026-06-01,9,2,2,4.8,High
R01554,C008,2026-01-01,6,5,2,4.5,Medium
R01554,C008,2026-02-01,4,4,0,3.8,Medium
R01554,C008,2026-03-01,5,2,1,3.5,Medium
R01554,C008,2026-04-01,5,3,1,4.3,Medium
R01554,C008,2026-05-01,6,3,0,4.9,Medium
R01554,C008,2026-06-01,5,5,0,4.2,Medium
R01555,C008,2026-01-01,6,3,1,4.0,Medium
R01555,C008,2026-02-01,5,4,1,3.9,Medium
R01555,C008,2026-03-01,4,3,1,4.1,Medium
R01555,C008,2026-04-01,4,3,2,3.7,Medium
R01555,C008,2026-05-01,5,4,1,4.3,Medium
R01555,C008,2026-06-01,4,5,2,3.7,Medium
R01556,C008,2026-01-01,2,1,1,3.2,Low
R01556,C008,2026-02-01,1,2,0,3.0,Low
R01556,C008,2026-03-01,1,0,2,3.3,Low
R01556,C008,2026-04-01,2,2,0,3.1,Low
R01556,C008,2026-05-01,2,0,0,3.6,Low
R01556,C008,2026-06-01,1,1,2,3.1,Low
R01557,C008,2026-01-01,4,5,1,4.3,Medium
R01557,C008,2026-02-01,3,3,0,2.8,Low
R01557,C008,2026-03-01,3,3,0,3.3,Low
R01557,C008,2026-04-01,4,3,1,3.7,Medium
R01557,C008,2026-05-01,5,5,1,4.4,Medium
R01557,C008,2026-06-01,4,1,1,2.8,Medium
R01558,C008,2026-01-01,6,5,1,3.9,Medium
R01558,C008,2026-02-01,8,4,1,3.9,High
R01558,C008,2026-03-01,7,4,2,4.3,High
R01558,C008,2026-04-01,10,3,0,4.9,High
R01558,C008,2026-05-01,7,3,5,4.7,High
R01558,C008,2026-06-01,7,5,0,3.9,High
R01559,C008,2026-01-01,2,0,1,3.7,Low
R01559,C008,2026-02-01,4,3,1,4.5,Medium
R01559,C008,2026-03-01,2,1,1,3.1,Low
R01559,C008,2026-04-01,3,2,2,3.9,Low
R01559,C008,2026-05-01,2,0,1,3.2,Low
R01559,C008,2026-06-01,2,1,3,4.5,Low
R01560,C008,2026-01-01,2,2,0,4.4,Low
R01560,C008,2026-02-01,1,1,0,3.0,Low
R01560,C008,2026-03-01,2,3,0,3.5,Low
R01560,C008,2026-04-01,0,1,0,2.7,Low
R01560,C008,2026-05-01,3,3,0,3.5,Low
R01560,C008,2026-06-01,3,2,0,3.5,Low
R01561,C008,2026-01-01,6,5,1,4.0,Medium
R01561,C008,2026-02-01,7,4,3,4.6,High
R01561,C008,2026-03-01,8,4,4,4.0,High
R01561,C008,2026-04-01,6,3,1,3.6,Medium
R01561,C008,2026-05-01,7,3,0,4.1,High
R01561,C008,2026-06-01,6,3,1,4.2,Medium
R01562,C008,2026-01-01,6,2,0,4.3,Medium
R01562,C008,2026-02-01,6,3,1,4.3,Medium
R01562,C008,2026-03-01,8,2,1,4.3,High
R01562,C008,2026-04-01,7,4,0,4.7,High
R01562,C008,2026-05-01,8,4,0,5.0,High
R01562,C008,2026-06-01,8,2,1,4.2,High
R01563,C008,2026-01-01,4,3,0,3.3,Medium
R01563,C008,2026-02-01,6,3,1,4.8,Medium
R01563,C008,2026-03-01,6,3,4,4.2,Medium
R01563,C008,2026-04-01,4,2,0,2.9,Medium
R01563,C008,2026-05-01,4,3,0,4.9,Medium
R01563,C008,2026-06-01,5,3,2,4.7,Medium
R01564,C008,2026-01-01,4,4,0,4.0,Medium
R01564,C008,2026-02-01,4,4,5,3.6,Medium
R01564,C008,2026-03-01,5,2,0,4.5,Medium
R01564,C008,2026-04-01,4,5,2,4.4,Medium
R01564,C008,2026-05-01,4,2,0,4.2,Medium
R01564,C008,2026-06-01,5,4,0,4.2,Medium
R01565,C008,2026-01-01,0,0,0,3.5,Low
R01565,C008,2026-02-01,0,0,1,2.7,Low
R01565,C008,2026-03-01,3,4,1,3.2,Low
R01565,C008,2026-04-01,0,2,0,2.8,Low
R01565,C008,2026-05-01,1,2,0,3.7,Low
R01565,C008,2026-06-01,0,2,2,3.1,Low
R01566,C008,2026-01-01,4,5,1,4.4,Medium
R01566,C008,2026-02-01,6,3,0,4.3,Medium
R01566,C008,2026-03-01,5,4,0,3.3,Medium
R01566,C008,2026-04-01,5,3,0,3.3,Medium
R01566,C008,2026-05-01,6,2,0,4.4,Medium
R01566,C008,2026-06-01,5,2,3,4.0,Medium
R01567,C008,2026-01-01,2,1,1,3.8,Low
R01567,C008,2026-02-01,0,0,1,3.6,Low
R01567,C008,2026-03-01,0,0,1,3.3,Low
R01567,C008,2026-04-01,3,3,0,4.1,Low
R01567,C008,2026-05-01,4,3,1,4.1,Medium
R01567,C008,2026-06-01,1,0,1,3.6,Low
R01568,C008,2026-01-01,4,4,1,3.9,Medium
R01568,C008,2026-02-01,6,2,2,3.4,Medium
R01568,C008,2026-03-01,4,5,2,3.6,Medium
R01568,C008,2026-04-01,4,4,1,3.5,Medium
R01568,C008,2026-05-01,4,2,0,3.5,Medium
R01568,C008,2026-06-01,4,3,1,4.3,Medium
R01569,C008,2026-01-01,8,3,0,4.7,High
R01569,C008,2026-02-01,9,5,0,5.0,High
R01569,C008,2026-03-01,8,5,2,4.6,High
R01569,C008,2026-04-01,8,4,0,5.0,High
R01569,C008,2026-05-01,9,4,0,5.0,High
R01569,C008,2026-06-01,7,5,0,5.0,High
R01570,C008,2026-01-01,5,4,0,5.0,Medium
R01570,C008,2026-02-01,2,1,2,3.0,Low
R01570,C008,2026-03-01,4,5,5,3.7,Medium
R01570,C008,2026-04-01,3,3,3,3.7,Low
R01570,C008,2026-05-01,4,4,0,3.4,Medium
R01570,C008,2026-06-01,5,3,0,3.8,Medium
R01571,C008,2026-01-01,5,3,2,4.2,Medium
R01571,C008,2026-02-01,5,3,2,3.9,Medium
R01571,C008,2026-03-01,6,3,3,4.6,Medium
R01571,C008,2026-04-01,7,2,1,5.0,High
R01571,C008,2026-05-01,3,4,1,3.5,Low
R01571,C008,2026-06-01,6,2,4,4.2,Medium
R01572,C008,2026-01-01,9,4,1,4.7,High
R01572,C008,2026-02-01,9,3,2,5.0,High
R01572,C008,2026-03-01,9,3,1,4.8,High
R01572,C008,2026-04-01,11,2,3,4.9,High
R01572,C008,2026-05-01,10,2,0,4.7,High
R01572,C008,2026-06-01,10,4,0,4.3,High
R01573,C008,2026-01-01,1,1,2,2.6,Low
R01573,C008,2026-02-01,2,2,2,3.5,Low
R01573,C008,2026-03-01,1,1,4,2.6,Low
R01573,C008,2026-04-01,2,1,4,3.3,Low
R01573,C008,2026-05-01,2,3,0,4.2,Low
R01573,C008,2026-06-01,2,2,0,3.3,Low
R01574,C008,2026-01-01,2,3,0,3.9,Low
R01574,C008,2026-02-01,3,2,0,3.3,Low
R01574,C008,2026-03-01,4,3,2,4.8,Medium
R01574,C008,2026-04-01,3,3,0,4.2,Low
R01574,C008,2026-05-01,4,5,1,3.7,Medium
R01574,C008,2026-06-01,4,5,1,3.8,Medium
R01575,C008,2026-01-01,8,4,1,3.7,High
R01575,C008,2026-02-01,9,3,0,5.0,High
R01575,C008,2026-03-01,8,4,0,5.0,High
R01575,C008,2026-04-01,8,4,0,4.6,High
R01575,C008,2026-05-01,8,5,2,5.0,High
R01575,C008,2026-06-01,8,4,1,4.3,High
R01576,C008,2026-01-01,3,2,0,3.6,Low
R01576,C008,2026-02-01,3,4,1,3.1,Low
R01576,C008,2026-03-01,3,3,0,3.4,Low
R01576,C008,2026-04-01,2,2,0,3.2,Low
R01576,C008,2026-05-01,1,1,1,3.9,Low
R01576,C008,2026-06-01,2,2,1,2.4,Low
R01577,C008,2026-01-01,7,4,1,4.3,High
R01577,C008,2026-02-01,7,5,2,4.6,High
R01577,C008,2026-03-01,8,4,1,4.2,High
R01577,C008,2026-04-01,5,2,0,5.0,Medium
R01577,C008,2026-05-01,5,3,1,4.8,Medium
R01577,C008,2026-06-01,6,4,1,4.6,Medium
R01578,C008,2026-01-01,3,3,1,4.0,Low
R01578,C008,2026-02-01,4,4,0,3.8,Medium
R01578,C008,2026-03-01,4,4,0,2.7,Medium
R01578,C008,2026-04-01,4,3,4,2.9,Medium
R01578,C008,2026-05-01,3,2,0,4.2,Low
R01578,C008,2026-06-01,5,5,0,4.1,Medium
R01579,C008,2026-01-01,1,1,3,3.6,Low
R01579,C008,2026-02-01,1,0,1,3.4,Low
R01579,C008,2026-03-01,2,1,1,3.8,Low
R01579,C008,2026-04-01,1,1,1,3.7,Low
R01579,C008,2026-05-01,3,3,0,3.7,Low
R01579,C008,2026-06-01,0,0,0,3.2,Low
R01580,C008,2026-01-01,4,3,1,3.5,Medium
R01580,C008,2026-02-01,4,2,1,3.6,Medium
R01580,C008,2026-03-01,4,4,3,4.7,Medium
R01580,C008,2026-04-01,3,1,2,3.5,Low
R01580,C008,2026-05-01,5,3,1,4.6,Medium
R01580,C008,2026-06-01,6,3,1,3.2,Medium
R01581,C008,2026-01-01,0,0,3,3.6,Low
R01581,C008,2026-02-01,2,2,2,3.5,Low
R01581,C008,2026-03-01,1,0,2,3.9,Low
R01581,C008,2026-04-01,1,1,1,2.6,Low
R01581,C008,2026-05-01,1,1,1,3.0,Low
R01581,C008,2026-06-01,0,0,2,3.5,Low
R01582,C008,2026-01-01,1,0,2,2.3,Low
R01582,C008,2026-02-01,1,0,2,2.9,Low
R01582,C008,2026-03-01,3,1,1,4.2,Low
R01582,C008,2026-04-01,1,2,0,3.4,Low
R01582,C008,2026-05-01,1,1,1,3.4,Low
R01582,C008,2026-06-01,1,0,1,4.2,Low
R01583,C008,2026-01-01,3,2,0,3.8,Low
R01583,C008,2026-02-01,4,5,0,3.8,Medium
R01583,C008,2026-03-01,3,2,0,3.8,Low
R01583,C008,2026-04-01,4,2,2,2.2,Medium
R01583,C008,2026-05-01,5,3,0,4.0,Medium
R01583,C008,2026-06-01,4,4,0,4.0,Medium
R01584,C008,2026-01-01,7,4,0,4.4,High
R01584,C008,2026-02-01,5,2,4,4.2,Medium
R01584,C008,2026-03-01,7,5,0,4.6,High
R01584,C008,2026-04-01,6,5,2,4.0,Medium
R01584,C008,2026-05-01,5,2,0,4.0,Medium
R01584,C008,2026-06-01,5,2,1,3.9,Medium
R01585,C008,2026-01-01,2,1,3,3.2,Low
R01585,C008,2026-02-01,2,2,0,3.1,Low
R01585,C008,2026-03-01,1,0,0,3.5,Low
R01585,C008,2026-04-01,2,2,2,2.4,Low
R01585,C008,2026-05-01,2,2,1,3.9,Low
R01585,C008,2026-06-01,1,0,2,4.6,Low
R01586,C008,2026-01-01,6,4,0,2.9,Medium
R01586,C008,2026-02-01,5,3,2,4.3,Medium
R01586,C008,2026-03-01,6,3,1,4.1,Medium
R01586,C008,2026-04-01,7,3,0,3.9,High
R01586,C008,2026-05-01,6,3,2,4.1,Medium
R01586,C008,2026-06-01,5,5,2,3.5,Medium
R01587,C008,2026-01-01,2,1,0,3.8,Low
R01587,C008,2026-02-01,2,2,2,3.8,Low
R01587,C008,2026-03-01,3,3,0,3.8,Low
R01587,C008,2026-04-01,1,0,4,3.1,Low
R01587,C008,2026-05-01,3,1,0,3.6,Low
R01587,C008,2026-06-01,3,2,0,4.2,Low
R01588,C008,2026-01-01,2,1,1,2.7,Low
R01588,C008,2026-02-01,3,3,2,3.8,Low
R01588,C008,2026-03-01,2,0,0,2.7,Low
R01588,C008,2026-04-01,1,2,0,3.9,Low
R01588,C008,2026-05-01,5,5,2,4.4,Medium
R01588,C008,2026-06-01,3,4,1,3.7,Low
R01589,C008,2026-01-01,0,0,1,3.6,Low
R01589,C008,2026-02-01,2,0,2,3.6,Low
R01589,C008,2026-03-01,0,0,3,2.5,Low
R01589,C008,2026-04-01,0,1,1,2.4,Low
R01589,C008,2026-05-01,0,0,1,3.0,Low
R01589,C008,2026-06-01,0,1,0,3.3,Low
R01590,C008,2026-01-01,0,0,4,3.1,Low
R01590,C008,2026-02-01,1,2,3,3.6,Low
R01590,C008,2026-03-01,1,0,1,2.5,Low
R01590,C008,2026-04-01,1,1,2,3.1,Low
R01590,C008,2026-05-01,1,0,1,3.2,Low
R01590,C008,2026-06-01,2,2,0,3.9,Low
R01591,C008,2026-01-01,2,2,0,3.4,Low
R01591,C008,2026-02-01,2,2,0,4.1,Low
R01591,C008,2026-03-01,2,3,0,3.9,Low
R01591,C008,2026-04-01,2,1,0,3.9,Low
R01591,C008,2026-05-01,3,2,2,3.6,Low
R01591,C008,2026-06-01,3,2,2,4.5,Low
R01592,C008,2026-01-01,5,5,1,5.0,Medium
R01592,C008,2026-02-01,8,4,1,5.0,High
R01592,C008,2026-03-01,7,3,2,4.0,High
R01592,C008,2026-04-01,8,3,3,3.7,High
R01592,C008,2026-05-01,8,3,2,4.0,High
R01592,C008,2026-06-01,10,3,1,4.3,High
R01593,C008,2026-01-01,2,2,1,3.7,Low
R01593,C008,2026-02-01,4,4,1,4.1,Medium
R01593,C008,2026-03-01,4,4,0,4.1,Medium
R01593,C008,2026-04-01,4,4,2,3.9,Medium
R01593,C008,2026-05-01,3,2,1,4.7,Low
R01593,C008,2026-06-01,5,2,2,3.8,Medium
R01594,C008,2026-01-01,2,0,1,2.5,Low
R01594,C008,2026-02-01,2,3,4,2.8,Low
R01594,C008,2026-03-01,5,2,2,3.6,Medium
R01594,C008,2026-04-01,3,3,1,4.3,Low
R01594,C008,2026-05-01,4,5,3,3.5,Medium
R01594,C008,2026-06-01,3,5,1,3.6,Low
R01595,C008,2026-01-01,1,0,1,4.1,Low
R01595,C008,2026-02-01,0,0,1,3.0,Low
R01595,C008,2026-03-01,3,3,1,3.5,Low
R01595,C008,2026-04-01,2,4,0,3.6,Low
R01595,C008,2026-05-01,3,4,2,4.6,Low
R01595,C008,2026-06-01,1,0,1,3.4,Low
R01596,C008,2026-01-01,1,2,2,3.2,Low
R01596,C008,2026-02-01,3,3,2,3.3,Low
R01596,C008,2026-03-01,2,1,3,3.4,Low
R01596,C008,2026-04-01,3,2,1,5.0,Low
R01596,C008,2026-05-01,3,0,0,3.2,Low
R01596,C008,2026-06-01,3,2,1,2.7,Low
R01597,C008,2026-01-01,0,0,0,3.4,Low
R01597,C008,2026-02-01,2,1,3,2.7,Low
R01597,C008,2026-03-01,0,0,0,3.6,Low
R01597,C008,2026-04-01,2,2,1,2.4,Low
R01597,C008,2026-05-01,0,0,0,2.4,Low
R01597,C008,2026-06-01,2,2,4,2.8,Low
R01598,C008,2026-01-01,2,1,1,3.3,Low
R01598,C008,2026-02-01,2,0,2,3.1,Low
R01598,C008,2026-03-01,1,1,2,2.9,Low
R01598,C008,2026-04-01,1,2,2,1.9,Low
R01598,C008,2026-05-01,1,0,1,2.2,Low
R01598,C008,2026-06-01,1,0,1,4.0,Low
R01599,C008,2026-01-01,3,4,2,4.0,Low
R01599,C008,2026-02-01,4,3,0,2.9,Medium
R01599,C008,2026-03-01,2,0,1,3.7,Low
R01599,C008,2026-04-01,2,2,0,4.1,Low
R01599,C008,2026-05-01,2,1,2,3.9,Low
R01599,C008,2026-06-01,4,5,0,3.3,Medium
R01600,C008,2026-01-01,5,3,0,3.7,Medium
R01600,C008,2026-02-01,4,3,1,3.7,Medium
R01600,C008,2026-03-01,4,5,1,4.4,Medium
R01600,C008,2026-04-01,5,5,0,4.5,Medium
R01600,C008,2026-05-01,8,4,0,3.8,High
R01600,C008,2026-06-01,7,2,2,4.2,High
R01601,C008,2026-01-01,7,3,1,4.7,High
R01601,C008,2026-02-01,6,3,0,5.0,Medium
R01601,C008,2026-03-01,5,2,1,4.3,Medium
R01601,C008,2026-04-01,6,1,0,4.3,Medium
R01601,C008,2026-05-01,5,3,2,3.9,Medium
R01601,C008,2026-06-01,5,4,0,4.5,Medium
R01602,C008,2026-01-01,5,3,2,4.1,Medium
R01602,C008,2026-02-01,4,3,0,4.6,Medium
R01602,C008,2026-03-01,4,4,0,4.1,Medium
R01602,C008,2026-04-01,3,2,2,3.5,Low
R01602,C008,2026-05-01,3,2,2,4.0,Low
R01602,C008,2026-06-01,1,1,5,1.8,Low
